,id,longitude,latitude,time,dewpoint_temperature_2m,temperature_2m,skin_temperature,soil_temperature_level_1,soil_temperature_level_2,soil_temperature_level_3,soil_temperature_level_4,lake_bottom_temperature,lake_ice_depth,lake_ice_temperature,lake_mix_layer_depth,lake_mix_layer_temperature,lake_shape_factor,lake_total_layer_temperature,snow_albedo,snow_cover,snow_density,snow_depth,snow_depth_water_equivalent,snowfall_sum,snowmelt_sum,temperature_of_snow_layer,skin_reservoir_content,volumetric_soil_water_layer_1,volumetric_soil_water_layer_2,volumetric_soil_water_layer_3,volumetric_soil_water_layer_4,forecast_albedo,surface_latent_heat_flux_sum,surface_net_solar_radiation_sum,surface_net_thermal_radiation_sum,surface_sensible_heat_flux_sum,surface_solar_radiation_downwards_sum,surface_thermal_radiation_downwards_sum,evaporation_from_bare_soil_sum,evaporation_from_open_water_surfaces_excluding_oceans_sum,evaporation_from_the_top_of_canopy_sum,evaporation_from_vegetation_transpiration_sum,potential_evaporation_sum,runoff_sum,snow_evaporation_sum,sub_surface_runoff_sum,surface_runoff_sum,total_evaporation_sum,u_component_of_wind_10m,v_component_of_wind_10m,surface_pressure,total_precipitation_sum,leaf_area_index_high_vegetation,leaf_area_index_low_vegetation,dewpoint_temperature_2m_min,dewpoint_temperature_2m_max,temperature_2m_min,temperature_2m_max,skin_temperature_min,skin_temperature_max,soil_temperature_level_1_min,soil_temperature_level_1_max,soil_temperature_level_2_min,soil_temperature_level_2_max,soil_temperature_level_3_min,soil_temperature_level_3_max,soil_temperature_level_4_min,soil_temperature_level_4_max,lake_bottom_temperature_min,lake_bottom_temperature_max,lake_ice_depth_min,lake_ice_depth_max,lake_ice_temperature_min,lake_ice_temperature_max,lake_mix_layer_depth_min,lake_mix_layer_depth_max,lake_mix_layer_temperature_min,lake_mix_layer_temperature_max,lake_shape_factor_min,lake_shape_factor_max,lake_total_layer_temperature_min,lake_total_layer_temperature_max,snow_albedo_min,snow_albedo_max,snow_cover_min,snow_cover_max,snow_density_min,snow_density_max,snow_depth_min,snow_depth_max,snow_depth_water_equivalent_min,snow_depth_water_equivalent_max,snowfall_min,snowfall_max,snowmelt_min,snowmelt_max,temperature_of_snow_layer_min,temperature_of_snow_layer_max,skin_reservoir_content_min,skin_reservoir_content_max,volumetric_soil_water_layer_1_min,volumetric_soil_water_layer_1_max,volumetric_soil_water_layer_2_min,volumetric_soil_water_layer_2_max,volumetric_soil_water_layer_3_min,volumetric_soil_water_layer_3_max,volumetric_soil_water_layer_4_min,volumetric_soil_water_layer_4_max,forecast_albedo_min,forecast_albedo_max,surface_latent_heat_flux_min,surface_latent_heat_flux_max,surface_net_solar_radiation_min,surface_net_solar_radiation_max,surface_net_thermal_radiation_min,surface_net_thermal_radiation_max,surface_sensible_heat_flux_min,surface_sensible_heat_flux_max,surface_solar_radiation_downwards_min,surface_solar_radiation_downwards_max,surface_thermal_radiation_downwards_min,surface_thermal_radiation_downwards_max,evaporation_from_bare_soil_min,evaporation_from_bare_soil_max,evaporation_from_open_water_surfaces_excluding_oceans_min,evaporation_from_open_water_surfaces_excluding_oceans_max,evaporation_from_the_top_of_canopy_min,evaporation_from_the_top_of_canopy_max,evaporation_from_vegetation_transpiration_min,evaporation_from_vegetation_transpiration_max,potential_evaporation_min,potential_evaporation_max,runoff_min,runoff_max,snow_evaporation_min,snow_evaporation_max,sub_surface_runoff_min,sub_surface_runoff_max,surface_runoff_min,surface_runoff_max,total_evaporation_min,total_evaporation_max,u_component_of_wind_10m_min,u_component_of_wind_10m_max,v_component_of_wind_10m_min,v_component_of_wind_10m_max,surface_pressure_min,surface_pressure_max,total_precipitation_min,total_precipitation_max,leaf_area_index_high_vegetation_min,leaf_area_index_high_vegetation_max,leaf_area_index_low_vegetation_min,leaf_area_index_low_vegetation_max
0,20200101,36.01795131677221,0.4446660656391631,1577836800000,288.4216245015462,295.2864246368408,295.633695602417,296.3018678029378,296.50265312194824,296.82202466328937,297.3113333384196,296.1996256510417,-3.070777536361485e-18,273.14984130859375,6.304036458333331,296.2292073567708,0.6496975421905518,296.220458984375,0.8800005316734314,0,99.99998474121094,-7.3453647229951e-24,-7.345364920210326e-25,0,0,273.1599547068278,1.554936170578e-05,0.23256301879882812,0.2713127136230469,0.3078314463297526,0.2858022054036458,0.13686323383202156,-9576304,19877220,-8033032,-2614604,23028640,29265762,-0.001994924619793892,-0.0017441892996430397,-8.405651897192001e-05,-6.123445928096771e-06,-0.006570257246494293,0.00037582218647003174,2.3283064365386963e-10,0.00037463754415512085,1.1920928955078125e-06,-0.003829294815659523,0.04794673124949137,0.5848687489827474,89010.33512369792,0.00014884769910850082,2.383544921875,1.4278564453125,287.4158020019531,290.1187744140625,289.4080810546875,301.3706817626953,286.23838806152344,307.0592956542969,290.40228271484375,303.2878723144531,294.8314208984375,298.0203857421875,296.7828826904297,296.8616180419922,297.3061828613281,297.3173522949219,295.513916015625,296.841064453125,-5.800482449978061e-18,-7.86046626750779e-19,273.14825439453125,273.15069580078125,4.447265624999993,8.577148437499993,295.513916015625,296.906494140625,0.6490477919578552,0.6502379775047302,295.513916015625,296.882080078125,0.8800005316734314,0.8800005316734314,0,0,99.99998474121094,99.99998474121094,-7.3453647229951e-24,-7.3453647229951e-24,-7.345364920210326e-25,-7.345364920210326e-25,0,0,0,0,273.1592102050781,273.1605987548828,5.9604644775357233e-08,5.811452865600582e-05,0.2218017578125,0.245330810546875,0.268463134765625,0.27435302734375,0.306884765625,0.3088836669921875,0.2857666015625,0.28582763671875,0.13682378455996513,0.13686494901776314,-1236443,11290.0,0,2533162,-499689,-215874.0,-475882,151812,0,2934656,1117018.1875,1326387.0,-0.00026676245033741,0.0,-0.00022513186559081078,0.0,-3.3498043194413185e-05,4.8908405005931854e-06,-4.461035132408142e-07,-5.587935447692871e-09,-0.0008318573236465454,4.5280903577804565e-06,1.55717134475708e-05,1.6063451766967773e-05,-2.3283064365386963e-10,2.3283064365386963e-10,1.5564262866973877e-05,1.5653669834136963e-05,-7.450580596923828e-09,4.172325134277344e-07,-0.0004944191314280033,4.514819011092186e-06,-1.1363048553466797,1.8542022705078125,-1.501251220703125,1.7928009033203125,88734.7109375,89249.78125,0.0,5.173683166503906e-05,2.383544921875,2.383544921875,1.4278564453125,1.4278564453125
1,20200102,36.01795131677221,0.4446660656391631,1577923200000,288.7485154469808,295.18856493632,295.4194049835205,296.0429941813151,296.2382411956787,296.7789128621419,297.3001530965169,295.99550374348956,-2.0849017029046996e-18,273.1500549316406,6.057902018229164,296.0248209635417,0.6497325301170349,296.01446533203125,0.8800005316734314,0,99.99998474121094,-7.3453647229951e-24,-7.345364920210326e-25,0,0,273.1600456237793,2.3453185955683358e-05,0.2177130381266276,0.26544189453125,0.30583445231119794,0.2858282725016276,0.13690439828981957,-8027740,17645340,-7179448,-2546368,20443680,29976783,-0.0017286986112594604,-0.0014226590283215046,-5.387607961893082e-05,-4.8335641622543335e-06,-0.005603425204753876,0.0003753751516342163,0.0,0.0003726184368133545,2.771615982055664e-06,-0.0032100677490234375,-0.006589412689208984,0.5395469665527344,89084.5546875,0.0003661036490143488,2.383544921875,1.4278564453125,286.3241424560547,291.8229522705078,288.5215148925781,300.74900817871094,285.7003936767578,306.8363494873047,289.81407165527344,302.81935119628906,294.53594970703125,297.6587677001953,296.74156188964844,296.8399353027344,297.2942657470703,297.3061828613281,295.282470703125,296.537353515625,-5.0957510378624834e-18,-1.3044312557595054e-19,273.1490783691406,273.151123046875,4.018554687499993,8.577148437499993,295.282470703125,296.599853515625,0.6490477919578552,0.650474488735199,295.282470703125,296.574462890625,0.8800005316734314,0.8800005316734314,0,0,99.99998474121094,99.99998474121094,-7.3453647229951e-24,-7.3453647229951e-24,-7.345364920210326e-25,-7.345364920210326e-25,0,0,0,0,273.15911865234375,273.1606750488281,1.102685928344679e-06,6.037950515747068e-05,0.20965576171875,0.2266082763671875,0.2628631591796875,0.2683563232421875,0.304931640625,0.306854248046875,0.285797119140625,0.285858154296875,0.13686494901776314,0.13690611347556114,-1133700,6446.0,0,2329696,-445880,-205157.0,-459222,69124,0,2699078,1126922.8125,1352568.0,-0.0002501048147678375,0.0,-0.00020162947475910187,-4.6566128730773926e-09,-2.5865156203508377e-05,2.905726432800293e-06,-4.470348358154297e-07,-7.450580596923828e-09,-0.0007697045803070068,2.5704503059387207e-06,1.5467405319213867e-05,1.6570091247558594e-05,0.0,0.0,1.5482306480407715e-05,1.55717134475708e-05,0.0,1.0728836059570312e-06,-0.0004533352330327034,2.5779008865356445e-06,-1.1430578231811523,1.0452632904052734,-1.52069091796875,1.6104888916015625,88820.7578125,89264.7890625,-5.960487214906607e-09,0.00014337897300720215,2.383544921875,2.383544921875,1.4278564453125,1.4278564453125
2,20200103,36.01795131677221,0.4446660656391631,1578009600000,289.36235364278156,296.09683163960773,296.192818959554,296.57500012715656,296.4422130584717,296.7400194803874,297.2881552378337,296.1708577473958,-2.0599140241655446e-18,273.15008544921875,5.960611979166664,296.2042236328125,0.6497474908828735,296.192626953125,0.8800005316734314,0,99.99998474121094,-7.3453647229951e-24,-7.345364920210326e-25,0,0,273.1599038441976,3.434220949808755e-05,0.20705223083496094,0.25998497009277344,0.30385589599609375,0.2858409881591797,0.1369455591775477,-8232108,17961962,-6648206,-2884820,20811396,30903007,-0.0017446968704462051,-0.001431148499250412,-0.00011238176375627518,-3.5641714930534363e-06,-0.005774155259132385,0.0003726482391357422,4.656612873077393e-10,0.0003704354166984558,2.205371856689453e-06,-0.0032917913049459457,0.18390361467997232,0.4185670216878255,89159.91634114583,0.00029582381239379174,2.383544921875,1.4278564453125,287.51976013183594,291.6590270996094,289.1139373779297,301.26939392089844,287.18397521972656,308.09315490722656,290.8221893310547,303.969970703125,294.754638671875,297.91542053222656,296.6998291015625,296.7816925048828,297.2812194824219,297.2954406738281,295.434814453125,296.720947265625,-5.746272341353786e-18,-1.8465323420022576e-19,273.1492614746094,273.1513977050781,4.013671874999993,8.577148437499993,295.434814453125,296.788330078125,0.6490477919578552,0.650596559047699,295.434814453125,296.760986328125,0.8800005316734314,0.8800005316734314,0,0,99.99998474121094,99.99998474121094,-7.3453647229951e-24,-7.3453647229951e-24,-7.345364920210326e-25,-7.345364920210326e-25,0,0,0,0,273.1585235595703,273.16123962402344,7.152557373046784e-07,7.051229476928707e-05,0.199066162109375,0.2162017822265625,0.25750732421875,0.2627716064453125,0.3029327392578125,0.304901123046875,0.285797119140625,0.2858734130859375,0.13690611347556114,0.13694727420806885,-1200370,5750.0,0,2572372,-480696,-134930.75,-519526,89884,0,2980418,1189074.6875,1376972.0,-0.0002669915556907654,0.0,-0.0002092975191771984,0.0,-4.537566564977169e-05,2.6455381885170937e-06,-3.561144694685936e-07,-4.6566128730773926e-09,-0.0008237510919570923,2.2994354367256165e-06,1.537799835205078e-05,1.6100704669952393e-05,-1.4551915228366852e-11,4.656612873077393e-10,1.5385448932647705e-05,1.5482306480407715e-05,0.0,7.078051567077637e-07,-0.0004799948073923588,2.2992026060819626e-06,-0.8600616455078125,1.11944580078125,-1.04888916015625,1.7207183837890625,88848.421875,89436.9921875,0.0,9.621679782867432e-05,2.383544921875,2.383544921875,1.4278564453125,1.4278564453125
3,20200104,36.01795131677221,0.4446660656391631,1578096000000,287.9123643239339,296.90015347798663,296.8828633626302,297.21129608154297,296.92086601257324,296.7619857788086,297.2763907114665,295.95701090494794,-1.0895671625409468e-18,273.14996337890625,5.3762207031249964,296.6582845052083,0.6507335901260376,296.5773010253906,0.8800005316734314,0,99.99998474121094,-7.3453647229951e-24,-7.345364920210326e-25,0,0,273.15985679626465,1.5822549661000548e-05,0.19438489278157553,0.2544504801432292,0.30173365275065106,0.28582191467285156,0.13700134648631015,-9550904,20612996,-7598870,-3299148,23885276,30309214,-0.00202432693913579,-0.0016696625389158726,-0.00012016762048006058,-4.981644451618195e-06,-0.007103964686393738,0.00036978721618652344,6.984919309616089e-10,0.0003678947687149048,1.9073486328125e-06,-0.003819139674305916,-0.12747228145599365,0.23350759347279867,89033.92887369792,0.0002666568443601136,2.383544921875,1.4278564453125,286.3842010498047,289.3783264160156,290.15956115722656,302.8316650390625,287.66590881347656,310.1573944091797,291.09112548828125,305.4067687988281,295.1248474121094,298.5105438232422,296.7129821777344,296.8262176513672,297.2707824707031,297.2822723388672,295.778564453125,296.273193359375,-2.9273466928914745e-18,-1.4230158683751074e-19,273.14947509765625,273.150634765625,3.901367187499993,8.511718749999993,295.785400390625,297.412353515625,0.649284303188324,0.6532973647117615,295.785400390625,297.190185546875,0.8800005316734314,0.8800005316734314,0,0,99.99998474121094,99.99998474121094,-7.3453647229951e-24,-7.3453647229951e-24,-7.345364920210326e-25,-7.345364920210326e-25,0,0,0,0,273.158203125,273.1613464355469,-6.8521677389938e-20,5.334615707397459e-05,0.1852569580078125,0.205078125,0.2518157958984375,0.257415771484375,0.30072021484375,0.302886962890625,0.2857818603515625,0.2858734130859375,0.13694727420806885,0.13700369745492935,-1422266,5983.5,0,2935760,-525816,-177926.75,-665204,124480,0,3401810,1177538.5,1365426.0,-0.00030312174931168556,0.0,-0.00024567777290940285,-1.8044374883174896e-08,-5.3336843848228455e-05,2.7360511012375355e-06,-3.7997961044311523e-07,-4.6566128730773926e-09,-0.0010429397225379944,2.391636371612549e-06,1.5273690223693848e-05,1.659989356994629e-05,0.0,4.656612873077393e-10,1.5266239643096924e-05,1.539289951324463e-05,0.0,1.2367963790893555e-06,-0.000568724237382412,2.3925676941871643e-06,-0.9874505996704102,0.797698974609375,-1.9413986206054688,1.7376251220703125,88754.453125,89278.00390625,0.0,0.00017360597848892212,2.383544921875,2.383544921875,1.4278564453125,1.4278564453125
4,20200105,36.01795131677221,0.4446660656391631,1578182400000,287.0192642211914,296.39451281229657,296.84221267700195,297.21765581766766,297.04975509643555,296.8240617116292,297.2659257253011,296.5196533203125,-1.0718500911934032e-18,273.1499938964844,5.744059244791663,296.5712890625,0.6514891982078552,296.55572509765625,0.8800005316734314,0,99.99998474121094,-7.3453647229951e-24,-7.345364920210326e-25,0,0,273.1601206461589,9.8720192909238e-07,0.1797046661376953,0.24881490071614584,0.2995141347249349,0.28577613830566406,0.13704314672698578,-9052528,19482242,-7537936,-2769200,22576140,30323901,-0.002009185031056404,-0.0015937997959554195,-9.453855454921722e-06,-7.413327693939209e-06,-0.007098779082298279,0.00036528706550598145,-2.3283064365386963e-10,0.0003650486469268799,2.5331974029541016e-07,-0.0036198515444993973,-0.09358771642049153,0.5020173390706381,88939.2001953125,2.869304029218256e-05,2.383544921875,1.4278564453125,285.6929016113281,289.0844421386719,289.89585876464844,302.9567413330078,287.1929168701172,310.41355895996094,290.8101043701172,305.6479034423828,295.31642150878906,298.5824890136719,296.7769470214844,296.8887939453125,297.26097106933594,297.271484375,295.873291015625,297.132568359375,-3.0086618558278874e-18,-8.470334642421832e-20,273.149169921875,273.15087890625,4.444335937499993,7.925781249999993,295.887939453125,297.220947265625,0.6509551405906677,0.6520232558250427,295.886962890625,297.187744140625,0.8800005316734314,0.8800005316734314,0,0,99.99998474121094,99.99998474121094,-7.3453647229951e-24,-7.3453647229951e-24,-7.345364920210326e-25,-7.345364920210326e-25,0,0,0,0,273.1594696044922,273.1608123779297,-4.770490179321679e-20,4.202127456665027e-06,0.1707305908203125,0.1906280517578125,0.2462005615234375,0.2517242431640625,0.2984771728515625,0.3006744384765625,0.285736083984375,0.28582763671875,0.13700369745492935,0.13704486191272736,-1423289,-881.5,0,3063716,-552110,-122785.5,-619152,140852,0,3550154,1177113.3125,1354972.0,-0.000325868371874094,-3.899913281202316e-08,-0.0002429434098303318,-5.523324944078922e-07,-3.802124410867691e-06,6.922637112438679e-07,-5.476176738739014e-07,-9.778887033462524e-09,-0.001048758625984192,-4.7497451305389404e-07,1.5139579772949219e-05,1.5333294868469238e-05,-2.3283064365386963e-10,2.3283064365386963e-10,1.5147030353546143e-05,1.5273690223693848e-05,0.0,1.1920928955078125e-07,-0.0005691326223313808,-3.525055944919586e-07,-1.1571216583251953,1.5552177429199219,-1.641693115234375,1.8917236328125,88607.2890625,89222.54296875,-1.3160899925424019e-08,1.259148120880127e-05,2.383544921875,2.383544921875,1.4278564453125,1.4278564453125
5,20200106,36.01795131677221,0.4446660656391631,1578268800000,287.3195915222168,297.01748847961426,297.76457087198895,297.9398708343506,297.36944007873535,296.89900398254395,297.2571023305257,296.0992431640625,-1.6366094121727845e-18,273.14996337890625,6.745930989583331,296.3537190755208,0.6501524448394775,296.3233337402344,0.8800005316734314,0,99.99998474121094,-7.3453647229951e-24,-7.345364920210326e-25,0,0,273.1601098378499,3.052254517873125e-05,0.1692479451497396,0.243377685546875,0.2972730000813802,0.2857157389322917,0.13708431118478379,-8566656,20015042,-7483124,-3479368,23194548,30849373,-0.0018713772296905518,-0.0013772258535027504,-0.0001706872135400772,-6.274320185184479e-06,-0.007356122136116028,0.00036863982677459717,4.656612873077393e-10,0.00036200135946273804,6.616115570068359e-06,-0.003425566479563713,-0.10320913791656494,0.07881991068522136,88945.7001953125,0.0008048892020156018,2.383544921875,1.4278564453125,285.9365692138672,289.8717041015625,290.0899963378906,303.73863220214844,287.20556640625,310.76239013671875,290.7997283935547,306.1955871582031,295.46441650390625,298.9210968017578,296.8464660644531,296.98265075683594,297.2533416748047,297.26194763183594,295.541259765625,296.517822265625,-2.9273466928914745e-18,-1.5754817988808815e-19,273.1492919921875,273.1507568359375,5.718749999999993,8.577148437499993,295.541259765625,296.965087890625,0.6488494277000427,0.6526183485984802,295.541259765625,296.904052734375,0.8800005316734314,0.8800005316734314,0,0,99.99998474121094,99.99998474121094,-7.3453647229951e-24,-7.3453647229951e-24,-7.345364920210326e-25,-7.345364920210326e-25,0,0,0,0,273.1591339111328,273.1609344482422,8.642673492431363e-07,9.796023368835445e-05,0.16363525390625,0.1756591796875,0.24114990234375,0.2461090087890625,0.2962646484375,0.298431396484375,0.285675048828125,0.2857666015625,0.13704486191272736,0.13708602637052536,-1303980,-6311.5,0,2937048,-546619,-155724.0,-680574,131866,0,3403752,1183341.25,1394351.0,-0.00030014757066965103,-3.1490344554185867e-07,-0.00021666241809725761,-1.2796372175216675e-06,-5.708914250135422e-05,-7.799826562404633e-09,-5.420297384262085e-07,-7.450580596923828e-09,-0.0010590963065624237,-3.2298266887664795e-06,1.5020370483398438e-05,1.683831214904785e-05,-2.3283064365386963e-10,4.656612873077393e-10,1.5020370483398438e-05,1.5154480934143066e-05,0.0,1.773238182067871e-06,-0.0005214251577854156,-2.523651346564293e-06,-1.2242517471313477,1.42047119140625,-2.5173492431640625,1.745574951171875,88643.60546875,89184.640625,0.0,0.00020770728588104248,2.383544921875,2.383544921875,1.4278564453125,1.4278564453125
6,20200107,36.01795131677221,0.4446660656391631,1578355200000,288.65560658772785,296.84769503275555,297.4177761077881,297.86767896016437,297.5797748565674,297.009178797404,297.250425974528,296.34425862630206,-6.371101208224039e-19,273.14996337890625,6.283243815104164,296.3760986328125,0.649727463722229,296.36712646484375,0.8800005316734314,0,99.99998474121094,-7.3453647229951e-24,-7.345364920210326e-25,0,0,273.160005569458,6.365155180295308e-05,0.16618855794270834,0.23880831400553384,0.29511769612630206,0.2856515248616536,0.1371254756425818,-7649240,17805066,-6710972,-3250452,20634140,31464127,-0.001690039411187172,-0.001140638254582882,-0.00022348854690790176,-4.552304744720459e-06,-0.006255745887756348,0.00036381185054779053,0.0,0.00035893917083740234,4.872679710388184e-06,-0.003058718517422676,-0.09218835830688477,-0.07954724629720052,88975.19840494792,0.0007374286651611328,2.383544921875,1.4278564453125,286.3459014892578,290.9590148925781,289.9142608642578,302.55694580078125,287.8484344482422,310.4852294921875,291.4493713378906,306.1405334472656,296.0284423828125,298.9201354980469,296.962890625,297.0875549316406,297.24742126464844,297.2541046142578,295.597900390625,296.871337890625,-2.818926475642924e-18,-1.0842026894733873e-19,273.1492919921875,273.1507568359375,4.786132812499993,8.577148437499993,295.597900390625,296.931884765625,0.6490477919578552,0.6503600478172302,295.597900390625,296.911376953125,0.8800005316734314,0.8800005316734314,0,0,99.99998474121094,99.99998474121094,-7.3453647229951e-24,-7.3453647229951e-24,-7.345364920210326e-25,-7.345364920210326e-25,0,0,0,0,273.15916442871094,273.16078186035156,1.4305114746093631e-06,0.00014483928680419916,0.15960693359375,0.1707611083984375,0.236968994140625,0.2410736083984375,0.294158935546875,0.2962188720703125,0.2855987548828125,0.28570556640625,0.13708602637052536,0.13712719082832336,-1119676,-876.0,0,2598662,-489419,-155651.0,-629024,104804,0,3011474,1204424.25,1440769.0,-0.00027110567316412926,-4.237517714500427e-08,-0.0001751636154949665,-1.457519829273224e-07,-5.573546513915062e-05,-2.421438694000244e-08,-4.874891601502895e-07,-4.190951585769653e-09,-0.0009187385439872742,-4.023313522338867e-07,1.4886260032653809e-05,1.7762184143066406e-05,-2.3283064365386963e-10,2.3283064365386963e-10,1.4893710613250732e-05,1.5020370483398438e-05,0.0,2.853572368621826e-06,-0.000447726808488369,-3.520399332046509e-07,-0.9439544677734375,0.6908721923828125,-1.826416015625,1.84796142578125,88665.3828125,89211.9140625,0.0,0.0004515647888183594,2.383544921875,2.383544921875,1.4278564453125,1.4278564453125
7,20200108,36.01795131677221,0.4446660656391631,1578441600000,289.80289967854816,296.8331076304118,297.2841688791911,297.75292205810547,297.6333471934001,297.11090596516925,297.2467161814372,296.706298828125,-1.7849107984870838e-18,273.1500549316406,5.782389322916663,296.7515055338542,0.650387704372406,296.7378845214844,0.8800005316734314,0,99.99998474121094,-7.3453647229951e-24,-7.345364920210326e-25,0,0,273.15999539693195,5.153566598892211e-05,0.16671307881673178,0.23519007364908853,0.2931283315022786,0.28559239705403644,0.1371666401003798,-7012520,16085084,-6133816,-2969376,18642192,31985554,-0.0014096982777118683,-0.001055204775184393,-0.00033512338995933533,-4.083849489688873e-06,-0.005634218454360962,0.00036244094371795654,0.0,0.000356137752532959,6.303191184997559e-06,-0.002804107964038849,-0.06858571370442708,-0.08745193481445312,89008.58447265625,0.0009626597166061401,2.383544921875,1.4278564453125,288.8103790283203,290.8827209472656,292.182373046875,301.56346130371094,289.64605712890625,308.1546630859375,293.0896911621094,304.7589416503906,296.4074401855469,298.8196716308594,297.0721893310547,297.1777801513672,297.24505615234375,297.2484893798828,296.108154296875,297.218017578125,-2.9273466928914745e-18,-1.8126510241120856e-19,273.1492919921875,273.15069580078125,4.548828124999993,7.934570312499993,296.121337890625,297.294189453125,0.6497649550437927,0.6509551405906677,296.120361328125,297.265869140625,0.8800005316734314,0.8800005316734314,0,0,99.99998474121094,99.99998474121094,-7.3453647229951e-24,-7.3453647229951e-24,-7.345364920210326e-25,-7.345364920210326e-25,0,0,0,0,273.1592712402344,273.1609191894531,1.4036893844604446e-05,9.000301361083982e-05,0.163665771484375,0.1690673828125,0.233734130859375,0.2369232177734375,0.292236328125,0.2941131591796875,0.285552978515625,0.28564453125,0.13712719082832336,0.13716835528612137,-955040,348.0,0,2155358,-470993,-98487.375,-521118,109232,0,2498076,1235098.0,1393291.0,-0.00021568499505519867,-1.0244548320770264e-08,-0.0001494777388870716,-6.658956408500671e-08,-5.626538768410683e-05,6.230548024177551e-07,-2.869637683033943e-07,-3.259629011154175e-08,-0.000775504857301712,8.195638656616211e-08,1.4781951904296875e-05,1.6085803508758545e-05,-2.3283064365386963e-10,2.3283064365386963e-10,1.4781951904296875e-05,1.4901161193847656e-05,0.0,1.2069940567016602e-06,-0.00038189347833395004,1.3969838619232178e-07,-0.9311676025390625,0.92816162109375,-1.503173828125,1.291717529296875,88720.30859375,89211.7734375,0.0,0.0001829192042350769,2.383544921875,2.383544921875,1.4278564453125,1.4278564453125
8,20200109,36.01795131677221,0.4446660656391631,1578528000000,288.67445882161456,296.2864278157552,297.0480047861735,297.54684511820477,297.4431953430176,297.1703103383382,297.2449188232422,296.6997884114583,-1.6363975505383944e-18,273.1500244140625,5.784098307291663,296.7497965494792,0.6511620879173279,296.73486328125,0.8800005316734314,0,99.99998474121094,-7.3453647229951e-24,-7.345364920210326e-25,0,0,273.1600259145101,2.391760547955829e-05,0.16208648681640625,0.23182233174641928,0.291110356648763,0.285519282023112,0.1372078045581778,-7683876,18277234,-7167320,-3441412,21182956,30819108,-0.0016879751347005367,-0.001214420422911644,-0.0001633819192647934,-6.790272891521454e-06,-0.006539799273014069,0.00035580992698669434,0.0,0.0003531798720359802,2.637505531311035e-06,-0.0030725672841072083,-0.22592671712239584,0.4139258066813151,88950.93147786458,0.0004010438919053172,2.383544921875,1.4278564453125,287.5495147705078,290.3125,289.9501190185547,302.0373077392578,287.1063232421875,309.45916748046875,290.93312072753906,305.58860778808594,295.8403015136719,298.8538055419922,297.1296691894531,297.2234802246094,297.2435302734375,297.24623107910156,296.058837890625,297.257080078125,-3.0086618558278874e-18,-1.1180840073635593e-19,273.14923095703125,273.1507568359375,4.528320312499993,8.041015624999993,296.072509765625,297.340087890625,0.650596559047699,0.651908814907074,296.071533203125,297.310302734375,0.8800005316734314,0.8800005316734314,0,0,99.99998474121094,99.99998474121094,-7.3453647229951e-24,-7.3453647229951e-24,-7.345364920210326e-25,-7.345364920210326e-25,0,0,0,0,273.15936279296875,273.160888671875,1.4305114746093562e-06,6.0647726058959934e-05,0.1568603515625,0.1685028076171875,0.230224609375,0.23370361328125,0.2901458740234375,0.2921905517578125,0.2854766845703125,0.28558349609375,0.13716835528612137,0.13720951974391937,-1102525,6824.5,0,2591670,-470371,-137086.5,-602980,128056,0,3003600,1160404.3125,1404628.0,-0.0002640681341290474,0.0,-0.0001753619872033596,-5.471520125865936e-09,-4.422175697982311e-05,3.1694071367383003e-06,-4.9639493227005e-07,-8.381903171539307e-09,-0.0008733198046684265,2.726912498474121e-06,1.4662742614746094e-05,1.5325844287872314e-05,-2.3283064365386963e-10,2.3283064365386963e-10,1.4647841453552246e-05,1.4779157936573029e-05,0.0,6.258487701416016e-07,-0.0004408690147101879,2.729007974267006e-06,-1.037994384765625,0.8138427734375,-2.4654998779296875,1.9005584716796875,88624.4375,89265.5390625,0.0,0.0001004338264465332,2.383544921875,2.383544921875,1.4278564453125,1.4278564453125
9,20200110,36.01795131677221,0.4446660656391631,1578614400000,287.0912857055664,297.41124471028644,298.16488456726074,298.3639087677002,297.72245661417645,297.2233880360921,297.2440700531006,296.0084228515625,-2.7265998843922053e-18,273.150146484375,6.476643880208331,296.7141927083333,0.650479257106781,296.4964294433594,0.8800005316734314,0,99.99998474121094,-7.3453647229951e-24,-7.345364920210326e-25,0,0,273.1601142883301,6.742775440216025e-06,0.15102640787760416,0.22797330220540366,0.2888997395833333,0.2854073842366536,0.13726359202216068,-8689048,21555362,-8445286,-3977636,24984876,30064679,-0.0020413058809936047,-0.001388436183333397,-3.715883940458298e-05,-7.6070427894592285e-06,-0.007968530058860779,0.0003506690263748169,0.0,0.00034977495670318604,8.940696716308594e-07,-0.0034745093435049057,-0.09548695882161458,-0.23594029744466147,88934.50211588542,0.00012257695198059082,2.383544921875,1.4278564453125,285.3769073486328,288.8477020263672,289.3894958496094,303.7689208984375,286.42613220214844,311.9352111816406,290.404541015625,307.2648010253906,295.7610626220703,299.3403625488281,297.1731872558594,297.30116271972656,297.2430114746094,297.2451171875,295.760009765625,296.361083984375,-5.8546925586023365e-18,-5.556536650976093e-19,273.1492614746094,273.1512451171875,5.208984374999993,8.577148437499993,295.760009765625,297.769775390625,0.6488494277000427,0.6525039076805115,295.760009765625,297.104736328125,0.8800005316734314,0.8800005316734314,0,0,99.99998474121094,99.99998474121094,-7.3453647229951e-24,-7.3453647229951e-24,-7.345364920210326e-25,-7.345364920210326e-25,0,0,0,0,273.1591491699219,273.16065979003906,1.1920928955077723e-06,1.4185905456542921e-05,0.1434478759765625,0.160369873046875,0.22607421875,0.2301788330078125,0.287841796875,0.2901153564453125,0.28533935546875,0.285491943359375,0.13720951974391937,0.13726594299077988,-1239038,2074.5,0,2994988,-584997,-194582.0,-772956,136168,-2,3471484,1137958.875,1335230.0,-0.00029670679941773415,0.0,-0.00019578821957111359,-2.993037924170494e-07,-1.2012198567390442e-05,1.6256235539913177e-06,-4.824250936508179e-07,-3.632158041000366e-08,-0.0010782405734062195,7.878988981246948e-07,1.4513731002807617e-05,1.4722347259521484e-05,0.0,0.0,1.449882984161377e-05,1.465529203414917e-05,-7.450580596923828e-09,1.4901161193847656e-07,-0.0004954561591148376,8.293427526950836e-07,-1.1691741943359375,0.99859619140625,-2.8320465087890625,1.637237548828125,88597.35546875,89208.48828125,0.0,2.269446849822998e-05,2.383544921875,2.383544921875,1.4278564453125,1.4278564453125
10,20200111,36.01795131677221,0.4446660656391631,1578700800000,287.9712708791097,297.0836607615153,298.50054423014325,298.7822182973226,298.1482588450114,297.33016268412274,297.2451032002767,296.3972981770833,-1.2013755115785144e-18,273.14996337890625,6.798828124999997,296.451416015625,0.6498574614524841,296.4433898925781,0.8800005316734314,0,99.99998474121094,-7.3453647229951e-24,-7.345364920210326e-25,0,0,273.1600863138835,4.003321131070452e-05,0.14174461364746094,0.2239373524983724,0.28663889567057294,0.2852764129638672,0.1373053922628363,-7859116,19989030,-7605126,-4086016,23169944,31088646,-0.0018913191743195057,-0.0011410019360482693,-0.00010418333113193512,-6.1336904764175415e-06,-0.007413715124130249,0.00035068392753601074,0.0,0.0003461092710494995,4.5746564865112305e-06,-0.003142639994621277,-0.3568604787190755,0.3501605987548828,88972.07877604167,0.0006888061761856079,2.383544921875,1.4278564453125,286.39918518066406,290.2826690673828,291.32923889160156,303.38890075683594,288.65733337402344,312.191162109375,291.87608337402344,307.7974548339844,296.4806671142578,299.61460876464844,297.27943420410156,297.42132568359375,297.24388122558594,297.2468566894531,295.682861328125,296.992431640625,-4.8789106033653825e-18,-2.744387266091816e-19,273.14910888671875,273.1504821777344,5.637695312499993,8.577148437499993,295.682861328125,297.049072265625,0.6490477919578552,0.652854859828949,295.682861328125,297.034423828125,0.8800005316734314,0.8800005316734314,0,0,99.99998474121094,99.99998474121094,-7.3453647229951e-24,-7.3453647229951e-24,-7.345364920210326e-25,-7.345364920210326e-25,0,0,0,0,273.15924072265625,273.1608581542969,1.6689300537108977e-06,0.00013396143913269035,0.135040283203125,0.1474761962890625,0.222198486328125,0.2260284423828125,0.2856292724609375,0.2877960205078125,0.2852020263671875,0.2853546142578125,0.13726594299077988,0.13730710744857788,-1133234,-6096.0,0,2892890,-592857,-156601.0,-798056,103832,0,3353114,1228480.9375,1368895.0,-0.0002866392023861408,-2.728775143623352e-07,-0.00016414513811469078,-1.2838281691074371e-06,-2.4935230612754822e-05,-2.7008354663848877e-07,-4.948233254253864e-07,-1.3504177331924438e-08,-0.0010434351861476898,-5.759298801422119e-06,1.4394521713256836e-05,1.627206802368164e-05,-2.3283064365386963e-10,2.3283064365386963e-10,1.4349818229675293e-05,1.449882984161377e-05,1.30385160446167e-08,1.9073486328125e-06,-0.0004531489685177803,-2.436339855194092e-06,-1.301239013671875,1.1174163818359375,-2.6341400146484375,2.145416259765625,88581.21484375,89193.68359375,1.7993152141571045e-06,0.00031369924545288086,2.383544921875,2.383544921875,1.4278564453125,1.4278564453125
11,20200112,36.01795131677221,0.4446660656391631,1578787200000,289.0485261281331,296.333443959554,297.8863169352214,298.54306666056317,298.19931920369464,297.45149358113605,297.24914169311523,296.460693359375,-2.722011720329527e-18,273.1501159667969,7.244344075520831,296.4850260416667,0.6497471332550049,296.481201171875,0.8800005316734314,0,99.99998474121094,-7.3453647229951e-24,-7.345364920210326e-25,0,0,273.16001955668133,0.000139184296131134,0.17396418253580728,0.22073046366373697,0.2845344543457031,0.28514734903971356,0.1373465567206343,-7479884,18078886,-6459200,-3990828,20957052,31961348,-0.0016257227398455143,-0.0009995163418352604,-0.0003595072776079178,-6.250105798244476e-06,-0.0070166513323783875,0.0004442185163497925,6.984919309616089e-10,0.0003425702452659607,0.00010167062282562256,-0.002990998327732086,0.22354273001352945,-0.030315438906351726,89045.92171223958,0.011552900075912476,2.383544921875,1.4278564453125,287.8776092529297,291.3638153076172,291.550048828125,302.08766174316406,289.9351348876953,310.10113525390625,292.9190216064453,306.52735900878906,296.9168395996094,299.4548034667969,297.41087341308594,297.52281188964844,297.2461700439453,297.2517547607422,295.882080078125,297.019287109375,-5.204171255111034e-18,-1.6432444346612255e-19,273.1494140625,273.1509094238281,6.123046874999993,8.577148437499993,295.882080078125,297.066650390625,0.6490477919578552,0.650474488735199,295.882080078125,297.056396484375,0.8800005316734314,0.8800005316734314,0,0,99.99998474121094,99.99998474121094,-7.3453647229951e-24,-7.3453647229951e-24,-7.345364920210326e-25,-7.345364920210326e-25,0,0,0,0,273.1592559814453,273.16065979003906,5.066394805907735e-07,0.00030687451362609863,0.133697509765625,0.2833709716796875,0.2192230224609375,0.22216796875,0.283599853515625,0.28558349609375,0.2850799560546875,0.28521728515625,0.13730710744857788,0.13734827190637589,-955840,-3356.0,0,2452902,-520437,-124094.625,-698680,96060,0,2843336,1258624.0,1432811.0,-0.00024145562201738358,0.0,-0.00013925181701779366,0.0,-9.33096744120121e-05,-4.4517219066619873e-07,-4.0885061025619507e-07,-1.0221265256404877e-07,-0.000924423336982727,-1.341104507446289e-06,1.4260411262512207e-05,5.626678466796875e-05,-2.3283064365386963e-10,4.656612873077393e-10,1.4200806617736816e-05,1.4342367649078369e-05,1.1175870895385742e-08,4.203617572784424e-05,-0.00038221385329961777,-1.34296715259552e-06,-0.829315185546875,1.1939115524291992,-3.1240692138671875,1.8557891845703125,88548.87109375,89315.171875,1.5050172805786133e-06,0.004704773426055908,2.383544921875,2.383544921875,1.4278564453125,1.4278564453125
12,20200113,36.01795131677221,0.4446660656391631,1578873600000,289.6184787750244,294.7536500295003,295.3698952992757,296.5598882039388,297.3258476257324,297.49567159016925,297.2548707326253,296.25811767578125,-1.436144879057549e-18,273.14996337890625,6.893595377604164,296.2723795572917,0.6496333479881287,296.2688293457031,0.8800005316734314,0,99.99998474121094,-7.3453647229951e-24,-7.345364920210326e-25,0,0,273.1599540710449,0.00018406659364700317,0.3072827657063802,0.23308944702148438,0.2828667958577474,0.2850532531738281,0.13738772117843231,-7152900,13068772,-5055448,-1556204,15150232,32133922,-0.0010839104652404785,-0.0010956195183098316,-0.000675600953400135,-5.1138922572135925e-06,-0.004627779126167297,0.00042045116424560547,2.3283064365386963e-10,0.00033956021070480347,8.091330528259277e-05,-0.0028602425009012222,0.19114049275716147,0.33928561210632324,89079.92106119792,0.00829494595518554,2.383544921875,1.4278564453125,287.44635009765625,291.2524108886719,290.45872497558594,299.0670166015625,289.4087219238281,304.08863830566406,293.1658935546875,301.3867492675781,296.5898742675781,298.07957458496094,297.4806365966797,297.5237274169922,297.25233459472656,297.25787353515625,295.854736328125,296.624267578125,-4.065758974001254e-18,-7.623301695167532e-20,273.1493835449219,273.1504211425781,4.840820312499993,8.577148437499993,295.854736328125,296.658447265625,0.6489257216453552,0.650474488735199,295.854736328125,296.646728515625,0.8800005316734314,0.8800005316734314,0,0,99.99998474121094,99.99998474121094,-7.3453647229951e-24,-7.3453647229951e-24,-7.345364920210326e-25,-7.345364920210326e-25,0,0,0,0,273.1593017578125,273.1607208251953,7.092952728271457e-06,0.00030687451362609863,0.29180908203125,0.3307952880859375,0.221527099609375,0.2415008544921875,0.2822723388671875,0.2835540771484375,0.2850189208984375,0.28509521484375,0.13734827190637589,0.1373894363641739,-1048862,4465.0,0,2040050,-354519,-65171.0,-382424,88100,0,2365050,1224636.5625,1415006.0,-0.00021573342382907867,0.0,-0.00019575376063585281,3.220047801733017e-06,-0.0002466128207743168,-8.139759302139282e-07,-3.26777808368206e-07,-1.1222437024116516e-07,-0.0006903298199176788,1.7844140529632568e-06,1.430511474609375e-05,2.571195363998413e-05,0.0,2.3283064365386963e-10,1.4089047908782959e-05,1.4200806617736816e-05,1.7881393432617188e-07,1.1533498764038086e-05,-0.00041940994560718536,1.7853453755378723e-06,-0.978790283203125,1.4554290771484375,-1.450307846069336,1.6601104736328125,88748.3515625,89325.6015625,2.0682811737060547e-05,0.0011157914996147156,2.383544921875,2.383544921875,1.4278564453125,1.4278564453125
13,20200114,36.01795131677221,0.4446660656391631,1578960000000,290.2401746114095,295.5407307942708,296.6135546366374,297.16649436950684,297.1136595408122,297.41922696431476,297.2595609029134,296.32318115234375,-1.0074753804069232e-18,273.14996337890625,6.786743164062497,296.349365234375,0.649787187576294,296.3428039550781,0.8800005316734314,0,99.99998474121094,-7.3453647229951e-24,-7.345364920210326e-25,0,0,273.15992228190106,0.00013168901205062866,0.28702418009440106,0.24649620056152344,0.28147125244140625,0.2849572499593099,0.1374435086424152,-10043992,19468932,-6343628,-3093936,22570456,31496203,-0.0017959149554371834,-0.001783247571438551,-0.00043232645839452744,-4.820525646209717e-06,-0.0064865946769714355,0.00035065412521362305,0.0,0.000336669385433197,1.399219036102295e-05,-0.004016312770545483,0.19973627726236978,0.2111186981201172,88984.70686848958,0.0015848129987716675,2.383544921875,1.4278564453125,289.32273864746094,290.9168395996094,290.3238067626953,301.63084411621094,288.9884338378906,308.331298828125,292.5239715576172,303.9073791503906,295.70372009277344,298.517578125,297.3846435546875,297.4742126464844,297.2574157714844,297.2616882324219,295.663330078125,296.907958984375,-4.824700494741107e-18,-8.300928052970972e-20,273.14935302734375,273.150634765625,5.349609374999993,8.577148437499993,295.663330078125,296.963134765625,0.6491698622703552,0.6503600478172302,295.663330078125,296.947509765625,0.8800005316734314,0.8800005316734314,0,0,99.99998474121094,99.99998474121094,-7.3453647229951e-24,-7.3453647229951e-24,-7.345364920210326e-25,-7.345364920210326e-25,0,0,0,0,273.15919494628906,273.1605987548828,7.450580596923592e-07,0.00030687451362609863,0.26959228515625,0.313018798828125,0.2422943115234375,0.2479248046875,0.280792236328125,0.2822418212890625,0.2848968505859375,0.2850189208984375,0.1373894363641739,0.1374458596110344,-1489946,4208.0,0,2916446,-479321,-117100.4375,-600876,110276,0,3381062,1236393.3125,1371250.0,-0.00030591292306780815,0.0,-0.00028118258342146873,1.932727172970772e-06,-0.00016774283722043037,0.0,-3.371387720108032e-07,-5.587935447692871e-09,-0.0009631551802158356,1.6819685697555542e-06,1.3977289199829102e-05,1.823902130126953e-05,-2.3283064365386963e-10,2.3283064365386963e-10,1.3962388038635254e-05,1.4096498489379883e-05,0.0,4.157423973083496e-06,-0.0005957884714007378,1.682201400399208e-06,-0.5176849365234375,0.9782257080078125,-2.716644287109375,1.8102264404296875,88656.30859375,89238.30078125,0.0,0.0003918260335922241,2.383544921875,2.383544921875,1.4278564453125,1.4278564453125
14,20200115,36.01795131677221,0.4446660656391631,1579046400000,289.20444679260254,295.6966908772786,296.26802253723145,296.9311917622884,297.148983001709,297.3743254343669,297.26273282368976,296.10581461588544,-2.280213314394036e-18,273.14996337890625,6.480061848958331,296.4831136067708,0.6495424509048462,296.4509582519531,0.8800005316734314,0,99.99998474121094,-7.3453647229951e-24,-7.345364920210326e-25,0,0,273.16004435221356,4.964818557103474e-05,0.254519780476888,0.2475299835205078,0.28000768025716144,0.2848345438639323,0.13747068587690592,-9650976,18888256,-7000354,-2514028,21899016,30629460,-0.0017950343899428844,-0.0017682635225355625,-0.00028972048312425613,-6.137415766716003e-06,-0.006523802876472473,0.00033664703369140625,0.0,0.0003334358334541321,3.2186508178710938e-06,-0.003859155811369419,-0.027863820393880207,0.4890882571538289,88968.49088541667,0.0004507184027602307,2.383544921875,1.4278564453125,287.83941650390625,290.45118713378906,290.67564392089844,301.6579895019531,289.21299743652344,308.1627197265625,292.47174072265625,303.95509338378906,295.7675476074219,298.55006408691406,297.3413391113281,297.4192810058594,297.2609100341797,297.2644348144531,295.827392578125,296.558837890625,-5.529431906856685e-18,-3.7947081206871484e-19,273.14935302734375,273.1508483886719,4.666015624999993,8.577148437499993,295.827392578125,297.197509765625,0.6482924818992615,0.6508330702781677,295.827392578125,297.097900390625,0.8800005316734314,0.8800005316734314,0,0,99.99998474121094,99.99998474121094,-7.3453647229951e-24,-7.3453647229951e-24,-7.345364920210326e-25,-7.345364920210326e-25,0,0,0,0,273.1592102050781,273.1608428955078,2.980232238764804e-08,0.000177621841430664,0.2412872314453125,0.2705841064453125,0.246612548828125,0.248748779296875,0.2793426513671875,0.28076171875,0.2847747802734375,0.284912109375,0.1374458596110344,0.1374717652797699,-1383772,-1140.5,0,2756950,-497958,-133570.8125,-548536,177382,0,3196448,1194979.0,1351573.0,-0.0002781539224088192,-2.176966518163681e-08,-0.00025372114032506943,-3.997120074927807e-07,-0.00012475205585360527,5.96512109041214e-07,-4.009343683719635e-07,-1.4435499906539917e-08,-0.0009246468544006348,-5.401670932769775e-07,1.3828277587890625e-05,1.4901161193847656e-05,0.0,0.0,1.3820827007293701e-05,1.3957731425762177e-05,0.0,9.834766387939453e-07,-0.0005533313378691673,-4.5634806156158447e-07,-1.215179443359375,2.2067413330078125,-1.807525634765625,1.8113555908203125,88630.3125,89235.73828125,-1.4901161193847656e-08,0.00013919919729232788,2.383544921875,2.383544921875,1.4278564453125,1.4278564453125
15,20200116,36.01795131677221,0.4446660656391631,1579132800000,289.18176460266113,296.67026138305664,297.10107167561847,297.3154945373535,297.14505195617676,297.328374226888,297.2652066548665,295.8705240885417,-2.797468376577533e-18,273.1498718261719,5.618367513020831,296.5506998697917,0.6501657962799072,296.4712219238281,0.8800005316734314,0,99.99998474121094,-7.3453647229951e-24,-7.345364920210326e-25,0,0,273.15995025634766,1.0455648104349527e-06,0.22719637552897134,0.24514897664388022,0.27853647867838544,0.28470484415690106,0.13746507496883473,-8621240,17336278,-6291210,-2186684,20099216,31729012,-0.001796083990484476,-0.001633011270314455,-1.3848766684532166e-05,-4.448927938938141e-06,-0.006079189479351044,0.0003304779529571533,2.3283064365386963e-10,0.0003301575779914856,3.2782554626464844e-07,-0.0034473929554224014,-0.28160130977630615,0.18375515937805176,88978.58251953125,4.746096357166607e-05,2.382726033528646,1.4270375569661458,287.96295166015625,290.75526428222656,291.4018859863281,301.86602783203125,288.85987854003906,308.0655059814453,292.1393737792969,303.7532958984375,295.5439453125,298.5269775390625,297.2940216064453,297.3761901855469,297.2639465332031,297.26634216308594,295.796142578125,296.462158203125,-5.963112775850887e-18,-9.215726737932913e-19,273.149169921875,273.1510009765625,3.542968749999993,8.577148437499993,295.796142578125,297.237548828125,0.6487502455711365,0.652793824672699,295.796142578125,297.052001953125,0.8800005316734314,0.8800005316734314,0,0,99.99998474121094,99.99998474121094,-7.3453647229951e-24,-7.3453647229951e-24,-7.345364920210326e-25,-7.345364920210326e-25,0,0,0,0,273.1593933105469,273.1607971191406,5.960464477534249e-08,9.655952453613261e-06,0.215484619140625,0.241302490234375,0.2436370849609375,0.246795654296875,0.277862548828125,0.2793121337890625,0.284637451171875,0.2847747802734375,0.13746478408575058,0.1374717652797699,-1326164,400.5,0,2627820,-429690,-88915.5,-486566,138456,0,3046434,1195031.5,1434796.0,-0.00028594303876161575,-3.317836672067642e-08,-0.00024401629343628883,-2.1257437765598297e-07,-9.430572390556335e-06,6.542541086673737e-07,-3.3620744943618774e-07,-4.190951585769653e-09,-0.0008870325982570648,4.3213367462158203e-07,1.3679265975952148e-05,1.3977289199829102e-05,-1.4551915228366852e-11,2.3283064365386963e-10,1.3686716556549072e-05,1.3828277587890625e-05,0.0,2.1606683731079102e-07,-0.0005302960053086281,1.6042031347751617e-07,-1.3514623641967773,1.3379058837890625,-1.8419342041015625,1.2619037628173828,88629.5546875,89239.87890625,-7.623214060004102e-09,3.142654895782471e-05,2.3826904296875,2.383544921875,1.427001953125,1.4278564453125
16,20200117,36.01795131677221,0.4446660656391631,1579219200000,289.3428153991699,297.25563685099286,297.6360556284587,297.7728188832601,297.4607639312744,297.32182121276855,297.2673085530599,296.1499430338542,-3.577867996382777e-18,273.15008544921875,6.069091796874997,296.702880859375,0.6502043008804321,296.6337585449219,0.8800005316734314,0,99.99998474121094,-7.3453647229951e-24,-7.345364920210326e-25,0,0,273.16010665893555,2.2413829962412155e-06,0.20374552408854166,0.24155108133951822,0.2770264943440755,0.2845592498779297,0.13744347433870038,-8705148,17591122,-6098114,-2419480,20394332,32186075,-0.0018120934255421162,-0.0016496586613357067,-1.4171935617923737e-05,-5.023553967475891e-06,-0.00648866593837738,0.00032716989517211914,-2.3283064365386963e-10,0.0003267452120780945,4.172325134277344e-07,-0.003480946645140648,-0.62529456615448,0.37082846959431964,88920.61051432292,4.8077211374675244e-05,2.3816375732421875,1.4260660807291667,287.0662078857422,292.1613464355469,291.1417694091797,302.80560302734375,288.7582702636719,309.6273651123047,291.98753356933594,304.82806396484375,295.81431579589844,298.80792236328125,297.2823486328125,297.36375427246094,297.26580810546875,297.2687072753906,295.925048828125,296.365966796875,-5.963112775850887e-18,-3.252607034444396e-19,273.149169921875,273.15093994140625,4.791015624999993,8.577148437499993,295.925048828125,297.359619140625,0.6490477919578552,0.652183473110199,295.925048828125,297.180908203125,0.8800005316734314,0.8800005316734314,0,0,99.99998474121094,99.99998474121094,-7.3453647229951e-24,-7.3453647229951e-24,-7.345364920210326e-25,-7.345364920210326e-25,0,0,0,0,273.15911865234375,273.16082763671875,1.7881393432612547e-07,3.7848949432372835e-06,0.19293212890625,0.216888427734375,0.2396697998046875,0.2436065673828125,0.276336669921875,0.27783203125,0.28448486328125,0.284637451171875,0.13744254782795906,0.13746478408575058,-1439150,1157.25,0,2937492,-489336,-130202.0,-585168,87060,0,3405656,1227941.875,1491268.0,-0.0003112698905169964,-2.6659108698368073e-08,-0.0002629929222166538,-3.112945705652237e-07,-3.3709220588207245e-06,1.1305673979222775e-06,-3.7997961044311523e-07,-7.450580596923828e-09,-0.0010015815496444702,4.041939973831177e-07,1.3530254364013672e-05,1.3723969459533691e-05,-2.3283064365386963e-10,2.3283064365386963e-10,1.354515552520752e-05,1.3686716556549072e-05,0.0,7.450580596923828e-08,-0.0005754763260483742,4.627509042620659e-07,-1.2676410675048828,0.46422576904296875,-2.0808868408203125,1.7244873046875,88604.5,89197.05078125,-1.7776415006665047e-08,8.99285078048706e-06,2.381591796875,2.3826904296875,1.426025390625,1.427001953125
17,20200118,36.01795131677221,0.4446660656391631,1579305600000,286.8611888885498,299.00410588582355,298.31208419799805,298.4310843149821,297.9825013478597,297.3763968149821,297.2685966491699,296.73779296875,-4.127874861330005e-18,273.15008544921875,6.782592773437497,296.7862548828125,0.6498720645904541,296.77996826171875,0.8800005316734314,0,99.99998474121094,-7.3453647229951e-24,-7.345364920210326e-25,0,0,273.16000175476074,8.22047392527236e-07,0.18175443013509116,0.23713556925455728,0.27543195088704425,0.2844015757242839,0.1374358575170239,-9361196,19009658,-7094960,-2395292,22038236,31561876,-0.0019602193497121334,-0.0017738430760800838,-3.7457793951034546e-06,-5.469657480716705e-06,-0.007730700075626373,0.00032320618629455566,4.656612873077393e-10,0.00032316893339157104,1.4901161193847656e-08,-0.0037432778626680374,-0.30395082632700604,-0.34012436866760254,88863.64208984375,3.4942798947668052e-06,2.380772908528646,1.4250895182291667,284.1361541748047,289.7383117675781,292.5185852050781,304.55592346191406,289.5994873046875,309.58387756347656,292.64324951171875,305.5508575439453,296.3426208496094,299.4126281738281,297.3312225341797,297.4502868652344,297.2671203613281,297.27076721191406,296.076416015625,297.264892578125,-5.746272341353786e-18,-2.6291910954579608e-18,273.14886474609375,273.1513671875,5.933593749999993,8.577148437499993,296.076416015625,297.316650390625,0.6490477919578552,0.652519166469574,296.076416015625,297.303955078125,0.8800005316734314,0.8800005316734314,0,0,99.99998474121094,99.99998474121094,-7.3453647229951e-24,-7.3453647229951e-24,-7.345364920210326e-25,-7.345364920210326e-25,0,0,0,0,273.1592712402344,273.16090393066406,-4.770490179321679e-20,2.86102294921875e-06,0.17047119140625,0.1950531005859375,0.2348785400390625,0.2396087646484375,0.2746734619140625,0.27630615234375,0.2843170166015625,0.2845001220703125,0.13743556663393974,0.13744254782795906,-1292174,-1060.0,0,2739066,-523738,-141101.5625,-529932,158492,0,3175650,1206260.0,1441788.0,-0.00027877092361450195,-1.7276033759117126e-07,-0.00023861508816480637,-2.4866312742233276e-07,-2.0759180188179016e-06,0.0,-4.2014289647340775e-07,-1.862645149230957e-09,-0.0010309815406799316,-4.6193599700927734e-07,1.3396143913269043e-05,1.3560056686401367e-05,-2.3283064365386963e-10,4.656612873077393e-10,1.3388693332672119e-05,1.354515552520752e-05,-7.450580596923828e-09,7.450580596923828e-09,-0.0005167033523321152,-4.2282044887542725e-07,-1.2408599853515625,0.8811187744140625,-2.6632080078125,1.672027587890625,88530.703125,89100.796875,-3.0240698833949864e-09,9.015202522277832e-07,2.3807373046875,2.381591796875,1.425048828125,1.426025390625
18,20200119,36.01795131677221,0.4446660656391631,1579392000000,286.2172444661458,298.6750602722168,298.51775487263996,298.7176043192546,298.18339920043945,297.46407826741535,297.27260462443036,296.8313802083333,-1.424533538003989e-18,273.14996337890625,6.799194335937497,296.864990234375,0.6496880054473877,296.8582458496094,0.8800005316734314,0,99.99998474121094,-7.3453647229951e-24,-7.345364920210326e-25,0,0,273.16003036499023,1.614292462663064e-08,0.1613616943359375,0.2320073445638021,0.2736962636311849,0.28421910603841144,0.13742887989307442,-9563644,21515782,-8175336,-3412364,24943256,30531206,-0.0021172533743083477,-0.0016998639330267906,-2.7567148208618164e-07,-6.844289600849152e-06,-0.008461140096187592,0.0003193318843841553,-2.3283064365386963e-10,0.00031932443380355835,0.0,-0.0038242340087890625,-0.49818166097005206,-0.4415243864059448,88905.74104817708,8.52346317969932e-07,2.3798014322916665,1.4241129557291667,283.4149627685547,288.8587188720703,290.7367248535156,305.0765686035156,287.3535614013672,311.564697265625,291.2407531738281,306.9607696533203,296.27264404296875,299.78668212890625,297.41278076171875,297.547607421875,297.2691192626953,297.2744445800781,296.067138671875,297.351806640625,-2.8460315299550617e-18,-5.675125916482641e-20,273.149169921875,273.1508483886719,5.958007812499993,8.577148437499993,296.067626953125,297.409423828125,0.6489257216453552,0.650718629360199,296.067626953125,297.395751953125,0.8800005316734314,0.8800005316734314,0,0,99.99998474121094,99.99998474121094,-7.3453647229951e-24,-7.3453647229951e-24,-7.345364920210326e-25,-7.345364920210326e-25,0,0,0,0,273.15936279296875,273.16078186035156,-9.540985528522186e-20,2.682209014892519e-07,0.1510772705078125,0.173675537109375,0.2295074462890625,0.23480224609375,0.2728729248046875,0.274658203125,0.2841339111328125,0.2843170166015625,0.13742858916521072,0.13743556663393974,-1364954,-8212.0,0,3024010,-555368,-184578.0,-705640,147848,-2,3505686,1177676.25,1363301.0,-0.0003050626255571842,-5.862675607204437e-07,-0.00024053733795881271,-2.0205043256282806e-06,-2.6030465960502625e-07,0.0,-5.676411092281342e-07,-1.0244548320770264e-08,-0.0011497065424919128,-4.996545612812042e-06,1.3232231140136719e-05,1.3384968042373657e-05,-2.3283064365386963e-10,2.3283064365386963e-10,1.3224780559539795e-05,1.3388693332672119e-05,-7.450580596923828e-09,7.450580596923828e-09,-0.0005458067171275616,-3.2838433980941772e-06,-1.647125244140625,0.63250732421875,-2.8413820266723633,1.83819580078125,88568.31640625,89167.3359375,-7.450580596923828e-09,8.597968985668558e-07,2.3797607421875,2.3807373046875,1.424072265625,1.425048828125
19,20200120,36.01795131677221,0.4446660656391631,1579478400000,285.5991331736247,298.1805140177409,298.7881278991699,299.0946502685547,298.5141836802165,297.5768763224284,297.2783788045247,296.8519694010417,-9.478654367439019e-19,273.1499328613281,6.921956380208331,296.8859049479167,0.6496479511260986,296.8794860839844,0.8800005316734314,0,99.99998474121094,-7.3453647229951e-24,-7.345364920210326e-25,0,0,273.1598587036133,8.692344029709697e-09,0.14461708068847656,0.2265453338623047,0.271853764851888,0.2840169270833333,0.13740727941816053,-9094944,22681136,-9107223,-4245480,26293852,29736385,-0.0021477150730788708,-0.0014808215200901031,-1.3131648302078247e-07,-8.142553269863129e-06,-0.008781790733337402,0.000315248966217041,4.656612873077393e-10,0.00031525641679763794,0.0,-0.0036368127912282944,-0.129504124323527,-0.17139498392740884,88923.18131510417,4.261732051702438e-07,2.3787078857421875,1.4231363932291667,282.9088134765625,288.1241455078125,290.2740478515625,304.8361358642578,287.0066833496094,312.993896484375,291.1025390625,308.4591064453125,296.61199951171875,300.15821838378906,297.52259826660156,297.67198181152344,297.2750244140625,297.2817687988281,296.110595703125,297.465087890625,-2.9815568015157497e-18,-3.472835406860058e-20,273.1495056152344,273.150634765625,5.900390624999993,8.577148437499993,296.110595703125,297.526611328125,0.6489257216453552,0.650474488735199,296.110595703125,297.511474609375,0.8800005316734314,0.8800005316734314,0,0,99.99998474121094,99.99998474121094,-7.3453647229951e-24,-7.3453647229951e-24,-7.345364920210326e-25,-7.345364920210326e-25,0,0,0,0,273.1591491699219,273.16038513183594,-7.632793592696578e-20,1.1920928955077854e-07,0.1362457275390625,0.1548004150390625,0.2240142822265625,0.22943115234375,0.27099609375,0.2728424072265625,0.2839202880859375,0.2841339111328125,0.1374063529074192,0.13742858916521072,-1277329,-6796.0,0,3129356,-630103,-197787.0,-850836,173576,0,3627742,1143815.625,1348938.0,-0.0003051953390240669,-1.6787089407444e-07,-0.00020515592768788338,-2.040993422269821e-06,-1.3085082173347473e-07,2.0721927285194397e-08,-5.606561899185181e-07,-1.30385160446167e-08,-0.0012034028768539429,-3.5297125577926636e-06,1.30385160446167e-05,1.3219192624092102e-05,-2.3283064365386963e-10,4.656612873077393e-10,1.3045966625213623e-05,1.3218261301517487e-05,0.0,0.0,-0.0005107675679028034,-2.7173664420843124e-06,-1.310638427734375,1.1452007293701172,-2.6825714111328125,1.7645111083984375,88625.57421875,89179.3828125,0.0,4.261732051702438e-07,2.378662109375,2.3797607421875,1.423095703125,1.424072265625
20,20200121,36.01795131677221,0.4446660656391631,1579564800000,285.8270969390869,298.1465269724528,298.77113914489746,299.1228542327881,298.58643023173016,297.6941210428874,297.2859230041504,296.62847900390625,-1.2496563895720096e-18,273.1499328613281,7.199340820312497,296.6583251953125,0.6495389342308044,296.6532287597656,0.8800005316734314,0,99.99998474121094,-7.3453647229951e-24,-7.345364920210326e-25,0,0,273.1600093841553,2.2972623507178758e-07,0.1322911580403646,0.22121302286783853,0.26999537150065106,0.28380584716796875,0.13739966259648403,-8032544,21751742,-8808389,-4614228,25215420,30013540,-0.002004824113100767,-0.0011956095695495605,-3.762543201446533e-06,-7.795169949531555e-06,-0.008443266153335571,0.00031125545501708984,2.3283064365386963e-10,0.00031116604804992676,8.940696716308594e-08,-0.003211989998817444,-0.16432936986287436,-0.09110454718271892,88846.30794270833,1.2102723019324912e-05,2.377843221028646,1.4221598307291667,284.6306915283203,288.46287536621094,290.0578308105469,304.5904998779297,286.5654602050781,313.18995666503906,290.7258605957031,308.45689392089844,296.713134765625,300.1581115722656,297.6430206298828,297.7814025878906,297.28192138671875,297.29002380371094,295.870849609375,297.156494140625,-5.5836420154809604e-18,-1.4399565273201934e-19,273.1491394042969,273.150634765625,6.201171874999993,8.577148437499993,295.870361328125,297.211181640625,0.6488112807273865,0.6503600478172302,295.870361328125,297.199462890625,0.8800005316734314,0.8800005316734314,0,0,99.99998474121094,99.99998474121094,-7.3453647229951e-24,-7.3453647229951e-24,-7.345364920210326e-25,-7.345364920210326e-25,0,0,0,0,273.15916442871094,273.1607208251953,-4.770490179321679e-20,2.115964889526329e-06,0.1259918212890625,0.1399078369140625,0.2188720703125,0.2239227294921875,0.2691650390625,0.270965576171875,0.2837066650390625,0.2839202880859375,0.1373993717133999,0.1374063529074192,-1181412,-10017.0,0,3176990,-613294,-200927.0,-928112,109068,0,3683076,1140470.9375,1390982.0,-0.0002992730587720871,-4.920875653624535e-07,-0.00017271516844630241,-2.3008324205875397e-06,-1.9869767129421234e-06,0.0,-5.904585123062134e-07,-1.30385160446167e-08,-0.0011915713548660278,-6.34416937828064e-06,1.2874603271484375e-05,1.3053417205810547e-05,-2.3283064365386963e-10,2.3283064365386963e-10,1.2882053852081299e-05,1.3045966625213623e-05,0.0,5.21540641784668e-08,-0.0004724138416349888,-4.005385562777519e-06,-1.2495994567871094,0.941497802734375,-2.869691848754883,2.0165252685546875,88563.80859375,89082.9921875,0.0,6.303191184997559e-06,2.3778076171875,2.378662109375,1.422119140625,1.423095703125
21,20200122,36.01795131677221,0.4446660656391631,1579651200000,286.09961255391437,298.94008509318036,299.7938976287842,299.77477582295734,298.806121190389,297.80662536621094,297.29613494873047,296.50872802734375,-7.211076753889613e-19,273.15008544921875,7.119832356770831,296.5376383463542,0.6496927738189697,296.53240966796875,0.8800005316734314,0,99.99998474121094,-7.3453647229951e-24,-7.345364920210326e-25,0,0,273.16010030110675,4.4330954551693606e-07,0.12355804443359375,0.21630859375,0.26819292704264325,0.28359731038411456,0.1373780619663497,-7275544,19453498,-7297986,-3981048,22550404,32025519,-0.0018542963080108166,-0.0010409420356154442,-8.00006091594696e-06,-6.045214831829071e-06,-0.008159630000591278,0.00030732154846191406,-2.3283064365386963e-10,0.0003071427345275879,1.7881393432617188e-07,-0.002909286879003048,-0.19876313209533691,-0.4007482131322225,88826.0634765625,2.486727908035391e-05,2.3768717447916665,1.4213002522786458,284.38414001464844,289.02386474609375,290.85728454589844,304.91465759277344,287.55809020996094,313.6376190185547,291.39292907714844,309.06568908691406,296.975341796875,300.2265625,297.756103515625,297.90028381347656,297.2901916503906,297.30206298828125,295.738525390625,297.012939453125,-2.8731365842671993e-18,-1.6940664114964835e-19,273.1491394042969,273.1507568359375,6.154296874999993,8.577148437499993,295.738525390625,297.066650390625,0.6490477919578552,0.6502379775047302,295.738525390625,297.054931640625,0.8800005316734314,0.8800005316734314,0,0,99.99998474121094,99.99998474121094,-7.3453647229951e-24,-7.3453647229951e-24,-7.345364920210326e-25,-7.345364920210326e-25,0,0,0,0,273.1592559814453,273.16082763671875,-9.454250471417173e-20,3.635883331298822e-06,0.118621826171875,0.129547119140625,0.2141876220703125,0.2187957763671875,0.26739501953125,0.269134521484375,0.28350830078125,0.2837066650390625,0.13737713545560837,0.1373993717133999,-1043770,-8704.0,0,2879454,-568070,-109704.0,-847104,112400,0,3337694,1163369.6875,1472800.0,-0.0002752542495727539,-8.883653208613396e-07,-0.0001407582312822342,-1.7434358596801758e-06,-3.65404412150383e-06,4.656612873077393e-10,-5.943002179265022e-07,-9.313225746154785e-09,-0.00109882652759552,-5.46872615814209e-06,1.2725591659545898e-05,1.2926757335662842e-05,-2.3283064365386963e-10,2.3283064365386963e-10,1.2718141078948975e-05,1.2876465916633606e-05,0.0,7.82310962677002e-08,-0.00041737454012036324,-3.4803524613380432e-06,-1.0875272750854492,1.0976448059082031,-2.5860137939453125,1.87689208984375,88473.09375,89081.26953125,-2.9136344892322086e-08,1.0998547072205156e-05,2.3768310546875,2.3778076171875,1.4212646484375,1.422119140625
22,20200123,36.01795131677221,0.4446660656391631,1579737600000,288.00830205281574,297.2067076365153,297.8510939280192,298.4692325592041,298.79395421346027,297.9410400390625,297.3094234466553,296.50868733723956,-3.3658987251154245e-19,273.1499938964844,7.170450846354164,296.5367024739583,0.6508244872093201,296.5326232910156,0.8800005316734314,0,99.99998474121094,-7.3453647229951e-24,-7.345364920210326e-25,0,0,273.1600621541341,3.745158513387014e-06,0.1199963887532552,0.2125066121419271,0.2666982014973958,0.28342564900716144,0.1373558221384883,-4374468,11622014,-5058180,-2588640,13473176,33335799,-0.0010970896109938622,-0.0006095492281019688,-3.602169454097748e-05,-6.5658241510391235e-06,-0.005221366882324219,0.0003046095371246338,2.3283064365386963e-10,0.0003036707639694214,9.685754776000977e-07,-0.0017492268234491348,0.44004249572753906,0.5069344838460287,88969.81819661458,0.0001523733137673844,2.3757781982421875,1.4203287760416667,287.1916046142578,289.8932800292969,294.59092712402344,300.51622009277344,292.44964599609375,306.98072814941406,294.8451843261719,304.6123046875,298.0981140136719,299.5021514892578,297.90745544433594,297.98960876464844,297.30223083496094,297.31549072265625,296.203369140625,296.797607421875,-2.141300117839484e-18,-8.809147821323552e-20,273.14898681640625,273.15069580078125,6.158203124999993,8.489257812499993,296.218017578125,296.841064453125,0.6503600478172302,0.6514281630516052,296.218017578125,296.831298828125,0.8800005316734314,0.8800005316734314,0,0,99.99998474121094,99.99998474121094,-7.3453647229951e-24,-7.3453647229951e-24,-7.345364920210326e-25,-7.345364920210326e-25,0,0,0,0,273.1594543457031,273.1608428955078,4.768371582030864e-07,1.3202428817748991e-05,0.1180419921875,0.12188720703125,0.2110443115234375,0.214141845703125,0.266082763671875,0.267364501953125,0.283355712890625,0.28350830078125,0.13735489547252655,0.13737713545560837,-626142,-14140.0,0,1769824,-394071,-83901.125,-569684,45392,-2,2051490,1351688.0,1429212.0,-0.00016283709555864334,-2.2905878722667694e-06,-7.698219269514084e-05,-3.041699528694153e-06,-1.3041775673627853e-05,-1.862645149230957e-08,-4.118774086236954e-07,-3.91155481338501e-08,-0.0007390864193439484,-1.33514404296875e-05,1.259148120880127e-05,1.2919306755065918e-05,-2.3283064365386963e-10,2.3283064365386963e-10,1.259148120880127e-05,1.2718141078948975e-05,-7.450580596923828e-09,2.682209014892578e-07,-0.00025037769228219986,-5.653128027915955e-06,-0.2495574951171875,1.8600921630859375,-2.059295654296875,1.8331146240234375,88692.7890625,89169.875,-1.1920974429813214e-08,3.9130449295043945e-05,2.375732421875,2.3768310546875,1.4202880859375,1.4212646484375
23,20200124,36.01795131677221,0.4446660656391631,1579824000000,288.1128985087077,297.2582251230876,298.12626965840656,298.5433934529622,298.39636611938477,297.97901089986163,297.32421684265137,296.25522867838544,-1.2177515163579564e-18,273.14996337890625,6.839925130208331,296.2755940755208,0.6498367786407471,296.2703857421875,0.8800005316734314,0,99.99998474121094,-7.3453647229951e-24,-7.345364920210326e-25,0,0,273.1600519816081,1.3654430707295704e-05,0.11922136942545573,0.2093022664388021,0.2653045654296875,0.2832628885904948,0.13734820873166123,-5501702,14488776,-6233516,-2851688,16795620,32312857,-0.001379331573843956,-0.0007440191693603992,-7.181894034147263e-05,-4.805624485015869e-06,-0.006037868559360504,0.0003015100955963135,0.0,0.0003003925085067749,1.1175870895385742e-06,-0.0021999748423695564,0.3043212890625,0.6325817108154297,89067.34000651042,0.00019578635692596436,2.374913533528646,1.4193522135416667,286.4252624511719,289.74891662597656,293.35972595214844,302.80763244628906,290.6925354003906,311.31097412109375,293.7759704589844,307.22828674316406,297.2598571777344,299.5956573486328,297.94935607910156,298.0141143798828,297.3175811767578,297.3304901123047,295.709228515625,296.769775390625,-4.662070168868282e-18,-3.8963518804872083e-20,273.14923095703125,273.1508483886719,5.005859374999993,8.577148437499993,295.709228515625,296.817626953125,0.6491698622703552,0.6515502333641052,295.709228515625,296.802978515625,0.8800005316734314,0.8800005316734314,0,0,99.99998474121094,99.99998474121094,-7.3453647229951e-24,-7.3453647229951e-24,-7.345364920210326e-25,-7.345364920210326e-25,0,0,0,0,273.1594543457031,273.1606750488281,-9.454250471417173e-20,4.9382448196411106e-05,0.115692138671875,0.1230010986328125,0.2077484130859375,0.21099853515625,0.2646026611328125,0.2660675048828125,0.283172607421875,0.283355712890625,0.13734791800379753,0.13735489547252655,-838810,-6504.0,0,2318880,-511571,-89219.75,-638108,90568,0,2688002,1266152.0,1411003.0,-0.00022530974820256233,-7.115304470062256e-07,-0.00011009583249688148,-1.5622936189174652e-06,-2.665352076292038e-05,4.656612873077393e-10,-3.864988684654236e-07,-8.381903171539307e-09,-0.0008544623851776123,-6.355345249176025e-06,1.2442469596862793e-05,1.2949109077453613e-05,-2.3283064365386963e-10,2.3283064365386963e-10,1.2442469596862793e-05,1.2584030628204346e-05,0.0,3.5762786865234375e-07,-0.0003354176878929138,-2.600252628326416e-06,-0.5957183837890625,1.319000244140625,-1.7001953125,1.992767333984375,88743.3125,89297.75390625,0.0,6.327033042907715e-05,2.3748779296875,2.375732421875,1.4193115234375,1.4202880859375
24,20200125,36.01795131677221,0.4446660656391631,1579910400000,289.61605644226074,296.8619581858317,298.3379662831624,298.85323842366535,298.46140162150067,298.00153160095215,297.3389066060384,296.3810628255208,-2.2278385127538627e-18,273.1500244140625,6.806925455729164,296.4043782552083,0.6498218774795532,296.3988342285156,0.8800005316734314,0,99.99998474121094,-7.3453647229951e-24,-7.345364920210326e-25,0,0,273.15994453430176,0.00010729581117630001,0.12457656860351562,0.20611254374186197,0.26380348205566406,0.2830791473388672,0.13732660825674733,-5450254,15360210,-5897943,-3751648,17805424,32777167,-0.0013459338806569576,-0.0006193723529577255,-0.0002099471166729927,-4.150904715061188e-06,-0.005817130208015442,0.00031185150146484375,0.0,0.00029690563678741455,1.49458646774292e-05,-0.0021794047206640244,0.16018040974934897,0.21944928169250488,89116.95182291667,0.002380654215812683,2.3739420572916665,1.4183756510416667,287.2830352783203,293.14283752441406,292.6545867919922,302.9502716064453,290.65728759765625,311.25531005859375,293.1694641113281,307.4902801513672,297.17515563964844,299.7140655517578,297.9696044921875,298.0428771972656,297.33258056640625,297.34710693359375,295.775634765625,296.912353515625,-5.6378521241052356e-18,-2.574980676640956e-19,273.14910888671875,273.1509704589844,5.214843749999993,8.577148437499993,295.775634765625,296.962158203125,0.6491698622703552,0.650474488735199,295.775634765625,296.947509765625,0.8800005316734314,0.8800005316734314,0,0,99.99998474121094,99.99998474121094,-7.3453647229951e-24,-7.3453647229951e-24,-7.345364920210326e-25,-7.345364920210326e-25,0,0,0,0,273.1591796875,273.1605682373047,-7.719528649801591e-20,0.000286787748336792,0.1131744384765625,0.1403961181640625,0.2049102783203125,0.20770263671875,0.2631378173828125,0.2645721435546875,0.2830047607421875,0.283172607421875,0.137325681746006,0.13734791800379753,-790836,636.0,0,2298998,-502000,-95526.0,-670246,45578,0,2664996,1291653.0,1445950.0,-0.0002166498452425003,-1.7229467630386353e-08,-9.805988520383835e-05,-8.568167686462402e-08,-5.593104287981987e-05,5.951151251792908e-07,-3.6600977182388306e-07,-1.909211277961731e-08,-0.0008482411503791809,1.7136335372924805e-07,1.2293457984924316e-05,1.7955899238586426e-05,-2.3283064365386963e-10,2.3283064365386963e-10,1.230090856552124e-05,1.2442469596862793e-05,0.0,5.632638931274414e-06,-0.0003162333741784096,2.551823854446411e-07,-1.52825927734375,1.010833740234375,-1.999481201171875,1.6358642578125,88754.58203125,89306.4921875,0.0,0.0008880943059921265,2.3739013671875,2.3748779296875,1.4183349609375,1.4193115234375
25,20200126,36.01795131677221,0.4446660656391631,1579996800000,291.0951779683431,295.94426409403485,297.31755383809406,298.1141923268636,298.23287264506024,298.01854451497394,297.35387293497723,296.5817464192708,-2.1676991734988074e-18,273.1499328613281,5.995157877604164,296.6093343098958,0.6497265100479126,296.60028076171875,0.8800005316734314,0,99.99998474121094,-7.3453647229951e-24,-7.345364920210326e-25,0,0,273.16004943847656,0.00017466768622398376,0.15308443705240884,0.20393053690592447,0.26244163513183594,0.28290875752766925,0.13731899143507084,-5931438,14392600,-5604490,-2949888,16682960,32547882,-0.0011174390092492104,-0.0008062948472797871,-0.00044451188296079636,-3.57162207365036e-06,-0.0049415454268455505,0.00031882524490356445,4.656612873077393e-10,0.00029362738132476807,2.5197863578796387e-05,-0.002371816895902157,0.2530568440755208,0.3470878601074219,89089.84195963542,0.003738723869275873,2.3728485107421875,1.4175160725911458,289.5209045410156,293.4013671875,290.9653778076172,301.50657653808594,289.4685516357422,309.5353240966797,292.95616149902344,305.6383972167969,297.1533203125,299.28111267089844,297.99334716796875,298.0422668457031,297.34722900390625,297.36131286621094,296.008544921875,297.065185546875,-5.258381363735309e-18,-3.7608268027969764e-19,273.14874267578125,273.1512451171875,3.875976562499993,8.577148437499993,296.008056640625,297.121337890625,0.6489714980125427,0.6508330702781677,296.008056640625,297.097900390625,0.8800005316734314,0.8800005316734314,0,0,99.99998474121094,99.99998474121094,-7.3453647229951e-24,-7.3453647229951e-24,-7.345364920210326e-25,-7.345364920210326e-25,0,0,0,0,273.1591033935547,273.16090393066406,1.1324882507323863e-06,0.00028246641159057617,0.1332855224609375,0.1780853271484375,0.2031097412109375,0.20489501953125,0.2618408203125,0.2631072998046875,0.2828369140625,0.2830047607421875,0.1373187005519867,0.137325681746006,-889561,2444.0,0,2367420,-418081,-134902.25,-588758,52532,0,2744056,1261996.1875,1451343.0,-0.00021038390696048737,-3.725290298461914e-09,-0.0001413477584719658,1.6367994248867035e-07,-0.00012451177462935448,1.516193151473999e-06,-3.129243850708008e-07,-5.587935447692871e-09,-0.0007745213806629181,8.121132850646973e-07,1.2174248695373535e-05,3.018975257873535e-05,-2.3283064365386963e-10,4.656612873077393e-10,1.2174248695373535e-05,1.230090856552124e-05,-3.725290298461914e-09,1.798570156097412e-05,-0.0003557102754712105,9.760260581970215e-07,-1.3073272705078125,0.9965667724609375,-1.171539306640625,1.6520843505859375,88761.26171875,89297.390625,0.0,0.0025931358337629717,2.372802734375,2.3739013671875,1.41748046875,1.4183349609375
26,20200127,36.01795131677221,0.4446660656391631,1580083200000,291.47868792215985,295.12683423360187,296.03582255045575,297.08264032999676,297.68927574157715,297.98195521036786,297.3681634267171,296.60850016276044,-1.4892960931001798e-18,273.1499938964844,7.239746093749997,296.63037109375,0.6506716012954712,296.6272888183594,0.8800005316734314,0,99.99998474121094,-7.3453647229951e-24,-7.345364920210326e-25,0,0,273.16006660461426,0.00019869084159533182,0.18764940897623697,0.20307286580403647,0.2612743377685547,0.2827618916829427,0.1372973908049365,-5788722,12692930,-4649783,-2778312,14711896,32885944,-0.0008360026404261589,-0.0008042817935347557,-0.0006696637719869614,-4.798173904418945e-06,-0.004376105964183807,0.00031413137912750244,4.656612873077393e-10,0.0002906695008277893,2.345442771911621e-05,-0.0023147473111748695,0.5250072479248047,-0.15983136494954428,89074.14306640625,0.0035792618988921276,2.371983846028646,1.4165445963541667,290.4309844970703,292.28599548339844,291.6427764892578,300.12403869628906,290.4127502441406,306.0910186767578,293.4830322265625,303.09608459472656,296.88661193847656,298.4803771972656,297.9556579589844,298.0304412841797,297.3614196777344,297.3744201660156,296.250244140625,296.960205078125,-5.5836420154809604e-18,-1.0503213715832153e-19,273.1488952636719,273.1510314941406,6.322265624999993,8.357421874999993,296.257080078125,296.997314453125,0.6501616835594177,0.6514739394187927,296.257080078125,296.990478515625,0.8800005316734314,0.8800005316734314,0,0,99.99998474121094,99.99998474121094,-7.3453647229951e-24,-7.3453647229951e-24,-7.345364920210326e-25,-7.345364920210326e-25,0,0,0,0,273.1593780517578,273.1607360839844,9.983777999877906e-06,0.0003052949905395508,0.1730804443359375,0.2059783935546875,0.202606201171875,0.2035064697265625,0.26080322265625,0.2618255615234375,0.2826995849609375,0.2828369140625,0.13729646429419518,0.1373187005519867,-855745,5340.5,0,2046262,-359047,-104675.5,-578084,64180,0,2371442,1273595.75,1451345.0,-0.00017044227570295334,0.0,-0.00015953043475747108,1.443084329366684e-06,-0.00014060735702514648,2.4416367523372173e-06,-2.8545036911964417e-07,-1.0989606380462646e-07,-0.0007221251726150513,2.139713615179062e-06,1.2166798114776611e-05,1.7598271369934082e-05,0.0,4.656612873077393e-10,1.2055039405822754e-05,1.2166798114776611e-05,2.7939677238464355e-09,5.513429641723633e-06,-0.00034218840301036835,2.1354062482714653e-06,-0.8292999267578125,1.57049560546875,-2.941741943359375,1.3755340576171875,88803.34765625,89293.08203125,4.284083843231201e-07,0.0008348003029823303,2.3719482421875,2.372802734375,1.41650390625,1.41748046875
27,20200128,36.01795131677221,0.4446660656391631,1580169600000,291.2578379313151,294.42428970336914,295.2987817128499,296.3278401692708,296.98112805684406,297.85993576049805,297.38069343566895,296.3670247395833,-5.65994663525441e-19,273.15008544921875,7.632609049479164,296.3770345052083,0.649823784828186,296.37542724609375,0.8800005316734314,0,99.99998474121094,-7.3453647229951e-24,-7.345364920210326e-25,0,0,273.1599547068278,0.00019262482722600302,0.21443748474121094,0.2034581502278646,0.26030413309733075,0.2826302846272786,0.13728977398326,-5481528,11557842,-4390169,-2202656,13397212,32764455,-0.000728558748960495,-0.0007504564709961414,-0.0007088547572493553,-4.042871296405792e-06,-0.0037169232964515686,0.00030922889709472656,0.0,0.00028803199529647827,2.123415470123291e-05,-0.0021919114515185356,0.7743841807047526,0.14316348234812418,89089.86376953125,0.0033337056637492424,2.3710123697916665,1.4155680338541667,290.1494903564453,292.2990417480469,291.12713623046875,299.09889221191406,290.0673828125,304.49285888671875,293.06837463378906,301.5464172363281,296.27195739746094,297.78981018066406,297.79925537109375,297.9490966796875,297.3745574951172,297.3861389160156,296.041259765625,296.722900390625,-2.5749809868336856e-18,-8.385631347696402e-20,273.1492919921875,273.15087890625,6.001953124999993,8.577148437499993,296.041259765625,296.749267578125,0.6491698622703552,0.6515960097312927,296.041259765625,296.743408203125,0.8800005316734314,0.8800005316734314,0,0,99.99998474121094,99.99998474121094,-7.3453647229951e-24,-7.3453647229951e-24,-7.345364920210326e-25,-7.345364920210326e-25,0,0,0,0,273.15928649902344,273.16094970703125,1.677870750427244e-05,0.0003052949905395508,0.2053680419921875,0.228302001953125,0.203125,0.2039947509765625,0.259857177734375,0.260772705078125,0.2825775146484375,0.2826995849609375,0.13728948310017586,0.13729646429419518,-875058,2690.0,0,1976236,-321403,-96737.75,-498244,48020,0,2290784,1304284.0,1456487.0,-0.00016667786985635757,0.0,-0.00016489578410983086,1.3046665117144585e-06,-0.00014818552881479263,1.3830140233039856e-06,-2.42842361330986e-07,-2.7474015951156616e-08,-0.0006481409072875977,1.0654330253601074e-06,1.208484172821045e-05,2.0310282707214355e-05,-4.656612873077393e-10,2.3283064365386963e-10,1.195073127746582e-05,1.2055039405822754e-05,5.587935447692871e-08,8.32974910736084e-06,-0.0003499118611216545,1.0766088962554932e-06,-0.16021728515625,1.5426177978515625,-1.0448522567749023,1.237762451171875,88810.19140625,89283.90234375,7.964670658111572e-06,0.0012303143739700317,2.3709716796875,2.3719482421875,1.41552734375,1.41650390625
28,20200129,36.01795131677221,0.4446660656391631,1580256000000,291.06582005818683,295.07861709594727,296.5448754628499,297.07010587056476,296.9940668741862,297.7071069081624,297.38955624898273,296.36614990234375,-1.1303657783035935e-18,273.1500244140625,7.510498046874997,296.3835856119792,0.6496978998184204,296.3809509277344,0.8800005316734314,0,99.99998474121094,-7.3453647229951e-24,-7.345364920210326e-25,0,0,273.1600964864095,0.00019814322392145792,0.2535330454508464,0.2060267130533854,0.25923792521158856,0.2824840545654297,0.13726817335312566,-7855928,16474074,-4945054,-3469360,19095784,32810843,-0.0011975131928920746,-0.0012851385399699211,-0.0006537288427352905,-4.984438419342041e-06,-0.0057067424058914185,0.00042025744915008545,2.3283064365386963e-10,0.0002851933240890503,0.00013506412506103516,-0.003141365945339203,0.8443355560302734,-0.27130937576293945,89135.30029296875,0.01564766976116516,2.3700358072916665,1.4145914713541667,288.991943359375,292.67405700683594,291.379150390625,300.35101318359375,290.04486083984375,307.0689239501953,293.0832061767578,303.145751953125,295.79052734375,298.13914489746094,297.67564392089844,297.79010009765625,297.3863220214844,297.3924865722656,295.875244140625,296.836181640625,-5.963112775850887e-18,-1.7110070704415695e-19,273.1492919921875,273.1510009765625,6.348632812499993,8.577148437499993,295.875244140625,296.875244140625,0.6490477919578552,0.6502379775047302,295.875244140625,296.867431640625,0.8800005316734314,0.8800005316734314,0,0,99.99998474121094,99.99998474121094,-7.3453647229951e-24,-7.3453647229951e-24,-7.345364920210326e-25,-7.345364920210326e-25,0,0,0,0,273.1597595214844,273.16075134277344,1.2934207916259742e-05,0.00030517578124999995,0.2207794189453125,0.361785888671875,0.2040863037109375,0.222412109375,0.25872802734375,0.2598419189453125,0.28240966796875,0.2825775146484375,0.13726724684238434,0.13728948310017586,-1244920,3312.0,0,2772002,-424737,-57544.125,-714336,76620,0,3212942,1299365.0,1425244.0,-0.00024225888773798943,0.0,-0.00024065328761935234,1.519918441772461e-06,-0.0001424041111022234,0.0,-3.7299469113349915e-07,-1.341104507446289e-07,-0.0009059533476829529,1.3187527656555176e-06,1.1935830116271973e-05,4.0650367736816406e-05,0.0,2.3283064365386963e-10,1.1824071407318115e-05,1.1943280696868896e-05,1.1175870895385742e-08,2.882629632949829e-05,-0.0004978091455996037,1.325272023677826e-06,-0.2462005615234375,2.1660003662109375,-3.102203369140625,1.0462188720703125,88772.26171875,89307.4296875,1.9669532775878906e-06,0.003367531299602433,2.3699951171875,2.3709716796875,1.41455078125,1.41552734375
29,20200130,36.01795131677221,0.4446660656391631,1580342400000,291.1124432881673,295.627986907959,296.784917195638,297.4273872375488,297.41487948099774,297.6254475911458,297.39551544189453,296.59336344401044,-1.3285010742114562e-18,273.1499938964844,6.548380533854164,296.6215006510417,0.6497423648834229,296.6137390136719,0.8800005316734314,0,99.99998474121094,-7.3453647229951e-24,-7.345364920210326e-25,0,0,273.1599858601888,0.00018065919478734335,0.332363764444987,0.2571156819661458,0.2582556406656901,0.2823187510172526,0.13724593352526426,-9713952,18848468,-6044674,-3167184,21846784,31899266,-0.0016990620642900467,-0.0016640243120491505,-0.0005168430507183075,-4.40794974565506e-06,-0.006186336278915405,0.00042173266410827637,0.0,0.0002821385860443115,0.00013959407806396484,-0.0038843369111418724,0.4061156113942464,0.2781467040379842,89122.78531901042,0.01363514959729173,2.3690592447916665,1.4136149088541667,290.0960235595703,291.8371124267578,291.12904357910156,300.69378662109375,290.2674102783203,308.21966552734375,293.4222869873047,303.9086456298828,296.12530517578125,298.7401428222656,297.5931396484375,297.67108154296875,297.39268493652344,297.39854431152344,295.976318359375,297.163818359375,-4.6078600602440064e-18,-9.656180768577852e-20,273.1494140625,273.15069580078125,4.899414062499993,8.577148437499993,295.975830078125,297.221923828125,0.6491698622703552,0.650474488735199,295.975830078125,297.202392578125,0.8800005316734314,0.8800005316734314,0,0,99.99998474121094,99.99998474121094,-7.3453647229951e-24,-7.3453647229951e-24,-7.345364920210326e-25,-7.345364920210326e-25,0,0,0,0,273.15911865234375,273.16075134277344,8.642673492431163e-07,0.00030505657196044916,0.299285888671875,0.3681640625,0.228485107421875,0.271240234375,0.257904052734375,0.2587127685546875,0.2822418212890625,0.28240966796875,0.13724500685930252,0.13726724684238434,-1477018,5239.0,0,2978496,-468659,-94865.3125,-621652,116412,-2,3452156,1244611.0,1382106.125,-0.000306915957480669,0.0,-0.0002822522073984146,2.2902386263012886e-06,-0.00018395599909126759,1.8719583749771118e-07,-3.1618401408195496e-07,-4.7497451305389404e-08,-0.0009342357516288757,2.0936131477355957e-06,1.1786818504333496e-05,2.9146671295166016e-05,0.0,0.0,1.1689960956573486e-05,1.1816620826721191e-05,1.4901161193847656e-08,1.7464160919189453e-05,-0.0005906186997890472,2.095010131597519e-06,-0.9487018585205078,1.888214111328125,-1.864950180053711,1.4576263427734375,88743.66796875,89368.66796875,2.86102294921875e-06,0.001735883950459538,2.3690185546875,2.3699951171875,1.41357421875,1.41455078125
30,20200101,36.098799692342965,0.4446660656391631,1577836800000,287.6274350484212,294.43836148579913,294.5010458628337,295.4131145477295,295.6295248667399,295.95426750183105,296.30343945821124,295.51304117838544,-3.070777536361485e-18,273.14984130859375,1.999999999999993,295.5130208333333,0.6500014662742615,295.51300048828125,0.8800005316734314,0,99.99998474121094,-7.3453647229951e-24,-7.345364920210326e-25,0,0,273.1599547068278,2.395610014597573e-05,0.22930018107096353,0.2467632293701172,0.2293701171875,0.3051141103108724,0.12853447813540697,-9929336,19993508,-7841992,-2578664,22942688,28922132,-0.003012825269252062,-0.0007745190523564816,-0.00010748207569122314,-7.563643157482147e-05,-0.006696976721286774,0.003820464015007019,2.3283064365386963e-10,0.0038197562098503113,6.854534149169922e-07,-0.003970462828874588,-0.460313359896342,0.5060520172119141,87997.71012369792,0.0001283586024669603,2.047368367513021,1.5135548909505208,286.4033203125,288.80517578125,287.7459716796875,300.8804473876953,285.63291931152344,305.4303894042969,289.80853271484375,302.1023254394531,293.8626708984375,297.2781982421875,295.9108123779297,296.0022430419922,296.2991485595703,296.3077697753906,294.527587890625,296.393798828125,-5.800482449978061e-18,-7.86046626750779e-19,273.14825439453125,273.15069580078125,1.999999999999993,1.999999999999993,294.527587890625,296.393798828125,0.6500014662742615,0.6500014662742615,294.527587890625,296.393798828125,0.8800005316734314,0.8800005316734314,0,0,99.99998474121094,99.99998474121094,-7.3453647229951e-24,-7.3453647229951e-24,-7.345364920210326e-25,-7.345364920210326e-25,0,0,0,0,273.1592102050781,273.1605987548828,8.940696716305255e-08,9.146332740783687e-05,0.2208709716796875,0.23944091796875,0.2420196533203125,0.2520904541015625,0.2277069091796875,0.231109619140625,0.3046722412109375,0.3055572509765625,0.12853365018963814,0.12855352088809013,-1272661,6123.5,0,2517270,-476578,-217256.0,-474530,142888,0,2888610,1102065.6875,1306294.0,-0.00040552206337451935,0.0,-0.00010007387027144432,0.0,-5.133519880473614e-05,7.35861249268055e-06,-5.8300793170928955e-06,-4.330649971961975e-08,-0.0008567646145820618,2.448447048664093e-06,0.00015664100646972656,0.00016173720359802246,-2.3283064365386963e-10,2.3283064365386963e-10,0.0001566186547279358,0.0001617223024368286,0.0,2.905726432800293e-07,-0.0005089016631245613,2.448447048664093e-06,-1.5005626678466797,1.2243194580078125,-1.567657470703125,1.7849884033203125,87715.7109375,88224.78125,0.0,5.586445331573486e-05,2.04736328125,2.0474853515625,1.5135498046875,1.513671875
31,20200102,36.098799692342965,0.4446660656391631,1577923200000,288.47646141052246,294.2596912384033,294.3665078481038,295.16888936360675,295.3585211435954,295.8997624715169,296.2940495808919,294.73927815755206,-2.0849017029046996e-18,273.1500549316406,1.8638102213541596,295.3081461588542,0.6503794193267822,295.2579650878906,0.8800005316734314,0,99.99998474121094,-7.3453647229951e-24,-7.345364920210326e-25,0,0,273.1600456237793,3.0038257439931202e-05,0.21729024251302084,0.23733838399251303,0.2258739471435547,0.3042093912760417,0.12852923044313988,-8294320,17599576,-6979370,-2454040,20195544,29681735,-0.002525393385440111,-0.0006196917966008186,-0.00010698754340410233,-6.459373980760574e-05,-0.005579061806201935,0.0036969929933547974,0.0,0.0036950334906578064,1.996755599975586e-06,-0.003316666930913925,-0.5716935793558756,0.5305951436360677,88073.09635416667,0.00040302872645270327,2.0471293131510415,1.5134328206380208,285.98585510253906,290.1042022705078,287.5898742675781,299.91078186035156,285.44142150878906,305.1800994873047,289.46250915527344,301.57130432128906,293.56524658203125,296.8908996582031,295.85874938964844,295.9668884277344,296.2891845703125,296.2987823486328,294.269775390625,295.380126953125,-5.0957510378624834e-18,-1.3044312557595054e-19,273.1490783691406,273.151123046875,1.400390624999993,1.999999999999993,294.269775390625,296.191650390625,0.649162232875824,0.652702271938324,294.269775390625,296.035400390625,0.8800005316734314,0.8800005316734314,0,0,99.99998474121094,99.99998474121094,-7.3453647229951e-24,-7.3453647229951e-24,-7.345364920210326e-25,-7.345364920210326e-25,0,0,0,0,273.15911865234375,273.1606750488281,3.4570693969726342e-06,6.562471389770505e-05,0.21148681640625,0.2238311767578125,0.2335205078125,0.2418365478515625,0.2242431640625,0.2276153564453125,0.3037872314453125,0.3046417236328125,0.12852903828024864,0.12853365018963814,-1154790,222.0,0,2318636,-429799,-202475.5,-453348,94376,0,2660644,1118836.5625,1343474.0,-0.00036921026185154915,0.0,-8.701300248503685e-05,0.0,-2.9632821679115295e-05,4.668370820581913e-06,-5.837529897689819e-06,-1.6530975699424744e-08,-0.000755995512008667,8.195638656616211e-08,0.00015151500701904297,0.00015641748905181885,0.0,0.0,0.0001515224575996399,0.0001564323902130127,0.0,4.76837158203125e-07,-0.00046176882460713387,8.940696716308594e-08,-1.4833555221557617,0.24741172790527344,-1.6208343505859375,1.5997467041015625,87811.7578125,88239.109375,-5.960487214906607e-09,9.703636169433594e-05,2.047119140625,2.04736328125,1.513427734375,1.5135498046875
32,20200103,36.098799692342965,0.4446660656391631,1578009600000,289.10592460632324,295.2793674468994,295.003609975179,295.56881523132324,295.51024691263837,295.8497200012207,296.2844117482503,295.34417724609375,-2.0599140241655446e-18,273.15008544921875,1.9784342447916596,295.4512532552083,0.6501137018203735,295.4421081542969,0.8800005316734314,0,99.99998474121094,-7.3453647229951e-24,-7.345364920210326e-25,0,0,273.1599038441976,3.9394944906234734e-05,0.20816167195638022,0.22930145263671875,0.22236760457356772,0.3032976786295573,0.1285246149636805,-8534104,17851218,-6395596,-2732472,20484072,30581329,-0.002547996584326029,-0.0006477022543549538,-0.00016743969172239304,-4.941131919622421e-05,-0.0057597532868385315,0.003575444221496582,4.656612873077393e-10,0.003573872148990631,1.5795230865478516e-06,-0.003412548452615738,-0.43601012229919434,0.3809693654378255,88145.3330078125,0.0003374576567694021,2.047002156575521,1.5133107503255208,287.27171325683594,290.30397033691406,288.6725311279297,300.54087829589844,286.66053771972656,305.75721740722656,290.2479705810547,302.264892578125,293.750732421875,297.07167053222656,295.8072509765625,295.9008331298828,296.2792663574219,296.2895812988281,294.432861328125,296.016357421875,-5.746272341353786e-18,-1.8465323420022576e-19,273.1492614746094,273.1513977050781,1.950195312499993,1.999999999999993,294.432861328125,296.257080078125,0.6499480605125427,0.650505006313324,294.432861328125,296.229736328125,0.8800005316734314,0.8800005316734314,0,0,99.99998474121094,99.99998474121094,-7.3453647229951e-24,-7.3453647229951e-24,-7.345364920210326e-25,-7.345364920210326e-25,0,0,0,0,273.1585235595703,273.16123962402344,2.324581146240229e-06,9.83178615570068e-05,0.2019500732421875,0.2157135009765625,0.2257843017578125,0.2333831787109375,0.2207183837890625,0.2241363525390625,0.3028564453125,0.303741455078125,0.12852442264556885,0.12852903828024864,-1226688,-744.0,0,2547962,-448775,-123986.0,-510820,107560,0,2923762,1180324.0,1356996.0,-0.0003910860978066921,0.0,-9.319139644503593e-05,0.0,-8.141319267451763e-05,4.195608198642731e-06,-4.493631422519684e-06,-4.377216100692749e-08,-0.0008056536316871643,-2.905726432800293e-07,0.00014650821685791016,0.0001513659954071045,-1.4551915228366852e-11,4.656612873077393e-10,0.000146523118019104,0.00015134364366531372,-1.4901161193847656e-08,2.980232238769531e-07,-0.0004905182868242264,-2.980232238769531e-07,-1.2467803955078125,0.34014892578125,-1.2718048095703125,1.6631011962890625,87836.94921875,88408.9921875,-1.4901161193847656e-08,6.562471389770508e-05,2.0469970703125,2.047119140625,1.5133056640625,1.513427734375
33,20200104,36.098799692342965,0.4446660656391631,1578096000000,287.70346132914227,295.68221728007,295.5132344563802,296.08987681070965,295.9173666636149,295.8541895548503,296.2744375864665,295.7973225911458,-1.0895671625409468e-18,273.14996337890625,1.9888102213541596,295.8529866536458,0.6500157713890076,295.8473205566406,0.8800005316734314,0,99.99998474121094,-7.3453647229951e-24,-7.345364920210326e-25,0,0,273.15985679626465,1.745919386545815e-05,0.19573402404785156,0.22120157877604166,0.21873919169108072,0.302364985148112,0.12850537989288568,-10199880,20930596,-7410524,-3207044,24016744,29832990,-0.003077501431107521,-0.0008138576522469521,-0.00011431332677602768,-7.297750562429428e-05,-0.007428258657455444,0.0034544169902801514,6.984919309616089e-10,0.003453560173511505,8.344650268554688e-07,-0.00407865084707737,-0.7975569168726603,0.251350204149882,88022.26220703125,0.0001817649290387635,2.0467631022135415,1.5131886800130208,286.3847351074219,289.0203399658203,288.88026428222656,302.03236389160156,286.91981506347656,307.5909881591797,290.37042236328125,303.5434875488281,294.0232849121094,297.6101531982422,295.8028259277344,295.9141082763672,296.26966857910156,296.2786560058594,294.818603515625,296.589111328125,-2.9273466928914745e-18,-1.4230158683751074e-19,273.14947509765625,273.150634765625,1.965820312499993,1.999999999999993,294.818603515625,296.704345703125,0.649955689907074,0.6501616835594177,294.818603515625,296.688720703125,0.8800005316734314,0.8800005316734314,0,0,99.99998474121094,99.99998474121094,-7.3453647229951e-24,-7.3453647229951e-24,-7.345364920210326e-25,-7.345364920210326e-25,0,0,0,0,273.158203125,273.1613464355469,-6.8521677389938e-20,5.823373794555659e-05,0.187774658203125,0.205322265625,0.217376708984375,0.2256622314453125,0.2170257568359375,0.220611572265625,0.301910400390625,0.302825927734375,0.12850455194711685,0.12852442264556885,-1495824,649.25,0,2982244,-490085,-177967.0,-674736,132252,0,3421964,1160746.0,1342290.0,-0.0004590102471411228,0.0,-0.00011880416423082352,0.0,-4.9404334276914597e-05,4.380999598652124e-06,-4.971399903297424e-06,-5.3085386753082275e-08,-0.0010910183191299438,2.5890767574310303e-07,0.00014150142669677734,0.00014635920524597168,0.0,4.656612873077393e-10,0.00014150887727737427,0.0001463368535041809,0.0,5.513429641723633e-07,-0.0005981381982564926,2.5960616767406464e-07,-1.4606781005859375,0.2740478515625,-1.8369102478027344,1.7141876220703125,87749.0,88249.00390625,-1.3249689345684601e-08,0.00011772662401199341,2.0467529296875,2.0469970703125,1.51318359375,1.5133056640625
34,20200105,36.098799692342965,0.4446660656391631,1578182400000,287.0806248982747,295.3326638539632,295.49846267700195,296.10461870829266,296.01769129435223,295.8970597585042,296.2648677825928,295.8178304036458,-1.0718500911934032e-18,273.1499938964844,1.999999999999993,295.8178304036458,0.6500014662742615,295.8178405761719,0.8800005316734314,0,99.99998474121094,-7.3453647229951e-24,-7.345364920210326e-25,0,0,273.1601206461589,6.025036176045707e-06,0.18273162841796875,0.21310933430989584,0.2151025136311849,0.30141258239746094,0.1285001322006186,-9514680,19720630,-7246988,-2868776,22628128,29959593,-0.002903854940086603,-0.0007417942397296429,-7.422827184200287e-05,-8.477643132209778e-05,-0.007047273218631744,0.0033358484506607056,-2.3283064365386963e-10,0.0033350735902786255,7.599592208862305e-07,-0.0038046538829803467,-0.3933517138163249,0.4198436737060547,87932.7001953125,0.00018287535516492426,2.046635945638021,1.5130666097005208,286.14593505859375,288.5560607910156,288.75523376464844,301.8434600830078,286.6130065917969,307.81980895996094,290.2378387451172,303.6986846923828,294.16798400878906,297.68406677246094,295.8472595214844,295.9552001953125,296.2599792480469,296.26953125,294.852783203125,296.664306640625,-3.0086618558278874e-18,-8.470334642421832e-20,273.149169921875,273.15087890625,1.999999999999993,1.999999999999993,294.853759765625,296.664306640625,0.6500014662742615,0.6500014662742615,294.853759765625,296.663818359375,0.8800005316734314,0.8800005316734314,0,0,99.99998474121094,99.99998474121094,-7.3453647229951e-24,-7.3453647229951e-24,-7.345364920210326e-25,-7.345364920210326e-25,0,0,0,0,273.1594696044922,273.1608123779297,-4.770490179321679e-20,3.570318222045897e-05,0.1757659912109375,0.1911163330078125,0.2095489501953125,0.2172698974609375,0.21343994140625,0.2169189453125,0.30096435546875,0.3018798828125,0.12849994003772736,0.12850455194711685,-1481503,-7634.5,0,3062560,-515775,-123213.0,-630752,138556,0,3514126,1164841.5625,1323792.0,-0.0004741279408335686,0.0,-0.00011511240154504776,-1.1641532182693481e-10,-3.203190863132477e-05,2.39216024056077e-06,-6.552785634994507e-06,-9.266659617424011e-08,-0.0010400041937828064,-3.053806722164154e-06,0.00013662874698638916,0.00014133751392364502,-2.3283064365386963e-10,2.3283064365386963e-10,0.00013662874698638916,0.00014132261276245117,0.0,3.5762786865234375e-07,-0.000592411495745182,-3.0526425689458847e-06,-1.3946552276611328,1.1766815185546875,-1.7108612060546875,1.7100830078125,87604.2890625,88198.54296875,0.0,8.535385131835938e-05,2.046630859375,2.0467529296875,1.5130615234375,1.51318359375
35,20200106,36.098799692342965,0.4446660656391631,1578268800000,288.2608350118001,295.78189277648926,296.2388547261556,296.7229111989339,296.33355140686035,295.95548184712726,296.2562885284424,294.92120361328125,-1.6366094121727845e-18,273.14996337890625,1.8483072916666596,295.7513427734375,0.6505968570709229,295.6764831542969,0.8800005316734314,0,99.99998474121094,-7.3453647229951e-24,-7.345364920210326e-25,0,0,273.1601098378499,0.00013192867239316303,0.19240951538085938,0.20655123392740884,0.21174494425455728,0.3004741668701172,0.1284808972850442,-8682864,19912124,-7191648,-3660088,22848016,30414031,-0.001999580767005682,-0.0005402490496635437,-0.0008518192917108536,-8.038431406021118e-05,-0.007122203707695007,0.003246784210205078,4.656612873077393e-10,0.0032218173146247864,2.4959444999694824e-05,-0.0034720338881015778,-0.38427603244781494,0.06291007995605469,87942.0751953125,0.004780563712017738,2.046513875325521,1.5128275553385417,286.2274169921875,289.7252197265625,289.2755432128906,302.2160949707031,286.97900390625,307.747314453125,290.4637908935547,304.0432434082031,294.33941650390625,298.0419158935547,295.8992004394531,296.03538513183594,296.2522888183594,296.25999450683594,294.629638671875,295.615478515625,-2.9273466928914745e-18,-1.5754817988808815e-19,273.1492919921875,273.1507568359375,1.183593749999993,1.999999999999993,294.630126953125,296.801025390625,0.6494216322898865,0.653037965297699,294.630126953125,296.479248046875,0.8800005316734314,0.8800005316734314,0,0,99.99998474121094,99.99998474121094,-7.3453647229951e-24,-7.3453647229951e-24,-7.345364920210326e-25,-7.345364920210326e-25,0,0,0,0,273.1591339111328,273.1609344482422,5.03659248352048e-06,0.0003347992897033691,0.17364501953125,0.2168121337890625,0.204803466796875,0.209442138671875,0.2103271484375,0.2133331298828125,0.3000335693359375,0.300933837890625,0.12848006933927536,0.12849994003772736,-1356787,-14414.0,0,2976954,-513057,-158648.0,-799008,129736,0,3415818,1172924.875,1371235.0,-0.0004094010218977928,-2.3283064365386963e-10,-0.00010814657434821129,-1.862645149230957e-09,-0.0002959263511002064,5.213078111410141e-07,-6.543472409248352e-06,-7.776543498039246e-08,-0.0010058693587779999,-6.251037120819092e-06,0.00013211369514465332,0.00014157593250274658,-2.3283064365386963e-10,4.656612873077393e-10,0.00013209134340286255,0.00013646483421325684,-3.725290298461914e-09,7.569789886474609e-06,-0.0005425415001809597,-5.7639554142951965e-06,-1.5758142471313477,0.9129638671875,-2.6295013427734375,1.639129638671875,87644.60546875,88165.640625,0.0,0.0013974159955978394,2.0465087890625,2.046630859375,1.5128173828125,1.5130615234375
36,20200107,36.098799692342965,0.4446660656391631,1578355200000,288.94515736897785,295.9586976369222,295.4378770192464,296.20858065287274,296.27500597635907,296.0339183807373,296.2502632141113,295.7050374348958,-6.371101208224039e-19,273.14996337890625,1.999999999999993,295.7049967447917,0.6500014662742615,295.7049255371094,0.8800005316734314,0,99.99998474121094,-7.3453647229951e-24,-7.345364920210326e-25,0,0,273.160005569458,0.00016004964709281921,0.20967229207356772,0.20347213745117188,0.2087249755859375,0.29955800374348956,0.1284610265865922,-9117236,17822338,-6141754,-2553064,20449588,31067903,-0.002201506868004799,-0.0007011629641056061,-0.0006842445582151413,-5.8813951909542084e-05,-0.006157301366329193,0.0031201988458633423,0.0,0.0031146928668022156,5.5283308029174805e-06,-0.0036457283422350883,-0.7140959103902181,0.020224889119466145,87967.65673828125,0.001274004578590393,2.0462748209635415,1.5127003987630208,286.9357452392578,290.0848846435547,289.2072296142578,301.41632080078125,287.3289031982422,306.5047607421875,291.0567932128906,302.8592834472656,294.7569580078125,297.6603698730469,295.9921875,296.0856628417969,296.2467803955078,296.2532043457031,294.697509765625,296.436767578125,-2.818926475642924e-18,-1.0842026894733873e-19,273.1492919921875,273.1507568359375,1.999999999999993,1.999999999999993,294.697509765625,296.436767578125,0.6500014662742615,0.6500014662742615,294.697509765625,296.436767578125,0.8800005316734314,0.8800005316734314,0,0,99.99998474121094,99.99998474121094,-7.3453647229951e-24,-7.3453647229951e-24,-7.345364920210326e-25,-7.345364920210326e-25,0,0,0,0,273.15916442871094,273.16078186035156,6.169080734252918e-06,0.00033056735992431635,0.201934814453125,0.2163238525390625,0.2019500732421875,0.205413818359375,0.20733642578125,0.210235595703125,0.2991180419921875,0.3000030517578125,0.12846019864082336,0.12848006933927536,-1258136,-3684.0,0,2556086,-422432,-149384.0,-544120,154292,0,2932944,1195459.25,1407347.0,-0.00039416132494807243,0.0,-0.000107624102383852,-1.4435499906539917e-08,-0.00019139936193823814,5.811452865600586e-07,-5.769834388047457e-06,-2.8172507882118225e-08,-0.0009027048945426941,-1.55717134475708e-06,0.00012768805027008057,0.00013190507888793945,-2.3283064365386963e-10,2.3283064365386963e-10,0.00012767314910888672,0.0001319199800491333,0.0,1.914799213409424e-06,-0.0005030930042266846,-1.473352313041687e-06,-1.3648529052734375,-0.16034698486328125,-1.812744140625,1.68780517578125,87664.3828125,88190.9140625,0.0,0.00043991953134536743,2.0462646484375,2.0465087890625,1.5126953125,1.5128173828125
37,20200108,36.098799692342965,0.4446660656391631,1578441600000,289.53288014729816,295.9708029429118,295.6846408843994,296.2952397664388,296.2817846934001,296.08226013183594,296.2453327178955,296.07924397786456,-1.7849107984870838e-18,273.1500549316406,1.999999999999993,296.0792643229167,0.6500014662742615,296.0793151855469,0.8800005316734314,0,99.99998474121094,-7.3453647229951e-24,-7.345364920210326e-25,0,0,273.15999539693195,8.243943254152931e-05,0.2028662363688151,0.20052782694498697,0.20585950215657553,0.29864056905110675,0.1284557788943251,-8193328,16326292,-5662244,-2529048,18732448,31686066,-0.001944147516041994,-0.0006331834010779858,-0.0006360774859786034,-6.28763809800148e-05,-0.005951099097728729,0.003016248345375061,0.0,0.003011055290699005,5.185604095458984e-06,-0.0032762838527560234,-0.8368555704752604,-0.016854604085286457,87995.00113932292,0.001280069351196289,2.046147664388021,1.5125783284505208,288.57421875,290.00181579589844,291.3091125488281,300.68846130371094,288.58551025390625,304.7503662109375,292.1248474121094,302.0128479003906,295.0187683105469,297.5423278808594,296.0467071533203,296.1273498535156,296.24310302734375,296.2473907470703,295.346923828125,296.714599609375,-2.9273466928914745e-18,-1.8126510241120856e-19,273.1492919921875,273.15069580078125,1.999999999999993,1.999999999999993,295.346923828125,296.714111328125,0.6500014662742615,0.6500014662742615,295.346923828125,296.714599609375,0.8800005316734314,0.8800005316734314,0,0,99.99998474121094,99.99998474121094,-7.3453647229951e-24,-7.3453647229951e-24,-7.345364920210326e-25,-7.345364920210326e-25,0,0,0,0,273.1592712402344,273.1609191894531,1.6778707504272417e-05,0.00017350912094116206,0.198974609375,0.2075042724609375,0.1990966796875,0.2021942138671875,0.204559326171875,0.207244873046875,0.2982177734375,0.2990875244140625,0.12845558673143387,0.12846019864082336,-1087988,-3004.0,-2,2195914,-420566,-85527.5,-474334,135936,0,2519540,1220894.0,1371545.0,-0.00030616577714681625,0.0,-8.691428229212761e-05,0.0,-0.0001398078165948391,2.1867454051971436e-06,-3.444729372859001e-06,-7.69738107919693e-07,-0.0008257962763309479,-1.1995434761047363e-06,0.00012342631816864014,0.00012756884098052979,-2.3283064365386963e-10,2.3283064365386963e-10,0.00012343376874923706,0.00012750178575515747,0.0,1.0281801223754883e-06,-0.0004350552335381508,-1.2004747986793518e-06,-1.9227294921875,0.0336761474609375,-1.4472198486328125,1.3146820068359375,87705.30859375,88179.9140625,0.0,0.0002520531415939331,2.046142578125,2.0462646484375,1.5125732421875,1.5126953125
38,20200109,36.098799692342965,0.4446660656391631,1578528000000,288.57346598307294,294.9821472167969,295.19823265075684,295.9382839202881,296.0380032857259,296.0951150258382,296.2417449951172,295.9866129557292,-1.6363975505383944e-18,273.1500244140625,1.994873046874993,296.0168050130208,0.6500110030174255,296.0152282714844,0.8800005316734314,0,99.99998474121094,-7.3453647229951e-24,-7.345364920210326e-25,0,0,273.1600259145101,4.202375809351602e-05,0.1916942596435547,0.19682439168294272,0.20303217569986978,0.2977129618326823,0.1284365439787507,-8643024,18054716,-6621604,-2947344,20715916,30475262,-0.002387543674558401,-0.0006939643062651157,-0.000291699543595314,-8.28942283987999e-05,-0.006324507296085358,0.002912566065788269,0.0,0.002909846603870392,2.7418136596679688e-06,-0.0034561017528176308,-0.6305491129557291,0.38332684834798175,87944.47314453125,0.0007046997547135447,2.0459086100260415,1.5124562581380208,287.2594757080078,289.9648742675781,288.71449279785156,300.8341827392578,286.3211669921875,306.24237060546875,290.31202697753906,302.60618591308594,294.3539733886719,297.54640197753906,296.0550842285156,296.1297302246094,296.2396240234375,296.24388122558594,295.116943359375,296.715576171875,-3.0086618558278874e-18,-1.1180840073635593e-19,273.14923095703125,273.1507568359375,1.971679687499993,1.999999999999993,295.117431640625,296.802978515625,0.649955689907074,0.6501159071922302,295.117431640625,296.799560546875,0.8800005316734314,0.8800005316734314,0,0,99.99998474121094,99.99998474121094,-7.3453647229951e-24,-7.3453647229951e-24,-7.345364920210326e-25,-7.345364920210326e-25,0,0,0,0,273.15936279296875,273.160888671875,9.208917617797833e-06,7.694959640502927e-05,0.185455322265625,0.198944091796875,0.1948699951171875,0.1991424560546875,0.2017059326171875,0.2044677734375,0.297271728515625,0.2981719970703125,0.12843571603298187,0.12845558673143387,-1197847,1371.5,-2,2536214,-420578,-120115.0,-550056,150732,0,2910060,1146581.3125,1379957.0,-0.00037571415305137634,0.0,-9.40077006816864e-05,0.0,-5.8927107602357864e-05,5.879439413547516e-06,-5.9818848967552185e-06,-3.632158041000366e-08,-0.000833660364151001,5.476176738739014e-07,0.00011925399303436279,0.00012327730655670166,-2.3283064365386963e-10,2.3283064365386963e-10,0.00011923909187316895,0.00012328475713729858,0.0,4.3958425521850586e-07,-0.0004789857193827629,5.48316165804863e-07,-1.358306884765625,0.1676483154296875,-2.4078826904296875,1.7765350341796875,87623.4375,88239.5390625,0.0,0.00011239945888519287,2.0458984375,2.046142578125,1.512451171875,1.5125732421875
39,20200110,36.098799692342965,0.4446660656391631,1578614400000,287.4084243774414,296.10851033528644,296.25578625996906,296.7073332468669,296.32450739542645,296.1057122548421,296.23837343851727,295.682373046875,-2.7265998843922053e-18,273.150146484375,1.9609781901041596,295.8699137369792,0.6499995589256287,295.84844970703125,0.8800005316734314,0,99.99998474121094,-7.3453647229951e-24,-7.345364920210326e-25,0,0,273.1601142883301,3.836800654729205e-05,0.17753728230794272,0.19189071655273438,0.20013109842936197,0.29676564534505206,0.12843129628648361,-9951708,21809710,-8007974,-3492664,25023400,29573647,-0.0028557549230754375,-0.0008160839788615704,-0.00022681709378957748,-8.075498044490814e-05,-0.007835209369659424,0.0028119832277297974,0.0,0.0028097033500671387,2.250075340270996e-06,-0.0039794109761714935,-0.38532257080078125,-0.17649205525716147,87931.41878255208,0.0006126612424850464,2.045781453450521,1.5123341878255208,286.3668212890625,289.8493957519531,287.9109802246094,302.3782958984375,285.88706970214844,308.4020080566406,289.855712890625,304.3058166503906,294.2141876220703,298.0727844238281,296.0540466308594,296.16835021972656,296.2366027832031,296.2405090332031,294.751220703125,296.328369140625,-5.8546925586023365e-18,-5.556536650976093e-19,273.1492614746094,273.1512451171875,1.852539062499993,1.999999999999993,294.751220703125,296.740478515625,0.6495818495750427,0.6503981947898865,294.751220703125,296.687744140625,0.8800005316734314,0.8800005316734314,0,0,99.99998474121094,99.99998474121094,-7.3453647229951e-24,-7.3453647229951e-24,-7.345364920210326e-25,-7.345364920210326e-25,0,0,0,0,273.1591491699219,273.16065979003906,7.331371307373023e-06,8.684396743774405e-05,0.1695098876953125,0.18670654296875,0.189361572265625,0.1948394775390625,0.1987762451171875,0.201629638671875,0.2963104248046875,0.2972259521484375,0.12843110412359238,0.12843571603298187,-1393260,-1304.0,0,3042452,-532697,-188814.0,-735292,163412,0,3490740,1127670.875,1316464.0,-0.00041809817776083946,0.0,-0.00011345092207193375,0.0,-6.69439323246479e-05,5.091889761388302e-06,-5.900859832763672e-06,-1.9185245037078857e-07,-0.001080624759197235,-5.047768354415894e-07,0.00011529028415679932,0.00011911988258361816,0.0,0.0,0.00011508911848068237,0.00011908262968063354,-7.450580596923828e-09,3.650784492492676e-07,-0.0005571255460381508,-5.21540641784668e-07,-1.473419189453125,0.7701873779296875,-2.7480621337890625,1.5534515380859375,87600.35546875,88185.48828125,0.0,9.854137897491455e-05,2.0457763671875,2.0458984375,1.5123291015625,1.512451171875
40,20200111,36.098799692342965,0.4446660656391631,1578700800000,288.95694796244305,295.62410672505695,296.2905019124349,296.8459390004476,296.59812863667804,296.17244784037274,296.2360699971517,295.92364501953125,-1.2013755115785144e-18,273.14996337890625,1.9996744791666596,295.9252115885417,0.6500100493431091,295.9252014160156,0.8800005316734314,0,99.99998474121094,-7.3453647229951e-24,-7.345364920210326e-25,0,0,273.1600863138835,0.00013115257024765015,0.17019780476888022,0.18665631612141928,0.1973139444986979,0.29581260681152344,0.12841206137090921,-9385916,19883190,-6833732,-3397756,22813120,30767648,-0.002508109901100397,-0.0007219635881483555,-0.0004423977807164192,-8.06925818324089e-05,-0.007031895220279694,0.0027227401733398438,0.0,0.0027125105261802673,1.0222196578979492e-05,-0.0037531647831201553,-0.4194011688232422,0.3419411977132161,87968.162109375,0.002368614077568054,2.0455423990885415,1.5122121175130208,287.0977783203125,290.1787109375,289.90541076660156,301.77561950683594,287.98350524902344,307.761474609375,291.24327087402344,303.97914123535156,294.9298858642578,298.09796142578125,296.12677001953125,296.23773193359375,296.23492431640625,296.2374572753906,294.922119140625,296.727783203125,-4.8789106033653825e-18,-2.744387266091816e-19,273.14910888671875,273.1504821777344,1.992187499999993,1.999999999999993,294.921142578125,296.727783203125,0.6500014662742615,0.6502074599266052,294.921630859375,296.727783203125,0.8800005316734314,0.8800005316734314,0,0,99.99998474121094,99.99998474121094,-7.3453647229951e-24,-7.3453647229951e-24,-7.345364920210326e-25,-7.345364920210326e-25,0,0,0,0,273.15924072265625,273.1608581542969,1.347064971923824e-05,0.00033465027809143066,0.160675048828125,0.178680419921875,0.184478759765625,0.1893463134765625,0.196044921875,0.198699951171875,0.2953643798828125,0.2962799072265625,0.12841123342514038,0.12843110412359238,-1291030,-9632.0,0,2857374,-514721,-138485.0,-706500,121516,0,3278406,1218261.9375,1346355.0,-0.0003947974182665348,0.0,-0.00010382663458585739,-3.259629011154175e-09,-0.0001432020217180252,-1.862645149230957e-08,-6.023445166647434e-06,-1.587904989719391e-07,-0.0009983479976654053,-4.239380359649658e-06,0.00011149048805236816,0.00011512637138366699,-2.3283064365386963e-10,2.3283064365386963e-10,0.00011113286018371582,0.0001149401068687439,2.421438694000244e-08,2.3543834686279297e-06,-0.0005162479355931282,-3.851950168609619e-06,-1.3963623046875,1.3127288818359375,-2.3266143798828125,2.085845947265625,87595.21484375,88175.1171875,6.943941116333008e-06,0.0005102753639221191,2.0455322265625,2.0457763671875,1.51220703125,1.5123291015625
41,20200112,36.098799692342965,0.4446660656391631,1578787200000,289.5553620656331,295.2940559387207,296.070317586263,296.7561200459798,296.617857615153,296.24177678426105,296.23546981811523,295.95168050130206,-2.722011720329527e-18,273.1501159667969,1.999999999999993,295.95166015625,0.6500014662742615,295.9516906738281,0.8800005316734314,0,99.99998474121094,-7.3453647229951e-24,-7.345364920210326e-25,0,0,273.16001955668133,0.0002053330341974894,0.20899391174316406,0.18440628051757812,0.1947333017985026,0.2948792775472005,0.12840681367864212,-8864620,17965936,-5877642,-3119684,20613088,31635762,-0.002228862140327692,-0.0006652474403381348,-0.0005751624703407288,-7.54399225115776e-05,-0.0065981075167655945,0.002706468105316162,6.984919309616089e-10,0.0026202723383903503,8.6173415184021e-05,-0.003544716164469719,0.04922632376352946,0.12109243869781494,88033.29671223958,0.013600707054138184,2.045415242513021,1.5120900472005208,288.6412811279297,291.4341278076172,290.4278869628906,300.8437957763672,289.152099609375,306.20465087890625,292.1865997314453,303.12892150878906,295.2586364746094,297.92906188964844,296.2048645019531,296.29429626464844,296.2343444824219,296.2364807128906,295.118408203125,296.722900390625,-5.204171255111034e-18,-1.6432444346612255e-19,273.1494140625,273.1509094238281,1.999999999999993,1.999999999999993,295.118408203125,296.722900390625,0.6500014662742615,0.6500014662742615,295.118408203125,296.722900390625,0.8800005316734314,0.8800005316734314,0,0,99.99998474121094,99.99998474121094,-7.3453647229951e-24,-7.3453647229951e-24,-7.345364920210326e-25,-7.345364920210326e-25,0,0,0,0,273.1592559814453,273.16065979003906,3.635883331298781e-06,0.0003349483013153076,0.1697235107421875,0.2983551025390625,0.18072509765625,0.1967315673828125,0.1935882568359375,0.19598388671875,0.29443359375,0.2953338623046875,0.12840662151575089,0.12841123342514038,-1116340,-6652.0,0,2397574,-446918,-108186.0,-568824,101528,0,2750890,1252744.0,1414477.0,-0.00034343358129262924,0.0,-9.099673479795456e-05,5.313195288181305e-07,-0.0001972755417227745,7.450580596923828e-09,-4.488043487071991e-06,-1.5238765627145767e-06,-0.000872485339641571,-2.652406692504883e-06,0.0001085624098777771,0.0001322627067565918,-2.3283064365386963e-10,4.656612873077393e-10,0.00010738521814346313,0.00011099129915237427,3.3527612686157227e-08,2.4080276489257812e-05,-0.00044639408588409424,-2.6579946279525757e-06,-1.033416748046875,1.2637357711791992,-2.6680145263671875,1.8157501220703125,87555.87109375,88284.171875,8.73953104019165e-06,0.0039598047733306885,2.04541015625,2.0455322265625,1.5120849609375,1.51220703125
42,20200113,36.098799692342965,0.4446660656391631,1578873600000,289.7602430979411,293.8952515920003,294.2350482940674,295.43448130289715,295.9857597351074,296.2611338297526,296.2361532847087,295.6564127604167,-1.436144879057549e-18,273.14996337890625,1.999999999999993,295.6564127604167,0.6500014662742615,295.6564025878906,0.8800005316734314,0,99.99998474121094,-7.3453647229951e-24,-7.345364920210326e-25,0,0,273.1599540710449,0.00026263917485872906,0.2944221496582031,0.22818501790364584,0.19287618001302084,0.29399871826171875,0.12840220176925263,-7254964,12934826,-4696246,-1585660,14840580,31928802,-0.0010414700955152512,-0.00031345663592219353,-0.001478155143558979,-6.797723472118378e-05,-0.004451058804988861,0.002628907561302185,2.3283064365386963e-10,0.0025354698300361633,9.34302806854248e-05,-0.00290105864405632,0.22438430786132812,0.5064405600229899,88062.33772786458,0.013546010851769097,2.045293172200521,1.5119679768880208,288.22369384765625,291.1684265136719,289.85520935058594,298.17784118652344,288.8735656738281,302.43824768066406,292.1522216796875,300.1113586425781,295.1113586425781,296.85691833496094,296.2423553466797,296.29478454589844,296.2352600097656,296.237060546875,295.129638671875,296.134521484375,-4.065758974001254e-18,-7.623301695167532e-20,273.1493835449219,273.1504211425781,1.999999999999993,1.999999999999993,295.130126953125,296.135009765625,0.6500014662742615,0.6500014662742615,295.130126953125,296.134521484375,0.8800005316734314,0.8800005316734314,0,0,99.99998474121094,99.99998474121094,-7.3453647229951e-24,-7.3453647229951e-24,-7.345364920210326e-25,-7.345364920210326e-25,0,0,0,0,273.1593017578125,273.1607208251953,3.7372112274169895e-05,0.0003349483013153076,0.2735137939453125,0.3052215576171875,0.2001953125,0.2489013671875,0.1925201416015625,0.1935272216796875,0.293609619140625,0.294403076171875,0.1284020096063614,0.12840662151575089,-1030292,5101.5,0,2047912,-318932,-52084.0,-411464,100792,0,2349606,1210868.0625,1404813.0,-0.0002601444721221924,0.0,-9.049242362380028e-05,6.318441592156887e-06,-0.0003208271227777004,1.1641532182693481e-10,-4.278495907783508e-06,-1.9059516489505768e-06,-0.0006696991622447968,2.045184373855591e-06,0.00010576844215393066,0.0001221299171447754,0.0,2.3283064365386963e-10,0.00010406970977783203,0.0001072511076927185,2.8312206268310547e-07,1.6614794731140137e-05,-0.00041198451071977615,2.0400620996952057e-06,-0.966094970703125,1.5579681396484375,-1.288198471069336,1.7421417236328125,87746.3515625,88294.6015625,6.520748138427734e-05,0.0025049597024917603,2.0452880859375,2.04541015625,1.511962890625,1.5120849609375
43,20200114,36.098799692342965,0.4446660656391631,1578960000000,290.0067761739095,294.7199300130208,295.5410448710124,296.14631207784015,295.9893919626872,296.19486172993976,296.23547236124676,295.7119954427083,-1.0074753804069232e-18,273.14996337890625,1.999999999999993,295.7120361328125,0.6500014662742615,295.7120666503906,0.8800005316734314,0,99.99998474121094,-7.3453647229951e-24,-7.345364920210326e-25,0,0,273.15992228190106,0.00018613040447235107,0.265716552734375,0.2511755625406901,0.19242413838704428,0.2931372324625651,0.12838296685367823,-9803844,19343888,-6093124,-3282328,22193408,31199879,-0.0025095632299780846,-0.0007453751750290394,-0.0006023971363902092,-6.294529885053635e-05,-0.006434038281440735,0.0024662166833877563,0.0,0.0024556592106819153,1.055002212524414e-05,-0.003920282237231731,-0.07313156127929688,0.18991915384928384,87972.12353515625,0.0018413811922073364,2.0450541178385415,1.5117289225260417,288.80906677246094,292.1809387207031,289.6304473876953,300.70701599121094,288.3321838378906,306.512939453125,291.5317840576172,302.6183166503906,294.41465759277344,297.5625,296.1544952392578,296.2437438964844,296.23426818847656,296.2368927001953,294.811767578125,296.540283203125,-4.824700494741107e-18,-8.300928052970972e-20,273.14935302734375,273.150634765625,1.999999999999993,1.999999999999993,294.811767578125,296.540283203125,0.6500014662742615,0.6500014662742615,294.811767578125,296.540283203125,0.8800005316734314,0.8800005316734314,0,0,99.99998474121094,99.99998474121094,-7.3453647229951e-24,-7.3453647229951e-24,-7.345364920210326e-25,-7.345364920210326e-25,0,0,0,0,273.15919494628906,273.1605987548828,3.2484531402587653e-06,0.0003349184989929199,0.2527923583984375,0.2905120849609375,0.248870849609375,0.2542724609375,0.192169189453125,0.192718505859375,0.2927093505859375,0.2935638427734375,0.1283821389079094,0.1284020096063614,-1393536,-1579.0,0,2884530,-461958,-115574.625,-661776,117792,-2,3309464,1225751.8125,1356300.0,-0.0004161330871284008,0.0,-0.00011461367830634117,2.521555870771408e-06,-0.0001730998046696186,1.2516975402832031e-06,-4.179775714874268e-06,-1.9511207938194275e-07,-0.0009533092379570007,-6.295740604400635e-07,0.00010073184967041016,0.00010631978511810303,-2.3283064365386963e-10,2.3283064365386963e-10,0.00010070949792861938,0.00010394304990768433,-3.725290298461914e-09,2.384185791015625e-06,-0.0005572359077632427,-6.314367055892944e-07,-0.7989349365234375,0.7311553955078125,-2.662933349609375,1.6539764404296875,87658.30859375,88207.30078125,-3.725290298461914e-09,0.0002825111150741577,2.0450439453125,2.0452880859375,1.51171875,1.511962890625
44,20200115,36.098799692342965,0.4446660656391631,1579046400000,288.7490431467692,295.115717569987,295.36893399556476,296.12145868937176,296.1851971944173,296.1889413197835,296.23441251118976,295.88441975911456,-2.280213314394036e-18,273.14996337890625,1.999999999999993,295.884521484375,0.6500014662742615,295.8844909667969,0.8800005316734314,0,99.99998474121094,-7.3453647229951e-24,-7.345364920210326e-25,0,0,273.16004435221356,8.904437224070229e-05,0.24068069458007812,0.2443981170654297,0.19196001688639322,0.2922655741373698,0.12836309615522623,-10104696,19229622,-6634504,-2620004,22061380,30558164,-0.002680492587387562,-0.0008044778369367123,-0.00047929584980010986,-7.632002234458923e-05,-0.006767548620700836,0.0023792386054992676,0.0,0.0023771077394485474,2.1457672119140625e-06,-0.0040405867621302605,-0.4739087422688802,0.4135267337163289,87956.28255208333,0.0004472911356856457,2.044926961263021,1.5116017659505208,287.06207275390625,289.9447326660156,290.57212829589844,301.2458801269531,288.9030456542969,306.4381103515625,292.12603759765625,302.7334747314453,294.7577819824219,297.72975158691406,296.1479797363281,296.22430419921875,296.23313903808594,296.23590087890625,295.051025390625,296.736572265625,-5.529431906856685e-18,-3.7947081206871484e-19,273.14935302734375,273.1508483886719,1.999999999999993,1.999999999999993,295.051025390625,296.736572265625,0.6500014662742615,0.6500014662742615,295.051025390625,296.736572265625,0.8800005316734314,0.8800005316734314,0,0,99.99998474121094,99.99998474121094,-7.3453647229951e-24,-7.3453647229951e-24,-7.345364920210326e-25,-7.345364920210326e-25,0,0,0,0,273.1592102050781,273.1608428955078,2.980232238764804e-08,0.0003188550472259521,0.2308197021484375,0.253387451171875,0.2400360107421875,0.248779296875,0.1915740966796875,0.1923980712890625,0.2918548583984375,0.2926788330078125,0.1283622682094574,0.1283821389079094,-1423348,-5489.5,0,2844226,-483986,-117542.125,-581272,164610,0,3263018,1184799.0,1329369.0,-0.00042781978845596313,0.0,-0.00012545287609100342,7.273629307746887e-07,-0.0002139683347195387,1.107342541217804e-06,-5.195848643779755e-06,-5.378387868404388e-07,-0.0009682998061180115,-2.209097146987915e-06,9.752810001373291e-05,0.00010073184967041016,0.0,0.0,9.751319885253906e-05,0.00010059773921966553,0.0,5.140900611877441e-07,-0.0005691573023796082,-2.1953601390123367e-06,-1.511810302734375,1.6168975830078125,-1.938385009765625,1.6697540283203125,87617.3125,88211.73828125,-1.4901161193847656e-08,0.00010949373245239258,2.044921875,2.0450439453125,1.5115966796875,1.51171875
45,20200116,36.098799692342965,0.4446660656391631,1579132800000,288.81189155578613,295.8130022684733,296.05899810791016,296.4538408915202,296.23904609680176,296.1884002685547,296.2333869934082,295.8858642578125,-2.797468376577533e-18,273.1498718261719,1.9854329427083262,295.9368489583333,0.6500348448753357,295.9305725097656,0.8800005316734314,0,99.99998474121094,-7.3453647229951e-24,-7.345364920210326e-25,0,0,273.15995025634766,3.7426749865213783e-06,0.220672607421875,0.23489061991373697,0.19095675150553384,0.2913970947265625,0.12834095489233732,-8863980,17469466,-6035036,-2316236,20041660,31487398,-0.0027503720484673977,-0.0007095085456967354,-2.536643296480179e-05,-5.921162664890289e-05,-0.00624614953994751,0.002301841974258423,2.3283064365386963e-10,0.002301529049873352,2.980232238769531e-07,-0.003544457256793976,-0.5666965246200562,0.22165799140930176,87971.24918619792,7.443206533253033e-05,2.04351806640625,1.5105438232421875,287.5377655029297,290.89588928222656,290.3862609863281,301.15313720703125,288.53565979003906,306.0420684814453,291.7311706542969,302.4212646484375,294.6025390625,297.7164306640625,296.1475372314453,296.23016357421875,296.2321014404297,296.2347869873047,295.024658203125,296.614501953125,-5.963112775850887e-18,-9.215726737932913e-19,273.149169921875,273.1510009765625,1.951171874999993,1.999999999999993,295.024658203125,296.720947265625,0.6499328017234802,0.6502074599266052,295.024658203125,296.708251953125,0.8800005316734314,0.8800005316734314,0,0,99.99998474121094,99.99998474121094,-7.3453647229951e-24,-7.3453647229951e-24,-7.345364920210326e-25,-7.345364920210326e-25,0,0,0,0,273.1593933105469,273.1607971191406,2.9802322387648474e-08,1.3470649719238261e-05,0.2123260498046875,0.230926513671875,0.230499267578125,0.2398529052734375,0.1903839111328125,0.1915740966796875,0.290985107421875,0.2918243408203125,0.12834002822637558,0.1283622682094574,-1310968,-5018.0,0,2577476,-405090,-85286.875,-495126,131676,0,2957058,1189788.5,1426002.0,-0.00041945790871977806,0.0,-0.0001026778481900692,0.0,-1.3360287994146347e-05,2.0209699869155884e-06,-4.54392284154892e-06,-6.752088665962219e-08,-0.000883881002664566,-1.4565885066986084e-06,9.444355964660645e-05,9.739398956298828e-05,-1.4551915228366852e-11,2.3283064365386963e-10,9.442120790481567e-05,9.74014401435852e-05,-1.4901161193847656e-08,1.341104507446289e-07,-0.0005242191255092621,-2.0060688257217407e-06,-1.5975561141967773,1.008453369140625,-1.7755279541015625,1.1535053253173828,87624.5546875,88219.87890625,0.0,3.202259540557861e-05,2.04345703125,2.044921875,1.510498046875,1.5115966796875
46,20200117,36.098799692342965,0.4446660656391631,1579219200000,289.29919560750324,296.1019096374512,296.4483114878337,296.80659166971844,296.51773007710773,296.21903800964355,296.23272196451825,296.02581787109375,-3.577867996382777e-18,273.15008544921875,1.955688476562493,296.1517740885417,0.6500154733657837,296.1282958984375,0.8800005316734314,0,99.99998474121094,-7.3453647229951e-24,-7.345364920210326e-25,0,0,273.16010665893555,1.597031950950619e-05,0.20613670349121094,0.22572199503580728,0.1896031697591146,0.2905419667561849,0.12831871847932538,-8736044,17536190,-5879304,-2559908,20117868,31830549,-0.0026040412485599518,-0.0007073068991303444,-0.00011935923248529434,-6.259419023990631e-05,-0.006254740059375763,0.0022304952144622803,-2.3283064365386963e-10,0.0022291913628578186,1.341104507446289e-06,-0.0034932997077703476,-0.6941625674565634,0.43336915969848633,87922.36051432292,0.0003224969959205737,2.04205322265625,1.5092112223307292,287.3591766357422,292.5966033935547,290.0206756591797,301.59075927734375,288.0981140136719,307.5668182373047,291.37620544433594,303.36126708984375,294.77134704589844,297.96221923828125,296.1729736328125,296.27781677246094,296.2317352294922,296.2335968017578,295.151611328125,296.682861328125,-5.963112775850887e-18,-3.252607034444396e-19,273.149169921875,273.15093994140625,1.895507812499993,1.999999999999993,295.151611328125,296.965087890625,0.649833619594574,0.6503371596336365,295.151611328125,296.894775390625,0.8800005316734314,0.8800005316734314,0,0,99.99998474121094,99.99998474121094,-7.3453647229951e-24,-7.3453647229951e-24,-7.345364920210326e-25,-7.345364920210326e-25,0,0,0,0,273.15911865234375,273.16082763671875,2.2053718566894065e-06,2.5510787963867164e-05,0.1992645263671875,0.2143096923828125,0.2218017578125,0.2303314208984375,0.1889190673828125,0.19036865234375,0.2901458740234375,0.29095458984375,0.12831779196858406,0.12834002822637558,-1457476,-3042.0,0,2971400,-469876,-136199.25,-620660,61252,0,3408794,1211196.5,1479564.0,-0.00045671360567212105,0.0,-0.00011610658839344978,0.0,-2.4102628231048584e-05,3.1362869776785374e-06,-5.015172064304352e-06,-3.4924596548080444e-08,-0.0009975805878639221,-1.1995434761047363e-06,9.146332740783691e-05,9.432435035705566e-05,-2.3283064365386963e-10,2.3283064365386963e-10,9.148567914962769e-05,9.432435035705566e-05,0.0,2.5331974029541016e-07,-0.0005828030407428741,-1.2164236977696419e-06,-1.4628782272338867,0.15074920654296875,-1.7127227783203125,1.5106201171875,87618.5,88182.05078125,-1.1920917586394353e-08,6.098300218582153e-05,2.0419921875,2.04345703125,1.5091552734375,1.510498046875
47,20200118,36.098799692342965,0.4446660656391631,1579305600000,287.0743236541748,297.6401735941569,296.88980229695636,297.26832389831543,296.96573702494305,296.29762077331543,296.23303349812824,296.25750732421875,-4.127874861330005e-18,273.15008544921875,1.999511718749993,296.2607828776042,0.6500179767608643,296.2606506347656,0.8800005316734314,0,99.99998474121094,-7.3453647229951e-24,-7.345364920210326e-25,0,0,273.16000175476074,6.128102540969819e-06,0.19129816691080728,0.21694119771321616,0.1879863739013672,0.2896900177001953,0.12828185564527908,-9721276,18855206,-6761138,-2261100,21630508,31204596,-0.0029534678906202316,-0.000830428209155798,-2.696644514799118e-05,-7.640384137630463e-05,-0.007636271417140961,0.0021593719720840454,4.656612873077393e-10,0.002159297466278076,4.470348358154297e-08,-0.0038872649893164635,-0.37859682242075604,-0.2578896681467692,87867.22542317708,1.210715106481075e-05,2.04058837890625,1.5081024169921875,285.3666076660156,289.6620178222656,291.1748352050781,303.08326721191406,288.5481872558594,307.15614318847656,291.95574951171875,303.6162414550781,295.2293395996094,298.4595031738281,296.2452850341797,296.3799743652344,296.2319641113281,296.2340393066406,295.326416015625,296.952392578125,-5.746272341353786e-18,-2.6291910954579608e-18,273.14886474609375,273.1513671875,1.988281249999993,1.999999999999993,295.326416015625,296.952392578125,0.6500014662742615,0.6503981947898865,295.326416015625,296.952392578125,0.8800005316734314,0.8800005316734314,0,0,99.99998474121094,99.99998474121094,-7.3453647229951e-24,-7.3453647229951e-24,-7.345364920210326e-25,-7.345364920210326e-25,0,0,0,0,273.1592712402344,273.16090393066406,-4.770490179321679e-20,2.187490463256836e-05,0.182525634765625,0.201751708984375,0.2128448486328125,0.2216644287109375,0.1871795654296875,0.1888885498046875,0.2892913818359375,0.2901153564453125,0.12828029319643974,0.12831779196858406,-1368404,-2300.0,0,2816176,-495447,-151755.25,-545812,143020,0,3230566,1186552.0,1427524.0,-0.00042985472828149796,-4.777684807777405e-07,-0.0001140502281486988,-3.6926940083503723e-07,-1.5563564375042915e-05,0.0,-5.6335702538490295e-06,-7.310882210731506e-08,-0.0010328218340873718,-1.3262033462524414e-06,8.860230445861816e-05,9.140372276306152e-05,-2.3283064365386963e-10,4.656612873077393e-10,8.859485387802124e-05,9.137392044067383e-05,0.0,2.2351741790771484e-08,-0.000547187402844429,-9.192153811454773e-07,-1.6031646728515625,0.9035797119140625,-2.5792236328125,1.637847900390625,87543.703125,88085.796875,-8.654808425490046e-09,6.094574928283691e-06,2.04052734375,2.0419921875,1.508056640625,1.5091552734375
48,20200119,36.098799692342965,0.4446660656391631,1579392000000,286.1676025390625,297.3487256368001,296.76775487263996,297.2706642150879,297.00192133585614,296.3865229288737,296.235658009847,296.2366129557292,-1.424533538003989e-18,273.14996337890625,1.9897054036458262,296.2482503255208,0.6499592065811157,296.24737548828125,0.8800005316734314,0,99.99998474121094,-7.3453647229951e-24,-7.345364920210326e-25,0,0,273.16003036499023,2.3593505223554475e-08,0.17438189188639322,0.20784505208333334,0.1861114501953125,0.2888221740722656,0.12825898344938955,-10521448,21500226,-7747328,-3006976,24663848,30101676,-0.0032243491150438786,-0.0008926172740757465,-3.8277357816696167e-07,-8.988380432128906e-05,-0.0083998441696167,0.0020907074213027954,-2.3283064365386963e-10,0.0020906850695610046,0.0,-0.004207233898341656,-0.5524622599283854,-0.3687704801559448,87910.86604817708,8.52346317969932e-07,2.03912353515625,1.5068868001302083,284.25811767578125,288.40423583984375,289.2738342285156,303.7835998535156,286.6074676513672,308.525634765625,290.6138000488281,304.3689727783203,294.97186279296875,298.70074462890625,296.33270263671875,296.465576171875,296.2339630126953,296.2373352050781,295.169677734375,296.995849609375,-2.8460315299550617e-18,-5.675125916482641e-20,273.149169921875,273.1508483886719,1.775390624999993,1.999999999999993,295.169189453125,296.996337890625,0.6493300795555115,0.6500014662742615,295.169189453125,296.995849609375,0.8800005316734314,0.8800005316734314,0,0,99.99998474121094,99.99998474121094,-7.3453647229951e-24,-7.3453647229951e-24,-7.345364920210326e-25,-7.345364920210326e-25,0,0,0,0,273.15936279296875,273.16078186035156,-9.540985528522186e-20,3.576278686523378e-07,0.1651153564453125,0.1853790283203125,0.203643798828125,0.2127227783203125,0.1851959228515625,0.1871337890625,0.2884063720703125,0.2892608642578125,0.12825805693864822,0.12828029319643974,-1476728,-4332.0,0,3009502,-505814,-190530.0,-656454,150668,-2,3452346,1161434.75,1359515.0,-0.0004644854925572872,-4.130997695028782e-07,-0.00012351199984550476,-6.277114152908325e-07,-3.5995617508888245e-07,7.683411240577698e-09,-6.943708285689354e-06,-9.406358003616333e-08,-0.0011345334351062775,-2.436339855194092e-06,8.577108383178711e-05,8.849799633026123e-05,-2.3283064365386963e-10,2.3283064365386963e-10,8.575618267059326e-05,8.849799633026123e-05,0.0,0.0,-0.000590501818805933,-1.7331913113594055e-06,-1.919586181640625,0.552520751953125,-2.8335695266723633,1.64093017578125,87577.31640625,88154.3359375,-7.450580596923828e-09,8.597968985668558e-07,2.0390625,2.04052734375,1.5068359375,1.508056640625
49,20200120,36.098799692342965,0.4446660656391631,1579478400000,285.9703896840413,296.9310836791992,296.8552665710449,297.4280649820964,297.1681550343831,296.47694142659503,296.2404556274414,296.2240804036458,-9.478654367439019e-19,273.1499328613281,1.9884440104166596,296.2386474609375,0.6499521732330322,296.23760986328125,0.8800005316734314,0,99.99998474121094,-7.3453647229951e-24,-7.345364920210326e-25,0,0,273.1598587036133,1.4404455820715922e-07,0.1575902303059896,0.1987934112548828,0.18407821655273438,0.2879524230957031,0.12822212418541312,-10649192,22708998,-8493369,-3449140,26049612,29382033,-0.003253958187997341,-0.0009025479666888714,-1.8067657947540283e-07,-0.00010162871330976486,-0.008783891797065735,0.0020235180854797363,4.656612873077393e-10,0.002023540437221527,0.0,-0.00425831601023674,-0.2269569238026937,-0.16663424173990884,87923.59798177083,4.261732051702438e-07,2.03765869140625,1.5055491129557292,283.4220275878906,288.3995361328125,288.8189697265625,303.6330108642578,286.2820739746094,309.099365234375,290.4697265625,305.1954345703125,295.13934326171875,298.8928680419922,296.4226989746094,296.55674743652344,296.23748779296875,296.2427062988281,295.170654296875,297.111572265625,-2.9815568015157497e-18,-3.472835406860058e-20,273.1495056152344,273.150634765625,1.751953124999993,1.999999999999993,295.170166015625,297.111572265625,0.6492156386375427,0.6500014662742615,295.170166015625,297.111572265625,0.8800005316734314,0.8800005316734314,0,0,99.99998474121094,99.99998474121094,-7.3453647229951e-24,-7.3453647229951e-24,-7.345364920210326e-25,-7.345364920210326e-25,0,0,0,0,273.1591491699219,273.16038513183594,-7.632793592696578e-20,1.04308128356929e-06,0.148773193359375,0.168212890625,0.1947479248046875,0.2035369873046875,0.1831207275390625,0.1851654052734375,0.28753662109375,0.2883758544921875,0.1282205618917942,0.12825805693864822,-1473927,-2100.0,0,3117606,-558261,-197863.0,-738202,212320,0,3576234,1127105.625,1340759.0,-0.00046374229714274406,1.1641532182693481e-10,-0.0001236535608768463,-3.0407682061195374e-07,-8.372589945793152e-07,6.796326488256454e-07,-6.701797246932983e-06,-7.82310962677002e-08,-0.0012020468711853027,-1.080334186553955e-06,8.29845666885376e-05,8.565187454223633e-05,-2.3283064365386963e-10,4.656612873077393e-10,8.299201726913452e-05,8.566677570343018e-05,0.0,0.0,-0.0005893823690712452,-8.391216397285461e-07,-1.616302490234375,1.2311382293701172,-2.4794464111328125,1.5738677978515625,87624.57421875,88161.3828125,0.0,4.261732051702438e-07,2.03759765625,2.0390625,1.5054931640625,1.5068359375
50,20200121,36.098799692342965,0.4446660656391631,1579564800000,286.5639133453369,296.8608824412028,296.6774705251058,297.29245058695477,297.1178429921468,296.5564257303874,296.2470232645671,296.0148111979167,-1.2496563895720096e-18,273.1499328613281,1.999999999999993,296.0149739583333,0.6500014662742615,296.0149841308594,0.8800005316734314,0,99.99998474121094,-7.3453647229951e-24,-7.345364920210326e-25,0,0,273.1600093841553,1.783172289530406e-06,0.1429271697998047,0.1903858184814453,0.1820348103841146,0.2870839436848958,0.12819924857467413,-9621868,21348998,-7991927,-3620128,24489372,29779774,-0.0029244432225823402,-0.000795221421867609,-3.2862648367881775e-05,-9.49883833527565e-05,-0.008308455348014832,0.0019590556621551514,2.3283064365386963e-10,0.0019587650895118713,2.682209014892578e-07,-0.0038475170731544495,-0.36739333470662433,-0.11234478155771892,87847.43294270833,7.99179076125256e-05,2.03619384765625,1.5044403076171875,284.6759796142578,288.36131286621094,288.7472839355469,303.1119842529297,286.0947570800781,309.10011291503906,290.2746887207031,304.8988037109375,295.158447265625,298.7323303222656,296.5077819824219,296.6251525878906,296.24285888671875,296.25096130371094,294.950927734375,296.752685546875,-5.5836420154809604e-18,-1.4399565273201934e-19,273.1491394042969,273.150634765625,1.999999999999993,1.999999999999993,294.951416015625,296.753173828125,0.6500014662742615,0.6500014662742615,294.951416015625,296.752685546875,0.8800005316734314,0.8800005316734314,0,0,99.99998474121094,99.99998474121094,-7.3453647229951e-24,-7.3453647229951e-24,-7.345364920210326e-25,-7.345364920210326e-25,0,0,0,0,273.15916442871094,273.1607208251953,-4.770490179321679e-20,1.8537044525146447e-05,0.1358795166015625,0.1515655517578125,0.1868438720703125,0.19464111328125,0.181121826171875,0.1830902099609375,0.28668212890625,0.287506103515625,0.1281983219087124,0.1282205618917942,-1429680,-1184.0,0,3173736,-528906,-195905.0,-806052,145844,0,3640520,1129599.4375,1374420.0,-0.00045103952288627625,-3.259629011154175e-08,-0.0001163659617304802,-2.551823854446411e-07,-1.6783829778432846e-05,2.046581357717514e-07,-6.9802626967430115e-06,-6.51925802230835e-09,-0.0011966414749622345,-7.599592208862305e-07,8.036196231842041e-05,8.292496204376221e-05,-2.3283064365386963e-10,2.3283064365386963e-10,8.036196231842041e-05,8.290261030197144e-05,0.0,1.2665987014770508e-07,-0.0005716895684599876,-4.731118679046631e-07,-1.5611228942871094,0.995361328125,-2.815004348754883,1.7953338623046875,87573.80859375,88066.9921875,0.0,4.349648952484131e-05,2.0361328125,2.03759765625,1.50439453125,1.5054931640625
51,20200122,36.098799692342965,0.4446660656391631,1579651200000,286.60726229349774,297.748841603597,297.6838715871175,297.86095746358234,297.233611424764,296.62091573079425,296.2552007039388,295.9237874348958,-7.211076753889613e-19,273.15008544921875,1.999999999999993,295.9237874348958,0.6500014662742615,295.9237365722656,0.8800005316734314,0,99.99998474121094,-7.3453647229951e-24,-7.345364920210326e-25,0,0,273.16010030110675,2.9951333999633467e-06,0.1313343048095703,0.18301073710123697,0.18008550008138022,0.28623072306315106,0.1281770121616622,-8795992,18986180,-6550850,-2884436,21778420,31695561,-0.0026356088928878307,-0.0007427679374814034,-6.576534360647202e-05,-7.313024252653122e-05,-0.007826857268810272,0.0018975883722305298,-2.3283064365386963e-10,0.0018970891833305359,5.21540641784668e-07,-0.0035172728821635246,-0.32848318417867023,-0.31912386417388916,87828.60514322917,0.0001578154392518627,2.03472900390625,1.5032246907552083,285.38023376464844,288.50628662109375,289.5902862548828,303.47911071777344,286.87449645996094,308.8114471435547,290.75621032714844,305.03639221191406,295.299560546875,298.69921875,296.574462890625,296.69325256347656,296.2511291503906,296.25909423828125,294.848388671875,296.640380859375,-2.8731365842671993e-18,-1.6940664114964835e-19,273.1491394042969,273.1507568359375,1.999999999999993,1.999999999999993,294.848876953125,296.639892578125,0.6500014662742615,0.6500014662742615,294.848876953125,296.639892578125,0.8800005316734314,0.8800005316734314,0,0,99.99998474121094,99.99998474121094,-7.3453647229951e-24,-7.3453647229951e-24,-7.345364920210326e-25,-7.345364920210326e-25,0,0,0,0,273.1592559814453,273.16082763671875,-9.454250471417173e-20,3.0249357223510735e-05,0.1254119873046875,0.13824462890625,0.179901123046875,0.186767578125,0.1792144775390625,0.18109130859375,0.28582763671875,0.286651611328125,0.12817608565092087,0.1281983219087124,-1230688,-1214.0,0,2723980,-455163,-96871.0,-670704,147660,0,3124704,1149834.1875,1449122.0,-0.000382840633392334,-2.491287887096405e-07,-9.759655222296715e-05,-2.2118911147117615e-07,-3.023538738489151e-05,4.656612873077393e-10,-7.119379006326199e-06,-1.3969838619232178e-08,-0.0010470598936080933,-6.854534149169922e-07,7.784366607666016e-05,8.027255535125732e-05,-2.3283064365386963e-10,2.3283064365386963e-10,7.785111665725708e-05,8.02651047706604e-05,0.0,2.384185791015625e-07,-0.0004921169020235538,-4.861503839492798e-07,-1.4112577438354492,0.5649576187133789,-2.3501739501953125,1.77581787109375,87481.09375,88067.26953125,-1.4901161193847656e-08,7.227957248190364e-05,2.03466796875,2.0361328125,1.503173828125,1.50439453125
52,20200123,36.098799692342965,0.4446660656391631,1579737600000,288.77612431844074,295.8702818552653,296.1101271311442,296.8867944081624,297.25635655721027,296.7130126953125,296.26466433207196,295.97182210286456,-3.3658987251154245e-19,273.1499938964844,1.999999999999993,295.9718424479167,0.6500014662742615,295.9718322753906,0.8800005316734314,0,99.99998474121094,-7.3453647229951e-24,-7.345364920210326e-25,0,0,273.1600621541341,2.706299225489296e-05,0.1268316904703776,0.17751566569010416,0.17846171061197916,0.28542645772298175,0.1281547723338008,-5566040,12045454,-4633616,-2297788,13815576,32901501,-0.0014825882390141487,-0.00040265731513500214,-0.0002626962959766388,-7.775984704494476e-05,-0.004872776567935944,0.001842692494392395,2.3283064365386963e-10,0.0018402785062789917,2.4139881134033203e-06,-0.0022257044911384583,0.17966651916503906,0.487118403116862,87962.56819661458,0.000776165723664235,2.03326416015625,1.5020039876302083,287.7196350097656,290.4342956542969,292.91514587402344,299.18016052246094,291.17230224609375,304.0810852050781,293.6635437011719,301.7759704589844,296.4721984863281,298.0470733642578,296.6904754638672,296.748046875,296.25926208496094,296.27056884765625,295.489990234375,296.386474609375,-2.141300117839484e-18,-8.809147821323552e-20,273.14898681640625,273.15069580078125,1.999999999999993,1.999999999999993,295.489501953125,296.385986328125,0.6500014662742615,0.6500014662742615,295.489501953125,296.385986328125,0.8800005316734314,0.8800005316734314,0,0,99.99998474121094,99.99998474121094,-7.3453647229951e-24,-7.3453647229951e-24,-7.345364920210326e-25,-7.345364920210326e-25,0,0,0,0,273.1594543457031,273.1608428955078,7.450580596923607e-07,0.00011083483695983884,0.12481689453125,0.1280670166015625,0.1755828857421875,0.1798095703125,0.1778106689453125,0.1791839599609375,0.2850494384765625,0.285797119140625,0.12815384566783905,0.12817608565092087,-789049,-11660.0,0,1856410,-335510,-76811.25,-499338,63436,-2,2129168,1323798.0,1412853.0,-0.00025138212367892265,-1.5944242477416992e-06,-5.812058225274086e-05,-7.217749953269958e-07,-0.00011081714183092117,-1.955777406692505e-08,-5.063717253506184e-06,-5.876645445823669e-07,-0.0006966330111026764,-6.4820051193237305e-06,7.568299770355225e-05,7.778406143188477e-05,-2.3283064365386963e-10,2.3283064365386963e-10,7.560849189758301e-05,7.776916027069092e-05,0.0,8.195638656616211e-07,-0.0003155181184411049,-4.6622008085250854e-06,-0.69293212890625,1.802734375,-1.925506591796875,1.6055755615234375,87695.7890625,88148.359375,0.0,0.0002649649977684021,2.033203125,2.03466796875,1.501953125,1.503173828125
53,20200124,36.098799692342965,0.4446660656391631,1579824000000,288.3250567118327,296.2068742116292,296.2484213511149,296.8163426717122,296.86267471313477,296.72022183736163,296.2749818166097,295.22349039713544,-1.2177515163579564e-18,273.14996337890625,1.875244140624993,295.7718505859375,0.6501791477203369,295.72625732421875,0.8800005316734314,0,99.99998474121094,-7.3453647229951e-24,-7.345364920210326e-25,0,0,273.1600519816081,3.983080387115477e-05,0.12581634521484375,0.17304865519205728,0.17697652180989584,0.28464508056640625,0.12813253592078885,-6772520,14513520,-5723622,-2195784,16646496,31889133,-0.0019500870257616043,-0.0005056713707745075,-0.00019294209778308868,-5.943886935710907e-05,-0.005721583962440491,0.0017876923084259033,0.0,0.0017867758870124817,8.791685104370117e-07,-0.0027081388980150223,-0.1995849609375,0.5763479868570963,88056.00667317708,0.00030256807804107666,2.03179931640625,1.5007832845052083,286.3881530761719,290.37110900878906,291.53941345214844,301.96778869628906,289.3409729003906,307.57269287109375,292.5435485839844,304.05445861816406,295.70790100097656,298.1503448486328,296.69154357910156,296.74488830566406,296.2707061767578,296.2797088623047,294.994384765625,295.830322265625,-4.662070168868282e-18,-3.8963518804872083e-20,273.14923095703125,273.1508483886719,1.713867187499993,1.999999999999993,294.994384765625,296.583251953125,0.6493071913719177,0.652183473110199,294.994384765625,296.444580078125,0.8800005316734314,0.8800005316734314,0,0,99.99998474121094,99.99998474121094,-7.3453647229951e-24,-7.3453647229951e-24,-7.345364920210326e-25,-7.345364920210326e-25,0,0,0,0,273.1594543457031,273.1606750488281,-9.454250471417173e-20,0.0001419484615325927,0.121185302734375,0.1307373046875,0.1707763671875,0.1755218505859375,0.176239013671875,0.177764892578125,0.2842559814453125,0.2850341796875,0.12813160941004753,0.12815384566783905,-1022572,-5642.0,0,2305836,-448412,-82924.0,-543634,128920,0,2644726,1252614.0,1397544.0,-0.0003295191563665867,-3.241002559661865e-07,-7.916102185845375e-05,-4.55416738986969e-07,-8.527841418981552e-05,4.656612873077393e-10,-4.6193599700927734e-06,-5.122274160385132e-08,-0.0008581355214118958,-3.5837292671203613e-06,7.335841655731201e-05,7.572770118713379e-05,-2.3283064365386963e-10,2.3283064365386963e-10,7.337331771850586e-05,7.551908493041992e-05,-1.4901161193847656e-08,2.5425106287002563e-07,-0.00040889857336878777,-2.255663275718689e-06,-0.9795074462890625,0.793365478515625,-1.6787109375,1.832611083984375,87733.3125,88269.75390625,0.0,8.631683886051178e-05,2.03173828125,2.033203125,1.500732421875,1.501953125
54,20200125,36.098799692342965,0.4446660656391631,1579910400000,290.04875500996906,295.8224074045817,296.5318139394124,297.10266876220703,296.88815943400067,296.71377118428546,296.28503290812176,295.2111002604167,-2.2278385127538627e-18,273.1500244140625,1.8065592447916596,295.90283203125,0.6504659056663513,295.8352966308594,0.8800005316734314,0,99.99998474121094,-7.3453647229951e-24,-7.345364920210326e-25,0,0,273.15994453430176,0.00014704714218775428,0.138641357421875,0.16845130920410156,0.17542584737141928,0.2838509877522786,0.12809567665681243,-6565022,15085550,-5310245,-2999672,17302520,32443487,-0.0017529241740703583,-0.00041697360575199127,-0.00040192389860749245,-5.3348951041698456e-05,-0.005441628396511078,0.0017534494400024414,0.0,0.0017340481281280518,1.93864107131958e-05,-0.0026251692324876785,-0.3044598897298177,0.30738059679667157,88106.99348958333,0.004431247711181641,2.03033447265625,1.4995625813802083,288.3845977783203,293.1234436035156,291.5940399169922,301.44287109375,289.8561096191406,307.4403991699219,292.3413391113281,304.1973114013672,295.5488739013672,298.19195556640625,296.6824951171875,296.7407531738281,296.27984619140625,296.29046630859375,295.015869140625,295.564208984375,-5.6378521241052356e-18,-2.574980676640956e-19,273.14910888671875,273.1509704589844,1.457031249999993,1.999999999999993,295.015869140625,296.774658203125,0.6492690443992615,0.653099000453949,295.015869140625,296.559814453125,0.8800005316734314,0.8800005316734314,0,0,99.99998474121094,99.99998474121094,-7.3453647229951e-24,-7.3453647229951e-24,-7.345364920210326e-25,-7.345364920210326e-25,0,0,0,0,273.1591796875,273.1605682373047,-7.719528649801591e-20,0.0003325939178466797,0.11700439453125,0.1667022705078125,0.1668548583984375,0.17071533203125,0.1747589111328125,0.17620849609375,0.2834930419921875,0.28424072265625,0.1280941143631935,0.12813160941004753,-954868,-2132.0,0,2241678,-426364,-90845.5,-562844,59548,0,2571140,1277481.0,1414910.0,-0.00029656151309609413,0.0,-7.201405242085457e-05,1.976732164621353e-06,-0.0001425393857061863,1.8067657947540283e-07,-4.692934453487396e-06,-5.168840289115906e-08,-0.0007936879992485046,-8.419156074523926e-07,7.124245166778564e-05,8.301436901092529e-05,-2.3283064365386963e-10,2.3283064365386963e-10,7.123500108718872e-05,7.32913613319397e-05,0.0,1.1079013347625732e-05,-0.0003818254917860031,-8.521601557731628e-07,-1.4329071044921875,0.4174041748046875,-1.60174560546875,1.5167236328125,87757.58203125,88285.4921875,0.0,0.002449542284011841,2.0302734375,2.03173828125,1.49951171875,1.500732421875
55,20200126,36.098799692342965,0.4446660656391631,1579996800000,290.85575739542645,295.18938128153485,295.77718925476074,296.54640261332196,296.68005688985187,296.7040100097656,296.29470952351886,295.4751383463542,-2.1676991734988074e-18,273.1499328613281,1.7926432291666596,296.1082356770833,0.6504694223403931,296.0307922363281,0.8800005316734314,0,99.99998474121094,-7.3453647229951e-24,-7.345364920210326e-25,0,0,273.16004943847656,0.00022408366203308105,0.17686971028645834,0.1655737559000651,0.1740563710530599,0.28308741251627606,0.12807280104607344,-6690556,14356092,-5181884,-2546916,16464956,32207364,-0.001612252090126276,-0.0004265252500772476,-0.0005890289321541786,-4.756171256303787e-05,-0.004787132143974304,0.0017016083002090454,4.656612873077393e-10,0.0016845762729644775,1.703202724456787e-05,-0.0026753684505820274,-0.3163604736328125,0.40669886271158856,88077.30029296875,0.0036574976396082093,2.02886962890625,1.4983418782552083,289.0326232910156,292.6613311767578,290.1216278076172,300.54759216308594,288.6755828857422,306.5314178466797,291.95811462402344,303.0798034667969,295.46875,297.84556579589844,296.6770477294922,296.7375793457031,296.29058837890625,296.29881286621094,295.239501953125,295.818603515625,-5.258381363735309e-18,-3.7608268027969764e-19,273.14874267578125,273.1512451171875,1.554687499999993,1.999999999999993,295.239501953125,296.939697265625,0.6493071913719177,0.6528624892234802,295.239501953125,296.704345703125,0.8800005316734314,0.8800005316734314,0,0,99.99998474121094,99.99998474121094,-7.3453647229951e-24,-7.3453647229951e-24,-7.345364920210326e-25,-7.345364920210326e-25,0,0,0,0,273.1591033935547,273.16090393066406,1.102685928344691e-06,0.00033259391784667963,0.1576385498046875,0.1982574462890625,0.164276123046875,0.1668853759765625,0.1734619140625,0.17474365234375,0.2827301025390625,0.2834625244140625,0.1280718743801117,0.1280941143631935,-983250,-1446.0,0,2305150,-373083,-119211.75,-531668,102348,0,2643840,1250405.0625,1425127.0,-0.0003098808228969574,0.0,-7.905950769782066e-05,3.0279625207185745e-06,-0.00014923675917088985,1.734122633934021e-06,-4.002591595053673e-06,-4.284083843231201e-08,-0.000735938549041748,-5.811452865600586e-07,6.924569606781006e-05,7.900595664978027e-05,-2.3283064365386963e-10,4.656612873077393e-10,6.923079490661621e-05,7.11679458618164e-05,0.0,9.208917617797852e-06,-0.00039317458868026733,-5.774199962615967e-07,-1.4323272705078125,0.3983154296875,-1.081756591796875,1.5685882568359375,87758.26171875,88276.390625,0.0,0.0018256515264738482,2.02880859375,2.0302734375,1.498291015625,1.49951171875
56,20200127,36.098799692342965,0.4446660656391631,1580083200000,291.13331031799316,294.40670077006024,294.7603505452474,295.78478876749676,296.25535647074383,296.6578178405762,296.3029778798421,295.9973958333333,-1.4892960931001798e-18,273.1499938964844,1.9986979166666596,296.0191243489583,0.6501280069351196,296.01885986328125,0.8800005316734314,0,99.99998474121094,-7.3453647229951e-24,-7.345364920210326e-25,0,0,273.16006660461426,0.000263781597216924,0.22400410970052084,0.1678187052408854,0.17292912801106772,0.2823600769042969,0.1280505646330615,-6097744,12337398,-4266109,-2477440,14149660,32653898,-0.0009796745143830776,-0.00029267603531479836,-0.001107480376958847,-5.8484263718128204e-05,-0.004108637571334839,0.0016761720180511475,4.656612873077393e-10,0.0016386285424232483,3.7550926208496094e-05,-0.002438316121697426,-0.0043506622314453125,-0.014465967814127604,88058.01806640625,0.007765996456043922,2.02740478515625,1.4971211751302083,290.00177001953125,292.3743896484375,290.9084014892578,298.8423156738281,289.4830627441406,303.8058624267578,292.5123291015625,301.27381896972656,295.38511657714844,297.1352081298828,296.6333923339844,296.7081756591797,296.2989196777344,296.3060607910156,295.476318359375,296.508056640625,-5.5836420154809604e-18,-1.0503213715832153e-19,273.1488952636719,273.1510314941406,1.968749999999993,1.999999999999993,295.515869140625,296.508056640625,0.6500014662742615,0.653037965297699,295.515869140625,296.508056640625,0.8800005316734314,0.8800005316734314,0,0,99.99998474121094,99.99998474121094,-7.3453647229951e-24,-7.3453647229951e-24,-7.345364920210326e-25,-7.345364920210326e-25,0,0,0,0,273.1593780517578,273.1607360839844,1.1593103408813453e-05,0.00033214688301086426,0.1925201416015625,0.263092041015625,0.1645965576171875,0.1756134033203125,0.1724853515625,0.173431396484375,0.2820281982421875,0.2826995849609375,0.12804963812232018,0.1280718743801117,-860162,-381.75,0,1985920,-327072,-86360.5,-562900,55668,0,2277614,1261791.875,1436557.0,-0.00023326929658651352,0.0,-7.287366315722466e-05,2.1010637283325195e-06,-0.00019072182476520538,2.4844775907695293e-06,-3.5655684769153595e-06,-1.3271346688270569e-06,-0.0006753690540790558,-1.5227124094963074e-07,6.766617298126221e-05,8.377432823181152e-05,0.0,4.656612873077393e-10,6.74128532409668e-05,6.91637396812439e-05,0.0,1.55717134475708e-05,-0.0003439532592892647,-1.5262048691511154e-07,-1.3462677001953125,1.32635498046875,-2.514007568359375,1.2788543701171875,87802.73828125,88268.08203125,3.7066638469696045e-07,0.003047540783882141,2.02734375,2.02880859375,1.4970703125,1.498291015625
57,20200128,36.098799692342965,0.4446660656391631,1580169600000,291.13544209798175,293.94186782836914,294.1997419993083,295.2135009765625,295.6801840464274,296.54328536987305,296.30899747212726,295.7443033854167,-5.65994663525441e-19,273.15008544921875,1.999999999999993,295.7442220052083,0.6500014662742615,295.74420166015625,0.8800005316734314,0,99.99998474121094,-7.3453647229951e-24,-7.345364920210326e-25,0,0,273.1599547068278,0.0002489946782588959,0.24527613321940103,0.18207232157389322,0.1720740000406901,0.2816734313964844,0.1280137017990152,-5948188,11551128,-4054687,-1947760,13247184,32561355,-0.0007929294370114803,-0.0002721194177865982,-0.0012667560949921608,-4.671141505241394e-05,-0.0035273805260658264,0.0016200840473175049,0.0,0.0015963837504386902,2.372264862060547e-05,-0.0023785140365362167,0.2851263682047526,0.2673700253168742,88068.61376953125,0.005116540193625951,2.02593994140625,1.4959004720052083,289.9697570800781,292.0679473876953,290.65057373046875,297.9525909423828,289.7431640625,302.65692138671875,292.26759338378906,300.0950012207031,294.84815979003906,296.61988830566406,296.49261474609375,296.6248779296875,296.3061981201172,296.3119201660156,295.252197265625,296.260986328125,-2.5749809868336856e-18,-8.385631347696402e-20,273.1492919921875,273.15087890625,1.999999999999993,1.999999999999993,295.252197265625,296.260986328125,0.6500014662742615,0.6500014662742615,295.252197265625,296.260986328125,0.8800005316734314,0.8800005316734314,0,0,99.99998474121094,99.99998474121094,-7.3453647229951e-24,-7.3453647229951e-24,-7.345364920210326e-25,-7.345364920210326e-25,0,0,0,0,273.15928649902344,273.16094970703125,4.1186809539794895e-05,0.00033214688301086426,0.2313232421875,0.2617645263671875,0.17626953125,0.1893157958984375,0.171722412109375,0.1724700927734375,0.2813568115234375,0.2819976806640625,0.12801213935017586,0.12804963812232018,-935904,-2226.0,0,1963036,-291417,-85977.6875,-454360,52728,0,2251300,1288898.0,1450255.0,-0.00021646544337272644,0.0,-9.10470262169838e-05,1.7230049706995487e-06,-0.00028266431763768196,6.314367055892944e-07,-2.9797665774822235e-06,-4.707835614681244e-07,-0.0006091892719268799,-8.866190910339355e-07,6.589293479919434e-05,7.32317566871643e-05,-4.656612873077393e-10,2.3283064365386963e-10,6.569921970367432e-05,6.734579801559448e-05,3.91155481338501e-08,6.861984729766846e-06,-0.0003742426633834839,-8.89413058757782e-07,-0.50006103515625,1.1521148681640625,-1.0126256942749023,1.1928558349609375,87803.19140625,88244.90234375,6.016343832015991e-06,0.0013837218284606934,2.02587890625,2.02734375,1.495849609375,1.4970703125
58,20200129,36.098799692342965,0.4446660656391631,1580256000000,291.05532201131183,294.3423703511556,295.5618839263916,296.09899584452313,295.8585688273112,296.4131615956624,296.3130588531494,295.8457438151042,-1.1303657783035935e-18,273.1500244140625,1.999999999999993,295.8457845052083,0.6500014662742615,295.8457946777344,0.8800005316734314,0,99.99998474121094,-7.3453647229951e-24,-7.345364920210326e-25,0,0,273.1600964864095,0.0002666376531124115,0.2763245900472005,0.20517539978027344,0.171295166015625,0.2809855143229167,0.12799082960312566,-7861396,16497788,-4718982,-3581704,18919552,32554687,-0.0013520247302949429,-0.00042408285662531853,-0.001306864432990551,-6.0578808188438416e-05,-0.005502626299858093,0.0017043501138687134,2.3283064365386963e-10,0.0015551894903182983,0.00014913082122802734,-0.0031435517594218254,0.48931439717610675,-0.1344889005025228,88112.96695963542,0.022189860670550843,2.02447509765625,1.4946797688802083,289.99853515625,292.17210388183594,290.937744140625,299.2345428466797,289.5808410644531,305.1704864501953,292.27134704589844,301.710205078125,294.51123046875,297.17430114746094,296.3828430175781,296.48345947265625,296.31201171875,296.3143615722656,295.142822265625,296.529541015625,-5.963112775850887e-18,-1.7110070704415695e-19,273.1492919921875,273.1510009765625,1.999999999999993,1.999999999999993,295.142822265625,296.529541015625,0.6500014662742615,0.6500014662742615,295.142822265625,296.529541015625,0.8800005316734314,0.8800005316734314,0,0,99.99998474121094,99.99998474121094,-7.3453647229951e-24,-7.3453647229951e-24,-7.345364920210326e-25,-7.345364920210326e-25,0,0,0,0,273.1597595214844,273.16075134277344,2.6226043701171828e-05,0.00033190846443176264,0.2331695556640625,0.3391265869140625,0.18988037109375,0.254425048828125,0.1710052490234375,0.1717071533203125,0.280670166015625,0.2813262939453125,0.12798990309238434,0.12801213935017586,-1219836,-2312.0,0,2701532,-386955,-49049.625,-709094,94484,0,3098186,1294991.0,1405887.0,-0.00034590205177664757,0.0,-0.00010773306712508202,1.498498022556305e-06,-0.0002760952338576317,0.0,-4.4424086809158325e-06,-1.4782417565584183e-06,-0.000862516462802887,-9.238719940185547e-07,6.525218486785889e-05,9.08970832824707e-05,0.0,2.3283064365386963e-10,6.399303674697876e-05,6.5632164478302e-05,7.450580596923828e-09,2.6337802410125732e-05,-0.00048777787014842033,-9.238719940185547e-07,-0.5587005615234375,1.9218597412109375,-2.866851806640625,1.2210235595703125,87764.26171875,88278.31640625,1.7210841178894043e-06,0.0042485445737838745,2.0244140625,2.02587890625,1.49462890625,1.495849609375
59,20200130,36.098799692342965,0.4446660656391631,1580342400000,290.8834393819173,294.90109888712567,295.8977915445964,296.55075963338214,296.41992505391437,296.3744710286458,296.31519317626953,296.1408284505208,-1.3285010742114562e-18,273.1499938964844,1.999999999999993,296.1407877604167,0.6500014662742615,296.1407775878906,0.8800005316734314,0,99.99998474121094,-7.3453647229951e-24,-7.345364920210326e-25,0,0,273.1599858601888,0.00023091708620389298,0.31092389424641925,0.27655982971191406,0.17318089803059897,0.28028615315755206,0.12795396676907936,-9457704,18648702,-5879620,-3269956,21385784,31613408,-0.0023724762722849846,-0.0006318008527159691,-0.0007193619385361671,-5.8230943977832794e-05,-0.0061186254024505615,0.0016596466302871704,0.0,0.0015143975615501404,0.0001452416181564331,-0.0037818709388375282,0.09540597597757976,0.36990288893381756,88105.36865234375,0.016533097623948834,2.02301025390625,1.4934590657552083,290.0022430419922,291.9741668701172,290.58412170410156,300.30555725097656,289.7049102783203,306.79779052734375,292.5590057373047,302.8461456298828,294.98858642578125,297.9100646972656,296.33453369140625,296.4110107421875,296.3138732910156,296.31651306152344,295.291748046875,296.941162109375,-4.6078600602440064e-18,-9.656180768577852e-20,273.1494140625,273.15069580078125,1.999999999999993,1.999999999999993,295.292236328125,296.941650390625,0.6500014662742615,0.6500014662742615,295.292236328125,296.941650390625,0.8800005316734314,0.8800005316734314,0,0,99.99998474121094,99.99998474121094,-7.3453647229951e-24,-7.3453647229951e-24,-7.345364920210326e-25,-7.345364920210326e-25,0,0,0,0,273.15911865234375,273.16075134277344,2.5629997253417566e-06,0.0003316700458526611,0.27423095703125,0.3396148681640625,0.2592926025390625,0.29339599609375,0.171295166015625,0.1757965087890625,0.27996826171875,0.2806396484375,0.12795240432024002,0.12798990309238434,-1403724,-604.5,0,2924802,-434423,-89296.125,-641826,142936,-2,3354086,1225403.5,1374452.25,-0.0004454581066966057,0.0,-0.00011512357741594315,2.3032771423459053e-06,-0.00018613808788359165,2.4586915969848633e-07,-3.6922283470630646e-06,-3.487803041934967e-07,-0.0009246096014976501,-2.4028122425079346e-07,6.313621997833252e-05,8.741021156311035e-05,0.0,0.0,6.230175495147705e-05,6.392598152160645e-05,2.2351741790771484e-08,2.51084566116333e-05,-0.0005613109096884727,-2.4191103875637054e-07,-1.0139617919921875,1.518096923828125,-2.056356430053711,1.5191497802734375,87738.66796875,88337.66796875,6.139278411865234e-06,0.0032709240913391113,2.02294921875,2.0244140625,1.493408203125,1.49462890625
60,20200101,36.01795131677221,0.5255144412099201,1577836800000,289.2220802307129,296.05066617329913,295.9780152638753,296.7473430633545,296.93046887715656,297.14844067891437,297.42567253112793,296.9537353515625,-3.070777536361485e-18,273.14984130859375,1.999999999999993,296.9537353515625,0.6500014662742615,296.9537353515625,0.8800005316734314,0,99.99998474121094,-7.3453647229951e-24,-7.345364920210326e-25,0,0,273.1599547068278,2.090757091840105e-05,0.16695213317871094,0.19826062520345053,0.2434838612874349,0.2676550547281901,0.14165640094627938,-9968052,19780774,-7911980,-2199132,23045328,29545656,-0.002577034756541252,-0.0012995502911508083,-9.990856051445007e-05,-9.451992809772491e-06,-0.0067304521799087524,0.0012047886848449707,2.3283064365386963e-10,0.0012038648128509521,9.238719940185547e-07,-0.00398594606667757,-0.12388757864634196,0.7312717437744141,90564.00179036458,0.00018827617162742172,2.3162841796875,1.5174560546875,288.0693359375,290.70361328125,289.4783935546875,302.4038848876953,286.66416931152344,307.0007019042969,290.68743896484375,303.8288879394531,295.1790771484375,298.5106201171875,297.1061248779297,297.1897430419922,297.4221954345703,297.4298400878906,295.990478515625,297.851806640625,-5.800482449978061e-18,-7.86046626750779e-19,273.14825439453125,273.15069580078125,1.999999999999993,1.999999999999993,295.990478515625,297.851806640625,0.6500014662742615,0.6500014662742615,295.990478515625,297.851806640625,0.8800005316734314,0.8800005316734314,0,0,99.99998474121094,99.99998474121094,-7.3453647229951e-24,-7.3453647229951e-24,-7.345364920210326e-25,-7.345364920210326e-25,0,0,0,0,273.1592102050781,273.1605987548828,-6.8521677389938e-20,7.519125938415523e-05,0.1576385498046875,0.17803955078125,0.1959228515625,0.200927734375,0.24212646484375,0.2449798583984375,0.2675323486328125,0.2678070068359375,0.14165620878338814,0.14166082069277763,-1304296,18373.5,0,2495454,-489691,-213852.0,-437712,170124,0,2907258,1126844.6875,1332774.0,-0.00034767575562000275,0.0,-0.00016861408948898315,0.0,-4.4416869059205055e-05,7.963040843605995e-06,-6.705522537231445e-07,-9.313225746154785e-09,-0.0008567571640014648,7.353723049163818e-06,4.99039888381958e-05,5.0611793994903564e-05,-2.3283064365386963e-10,2.3283064365386963e-10,4.988163709640503e-05,5.0440430641174316e-05,0.0,3.2782554626464844e-07,-0.000521551351994276,7.346970960497856e-06,-1.3335704803466797,1.8805694580078125,-1.254180908203125,1.8289337158203125,90275.9921875,90814.78125,0.0,6.901472806930542e-05,2.3162841796875,2.3162841796875,1.5174560546875,1.5174560546875
61,20200102,36.01795131677221,0.5255144412099201,1577923200000,289.78041648864746,296.3558826446533,295.8876667022705,296.56407165527344,296.6989345550537,297.1106185913086,297.4187240600586,296.36684163411456,-2.0849017029046996e-18,273.1500549316406,1.8956705729166596,296.7519124348958,0.6503323912620544,296.7130432128906,0.8800005316734314,0,99.99998474121094,-7.3453647229951e-24,-7.345364920210326e-25,0,0,273.1600456237793,3.1743198633193936e-05,0.1534404754638672,0.19339688618977866,0.24062983194986978,0.26737022399902344,0.14168103504925966,-8450132,17606594,-7054628,-2148828,20512528,30328995,-0.0022048018872737885,-0.0010575978085398674,-0.00010916963219642639,-7.402151823043823e-06,-0.005816824734210968,0.0011928528547286987,0.0,0.0011906623840332031,2.205371856689453e-06,-0.0033789705485105515,-0.20271571477254233,0.6358604431152344,90635.9296875,0.00047625303255927065,2.3162841796875,1.5174560546875,287.40382385253906,292.7083740234375,289.0488586425781,302.09397888183594,286.3332061767578,306.8988494873047,290.24571228027344,303.45411682128906,294.90899658203125,298.1955871582031,297.07164001464844,297.1680603027344,297.4149627685547,297.422119140625,295.719970703125,296.788818359375,-5.0957510378624834e-18,-1.3044312557595054e-19,273.1490783691406,273.151123046875,1.641601562499993,1.999999999999993,295.719970703125,297.570556640625,0.6495131850242615,0.6518935561180115,295.719970703125,297.468994140625,0.8800005316734314,0.8800005316734314,0,0,99.99998474121094,99.99998474121094,-7.3453647229951e-24,-7.3453647229951e-24,-7.345364920210326e-25,-7.345364920210326e-25,0,0,0,0,273.15911865234375,273.1606750488281,1.4305114746093274e-06,6.824731826782224e-05,0.1468963623046875,0.160675048828125,0.1913299560546875,0.1958770751953125,0.239349365234375,0.2420501708984375,0.267242431640625,0.26751708984375,0.14165620878338814,0.14168211445212364,-1207764,12612.0,0,2337512,-431937,-196508.5,-430012,78760,0,2723350,1145484.5625,1365785.0,-0.00031765224412083626,0.0,-0.0001508132554590702,0.0,-4.61735762655735e-05,5.51808625459671e-06,-6.789341568946838e-07,-1.0710209608078003e-08,-0.0008072704076766968,5.044043064117432e-06,4.935264587402344e-05,5.027651786804199e-05,0.0,0.0,4.935264587402344e-05,4.988163709640503e-05,0.0,6.407499313354492e-07,-0.0004829517565667629,5.044043064117432e-06,-1.3393468856811523,0.8675289154052734,-1.55389404296875,1.6100616455078125,90357.7578125,90831.109375,-5.960487214906607e-09,0.000140264630317688,2.3162841796875,2.3162841796875,1.5174560546875,1.5174560546875
62,20200103,36.01795131677221,0.5255144412099201,1578009600000,290.3792807261149,297.3601779937744,296.5820604960124,297.05489921569824,296.90811475118,297.080270131429,297.4108765920003,296.94411214192706,-2.0599140241655446e-18,273.15008544921875,1.9937337239583262,296.9709879557292,0.6500141620635986,296.9687194824219,0.8800005316734314,0,99.99998474121094,-7.3453647229951e-24,-7.345364920210326e-25,0,0,273.1599038441976,3.917142748832702e-05,0.14298502604166666,0.18880780537923178,0.23782475789388022,0.26707903544108075,0.1416923141417404,-8754176,17914856,-6542074,-2429632,20871928,31199097,-0.002280052751302719,-0.001092490740120411,-0.00012201443314552307,-5.991198122501373e-06,-0.006001710891723633,0.0011785030364990234,4.656612873077393e-10,0.0011773109436035156,1.1920928955078125e-06,-0.0035005491226911545,0.01532451311747233,0.5623251597086588,90711.37467447917,0.0002675712107702566,2.3162841796875,1.5174560546875,288.56077575683594,291.835205078125,290.0319061279297,302.66978454589844,287.84413146972656,308.01112365722656,291.2811737060547,304.499267578125,295.164794921875,298.44471740722656,297.0377197265625,297.1195831298828,297.4070281982422,297.4148864746094,295.954345703125,297.666748046875,-5.746272341353786e-18,-1.8465323420022576e-19,273.1492614746094,273.1513977050781,1.971679687499993,1.999999999999993,295.954345703125,297.735595703125,0.6499633193016052,0.6501159071922302,295.954345703125,297.730712890625,0.8800005316734314,0.8800005316734314,0,0,99.99998474121094,99.99998474121094,-7.3453647229951e-24,-7.3453647229951e-24,-7.345364920210326e-25,-7.345364920210326e-25,0,0,0,0,273.1585235595703,273.16123962402344,3.2782554626464314e-07,9.006261825561521e-05,0.1359100341796875,0.151336669921875,0.1867218017578125,0.1912994384765625,0.23651123046875,0.239288330078125,0.266937255859375,0.2672271728515625,0.14168211445212364,0.14169275760650635,-1278536,12172.0,0,2559468,-468158,-131381.25,-466674,91728,0,2981930,1206480.0,1387344.0,-0.0003500059247016907,0.0,-0.00015890737995505333,0.0,-6.841728463768959e-05,5.393289029598236e-06,-5.809124559164047e-07,-9.313225746154785e-09,-0.0008497610688209534,4.86522912979126e-06,4.875659942626953e-05,4.935264587402344e-05,-1.4551915228366852e-11,4.656612873077393e-10,4.87789511680603e-05,4.933774471282959e-05,-1.4901161193847656e-08,3.650784492492676e-07,-0.0005112499929964542,4.867091774940491e-06,-0.8428955078125,1.15167236328125,-1.18365478515625,1.7959136962890625,90379.421875,91003.9921875,0.0,7.985532283782959e-05,2.3162841796875,2.3162841796875,1.5174560546875,1.5174560546875
63,20200104,36.01795131677221,0.5255144412099201,1578096000000,289.1738389333089,297.9745349884033,297.1554870605469,297.61876678466797,297.3468100229899,297.1075261433919,297.4035879770915,297.16990152994794,-1.0895671625409468e-18,273.14996337890625,1.9243977864583262,297.5292561848958,0.6500822305679321,297.4953308105469,0.8800005316734314,0,99.99998474121094,-7.3453647229951e-24,-7.345364920210326e-25,0,0,273.15985679626465,2.0055721203486105e-05,0.1303272247314453,0.1838970184326172,0.23487536112467447,0.2667560577392578,0.14170296086619297,-10144712,20525432,-7456180,-2775124,23914088,30577502,-0.002644157502800226,-0.0012800553813576698,-0.00012481305748224258,-7.559545338153839e-06,-0.007331222295761108,0.001163780689239502,6.984919309616089e-10,0.0011626332998275757,1.1175870895385742e-06,-0.004056587815284729,-0.38487788041432697,0.32902761300404865,90581.72054036458,0.00025478061888861703,2.3162841796875,1.5174560546875,287.2963104248047,290.4461212158203,290.60877990722656,304.0699462890625,288.24403381347656,309.7120819091797,291.48760986328125,305.7934875488281,295.4998474121094,298.9890594482422,297.0567321777344,297.1738739013672,297.3996887207031,297.4072723388672,296.423095703125,297.673095703125,-2.9273466928914745e-18,-1.4230158683751074e-19,273.14947509765625,273.150634765625,1.738281249999993,1.999999999999993,296.423095703125,298.427001953125,0.6495131850242615,0.6509703993797302,296.423095703125,298.331787109375,0.8800005316734314,0.8800005316734314,0,0,99.99998474121094,99.99998474121094,-7.3453647229951e-24,-7.3453647229951e-24,-7.345364920210326e-25,-7.345364920210326e-25,0,0,0,0,273.158203125,273.1613464355469,-6.8521677389938e-20,6.490945816040034e-05,0.1221923828125,0.139862060546875,0.18157958984375,0.186676025390625,0.2334747314453125,0.2364501953125,0.2666015625,0.266937255859375,0.14169275760650635,0.14170340448617935,-1509440,13229.0,0,2909228,-504096,-171346.625,-620048,128260,0,3389524,1191172.5,1373020.0,-0.0003946474753320217,0.0,-0.0001866067759692669,0.0,-5.824165418744087e-05,5.771114956587553e-06,-5.923211574554443e-07,-1.210719347000122e-08,-0.0010767802596092224,5.289912223815918e-06,4.813075065612793e-05,4.9307942390441895e-05,0.0,4.656612873077393e-10,4.813075065612793e-05,4.8764050006866455e-05,0.0,7.301568984985352e-07,-0.0006035827100276947,5.289795808494091e-06,-1.2413568496704102,0.743988037109375,-1.7919845581054688,1.8235626220703125,90280.453125,90840.00390625,0.0,0.00016519427299499512,2.3162841796875,2.3162841796875,1.5174560546875,1.5174560546875
64,20200105,36.01795131677221,0.5255144412099201,1578182400000,288.0759862263997,297.26755968729657,297.06047439575195,297.566858291626,297.42687098185223,297.1674861907959,297.3965409596761,297.120361328125,-1.0718500911934032e-18,273.1499938964844,1.8692220052083262,297.5662027994792,0.6501492857933044,297.50439453125,0.8800005316734314,0,99.99998474121094,-7.3453647229951e-24,-7.345364920210326e-25,0,0,273.1601206461589,5.339582761128714e-06,0.11567497253417969,0.17877769470214844,0.23183886210123697,0.2664019266764323,0.14171360774586597,-9772976,19428418,-7303176,-2235000,22636308,30654657,-0.002647209446877241,-0.0012378771789371967,-1.1255964636802673e-05,-1.1596828699111938e-05,-0.007336527109146118,0.0011468380689620972,-2.3283064365386963e-10,0.001146763563156128,5.960464477539063e-08,-0.003907941281795502,-0.2727462450663249,0.5637035369873047,90480.78352864583,1.5818437020698184e-05,2.3162841796875,1.5174560546875,286.76531982421875,289.7630920410156,290.35679626464844,304.1930694580078,287.7241668701172,309.90184020996094,291.1714324951172,305.9564971923828,295.65431213378906,298.99851989746094,297.1206970214844,297.2305908203125,297.3927917480469,297.400390625,296.610595703125,297.432373046875,-3.0086618558278874e-18,-8.470334642421832e-20,273.149169921875,273.15087890625,1.409179687499993,1.999999999999993,296.610595703125,298.547119140625,0.649528443813324,0.651420533657074,296.610595703125,298.351318359375,0.8800005316734314,0.8800005316734314,0,0,99.99998474121094,99.99998474121094,-7.3453647229951e-24,-7.3453647229951e-24,-7.345364920210326e-25,-7.345364920210326e-25,0,0,0,0,273.1594696044922,273.1608123779297,-4.770490179321679e-20,2.2441148757934547e-05,0.10748291015625,0.1256561279296875,0.1764678955078125,0.181549072265625,0.230438232421875,0.2334136962890625,0.2662353515625,0.2665863037109375,0.14170340448617935,0.14171405136585236,-1523733,8432.25,0,3020882,-524718,-121635.0,-549590,138620,0,3519634,1187887.4375,1364378.0,-0.00042258715257048607,0.0,-0.00018651271238923073,-7.916241884231567e-09,-1.978338696062565e-05,4.029192496091127e-06,-8.884817361831665e-07,-1.257285475730896e-08,-0.0010751225054264069,3.3713877201080322e-06,4.7460198402404785e-05,4.811584949493408e-05,-2.3283064365386963e-10,2.3283064365386963e-10,4.744529724121094e-05,4.811584949493408e-05,0.0,2.9802322387695312e-08,-0.0006092987023293972,3.37185338139534e-06,-1.2918872833251953,1.5601005554199219,-1.555755615234375,1.9854736328125,90126.2890625,90785.54296875,-1.3160899925424019e-08,6.809830665588379e-06,2.3162841796875,2.3162841796875,1.5174560546875,1.5174560546875
65,20200106,36.01795131677221,0.5255144412099201,1578268800000,288.5039176940918,298.03286933898926,297.9634641011556,298.2534287770589,297.71294593811035,297.23502286275226,297.39194933573407,296.27972412109375,-1.6366094121727845e-18,273.14996337890625,1.820068359374993,297.2843831380208,0.6498501300811768,297.1855773925781,0.8800005316734314,0,99.99998474121094,-7.3453647229951e-24,-7.345364920210326e-25,0,0,273.1601098378499,2.3512790600458748e-05,0.1032702128092448,0.17374610900878906,0.22879536946614584,0.2660268147786458,0.14172425462553898,-9485940,19930814,-7221258,-2775468,23221952,31194703,-0.0025452710688114166,-0.001130943652242422,-0.00010697171092033386,-9.976327419281006e-06,-0.00767882913351059,0.001132279634475708,4.656612873077393e-10,0.0011302903294563293,1.9669532775878906e-06,-0.0037931622937321663,-0.29640575249989826,0.08240063985188802,90488.78352864583,0.0005106806754042736,2.3162841796875,1.5174560546875,287.0635223388672,291.0513916015625,290.5138244628906,304.76792907714844,287.66650390625,310.14324951171875,291.0926971435547,306.3390808105469,295.76910400390625,299.2824249267578,297.1824035644531,297.31663513183594,297.3900604248047,297.39378356933594,296.137939453125,296.947021484375,-2.9273466928914745e-18,-1.5754817988808815e-19,273.1492919921875,273.1507568359375,1.466796874999993,1.999999999999993,296.137939453125,298.267822265625,0.6482619643211365,0.6522368788719177,296.137939453125,297.962158203125,0.8800005316734314,0.8800005316734314,0,0,99.99998474121094,99.99998474121094,-7.3453647229951e-24,-7.3453647229951e-24,-7.345364920210326e-25,-7.345364920210326e-25,0,0,0,0,273.1591339111328,273.1609344482422,4.7683715820309726e-07,8.17775726318359e-05,0.097137451171875,0.1105194091796875,0.1716156005859375,0.176422119140625,0.2274322509765625,0.2303619384765625,0.2658538818359375,0.2662200927734375,0.14171405136585236,0.14172469824552536,-1416620,3144.0,0,2921120,-522809,-155862.0,-595284,152816,0,3403522,1197855.375,1408265.0,-0.0003939005546271801,-4.21423465013504e-08,-0.00016974005848169327,-3.621680662035942e-07,-3.422144800424576e-05,2.316664904356003e-06,-8.568167686462402e-07,-1.4435499906539917e-08,-0.0010888352990150452,1.1529773473739624e-06,4.6759843826293945e-05,4.747509956359863e-05,-2.3283064365386963e-10,4.656612873077393e-10,4.676729440689087e-05,4.744529724121094e-05,0.0,4.3958425521850586e-07,-0.0005664671771228313,1.2570526450872421e-06,-1.3005800247192383,1.02398681640625,-2.5603179931640625,1.886199951171875,90163.60546875,90743.640625,0.0,0.0001127198338508606,2.3162841796875,2.3162841796875,1.5174560546875,1.5174560546875
66,20200107,36.01795131677221,0.5255144412099201,1578355200000,289.73837025960285,298.00988578796387,297.67038027445477,298.19189771016437,297.9255593617757,297.3374665578206,297.38950475056964,296.7569986979167,-6.371101208224039e-19,273.14996337890625,1.9182942708333262,297.2351481119792,0.6502773761749268,297.19866943359375,0.8800005316734314,0,99.99998474121094,-7.3453647229951e-24,-7.345364920210326e-25,0,0,273.160005569458,7.140015562375385e-05,0.10025405883789062,0.16938273111979166,0.22591718037923178,0.2656548817952474,0.14173490150521198,-8312584,17672776,-6452904,-2716320,20591164,31840681,-0.0021760393865406513,-0.0009080255404114723,-0.00023228395730257034,-7.620081305503845e-06,-0.006496228277683258,0.001119852066040039,0.0,0.0011141225695610046,5.766749382019043e-06,-0.003323969431221485,-0.2418058713277181,0.03202501932779948,90523.24007161458,0.0012311041355133057,2.3162841796875,1.5174560546875,287.9057312011719,291.54774475097656,290.8615264892578,303.85382080078125,288.4617156982422,309.7215576171875,291.7892150878906,306.2127990722656,296.3409423828125,299.2912292480469,297.2897033691406,297.4137268066406,297.3882598876953,297.3908233642578,296.166259765625,297.061279296875,-2.818926475642924e-18,-1.0842026894733873e-19,273.1492919921875,273.1507568359375,1.692382812499993,1.999999999999993,296.166259765625,298.035400390625,0.649528443813324,0.6518935561180115,296.166259765625,297.939697265625,0.8800005316734314,0.8800005316734314,0,0,99.99998474121094,99.99998474121094,-7.3453647229951e-24,-7.3453647229951e-24,-7.345364920210326e-25,-7.345364920210326e-25,0,0,0,0,273.15916442871094,273.16078186035156,2.1755695343017104e-06,0.0001763403415679931,0.092071533203125,0.104217529296875,0.167724609375,0.1715850830078125,0.2246551513671875,0.2273712158203125,0.2654876708984375,0.265838623046875,0.14172469824552536,0.14173534512519836,-1218164,-488.0,0,2565398,-458698,-146601.0,-563876,150776,0,2989002,1224399.0,1446043.0,-0.00033993320539593697,-3.259629011154175e-09,-0.00013747531920671463,-1.30385160446167e-08,-6.228126585483551e-05,1.6298145055770874e-07,-7.944763638079166e-07,-8.381903171539307e-09,-0.0009492114186286926,-1.9371509552001953e-07,4.610419273376465e-05,5.088001489639282e-05,-2.3283064365386963e-10,2.3283064365386963e-10,4.611164331436157e-05,4.67449426651001e-05,0.0,4.634261131286621e-06,-0.00048711057752370834,-1.9371509552001953e-07,-1.2955169677734375,0.6049346923828125,-1.655517578125,1.92120361328125,90190.3828125,90772.9140625,0.0,0.000939488410949707,2.3162841796875,2.3162841796875,1.5174560546875,1.5174560546875
67,20200108,36.01795131677221,0.5255144412099201,1578441600000,290.85441335042316,298.3080425262451,297.64321835835773,298.15258026123047,298.0072892506917,297.4352060953776,297.3895384470622,297.73024495442706,-1.7849107984870838e-18,273.1500549316406,1.999999999999993,297.7300618489583,0.6500014662742615,297.7301025390625,0.8800005316734314,0,99.99998474121094,-7.3453647229951e-24,-7.345364920210326e-25,0,0,273.15999539693195,6.438543399175008e-05,0.10272407531738281,0.1660900115966797,0.22331682840983072,0.26530710856119794,0.14174554838488498,-7511236,15892448,-5985378,-2404532,18517176,32314686,-0.0018405555747449398,-0.000830646138638258,-0.00032650772482156754,-5.823560059070587e-06,-0.005761034786701202,0.001102149486541748,0.0,0.0010990574955940247,3.069639205932617e-06,-0.0030035339295864105,-0.25368499755859375,-0.011849721272786459,90555.79280598958,0.0007966309785842896,2.3162841796875,1.5174560546875,289.44140625,291.5241394042969,293.412841796875,302.89744567871094,289.98394775390625,307.8304443359375,293.2869567871094,305.0401916503906,296.7199401855469,299.2278747558594,297.3944549560547,297.5019989013672,297.3885498046875,297.3907470703125,296.885986328125,298.444580078125,-2.9273466928914745e-18,-1.8126510241120856e-19,273.1492919921875,273.15069580078125,1.999999999999993,1.999999999999993,296.885986328125,298.443603515625,0.6500014662742615,0.6500014662742615,296.885986328125,298.444091796875,0.8800005316734314,0.8800005316734314,0,0,99.99998474121094,99.99998474121094,-7.3453647229951e-24,-7.3453647229951e-24,-7.345364920210326e-25,-7.345364920210326e-25,0,0,0,0,273.1592712402344,273.1609191894531,9.65595245361325e-06,0.0001186132431030273,0.0994110107421875,0.1056060791015625,0.1647491455078125,0.1677093505859375,0.2221527099609375,0.2245941162109375,0.26513671875,0.2654876708984375,0.14173534512519836,0.14174599200487137,-1043368,6572.0,0,2114318,-442880,-95849.625,-438124,140348,0,2463538,1248612.0,1405856.0,-0.00028750859200954437,0.0,-0.00012000324204564095,-6.05359673500061e-09,-9.800214320421219e-05,2.9830262064933777e-06,-4.4319313019514084e-07,-2.468004822731018e-08,-0.000798489898443222,2.637505531311035e-06,4.550814628601074e-05,4.651397466659546e-05,-2.3283064365386963e-10,2.3283064365386963e-10,4.550069570541382e-05,4.60892915725708e-05,0.0,5.513429641723633e-07,-0.00041721295565366745,2.627260982990265e-06,-0.9324951171875,0.87835693359375,-1.399658203125,1.325927734375,90248.30859375,90771.7734375,0.0,0.00014213472604751587,2.3162841796875,2.3162841796875,1.5174560546875,1.5174560546875
68,20200109,36.01795131677221,0.5255144412099201,1578528000000,289.42421468098956,297.2261250813802,297.2923895517985,297.8831081390381,297.7989082336426,297.4908669789632,297.3913218180339,297.4248453776042,-1.6363975505383944e-18,273.1500244140625,1.929077148437493,297.7637939453125,0.6501591205596924,297.74224853515625,0.8800005316734314,0,99.99998474121094,-7.3453647229951e-24,-7.345364920210326e-25,0,0,273.1600259145101,3.182142972946166e-05,0.09666188557942708,0.16285387674967447,0.22070693969726562,0.2649370829264323,0.141756195264558,-8365672,18216108,-6999422,-2853836,21224692,31096152,-0.0022048596292734146,-0.0009495113044977188,-0.00017994176596403122,-1.0886229574680328e-05,-0.006834767758846283,0.0010847002267837524,0.0,0.001083478331565857,1.2218952178955078e-06,-0.003345198929309845,-0.4267730712890625,0.47805341084798175,90495.22314453125,0.0003265976905808543,2.3162841796875,1.5174560546875,288.44903564453125,290.4501953125,289.8446502685547,303.2931671142578,287.5692138671875,309.03858947753906,291.22023010253906,305.80345153808594,296.1606140136719,299.2366180419922,297.4499816894531,297.54322814941406,297.3899383544922,297.39320373535156,296.863037109375,298.004638671875,-3.0086618558278874e-18,-1.1180840073635593e-19,273.14923095703125,273.1507568359375,1.571289062499993,1.999999999999993,296.862548828125,298.557861328125,0.649528443813324,0.651420533657074,296.862548828125,298.510498046875,0.8800005316734314,0.8800005316734314,0,0,99.99998474121094,99.99998474121094,-7.3453647229951e-24,-7.3453647229951e-24,-7.345364920210326e-25,-7.345364920210326e-25,0,0,0,0,273.15936279296875,273.160888671875,1.996755599975572e-06,9.90033149719238e-05,0.0916748046875,0.1026763916015625,0.1613006591796875,0.1647491455078125,0.2194671630859375,0.2220916748046875,0.2647552490234375,0.26513671875,0.14174599200487137,0.14175663888454437,-1176303,15529.5,-2,2524826,-448971,-145800.0,-540476,167616,0,2941792,1174661.8125,1410147.0,-0.00033022603020071983,0.0,-0.0001343926414847374,0.0,-7.961364462971687e-05,6.885151378810406e-06,-8.177012205123901e-07,-4.6566128730773926e-09,-0.0008843280375003815,6.210058927536011e-06,4.48077917098999e-05,4.554912447929382e-05,-2.3283064365386963e-10,2.3283064365386963e-10,4.4815242290496826e-05,4.547834396362305e-05,-7.450580596923828e-09,3.2782554626464844e-07,-0.0004703705199062824,6.210291758179665e-06,-1.197174072265625,0.6663818359375,-2.3639373779296875,1.9796600341796875,90146.4375,90830.5390625,0.0,8.600950241088867e-05,2.3162841796875,2.3162841796875,1.5174560546875,1.5174560546875
69,20200110,36.01795131677221,0.5255144412099201,1578614400000,287.9472427368164,298.3346659342448,298.30917167663574,298.6541919708252,298.0492795308431,297.5381666819255,297.39437929789227,296.93031819661456,-2.7265998843922053e-18,273.150146484375,1.814575195312493,297.5113118489583,0.6502281427383423,297.4093933105469,0.8800005316734314,0,99.99998474121094,-7.3453647229951e-24,-7.345364920210326e-25,0,0,273.1601142883301,6.1516960461934e-06,0.08539199829101562,0.15898450215657553,0.21787007649739584,0.26451365152994794,0.1417814651504159,-9417680,21245658,-8150956,-3278780,24755384,30411441,-0.00267564645037055,-0.0010597058571875095,-1.876894384622574e-05,-1.17449089884758e-05,-0.008389875292778015,0.0010662227869033813,0.0,0.0010660290718078613,1.7881393432617188e-07,-0.0037658661603927612,-0.25556182861328125,-0.2856636047363281,90478.46044921875,5.383789539337158e-05,2.3162841796875,1.5174560546875,286.4511260986328,289.81358337402344,289.7273864746094,305.0150146484375,286.87730407714844,311.2262268066406,290.625244140625,307.4620666503906,296.0755157470703,299.6645812988281,297.4876403808594,297.61170959472656,297.39215087890625,297.39683532714844,296.425048828125,297.261962890625,-5.8546925586023365e-18,-5.556536650976093e-19,273.1492614746094,273.1512451171875,1.505859374999993,1.999999999999993,296.425048828125,298.605712890625,0.649528443813324,0.6518935561180115,296.425048828125,298.223388671875,0.8800005316734314,0.8800005316734314,0,0,99.99998474121094,99.99998474121094,-7.3453647229951e-24,-7.3453647229951e-24,-7.345364920210326e-25,-7.345364920210326e-25,0,0,0,0,273.1591491699219,273.16065979003906,3.576278686523199e-07,2.4318695068359328e-05,0.078704833984375,0.093597412109375,0.1571044921875,0.1613006591796875,0.2165069580078125,0.2194061279296875,0.2642974853515625,0.264739990234375,0.14175663888454437,0.14178254455327988,-1326836,12238.0,0,2937690,-554790,-192496.0,-705420,175220,0,3422980,1152953.375,1348862.0,-0.00038133328780531883,5.820766091346741e-11,-0.000147269107401371,0.0,-2.1154526621103287e-05,5.575362592935562e-06,-8.242204785346985e-07,-1.6763806343078613e-08,-0.0011353380978107452,4.893168807029724e-06,4.406273365020752e-05,4.48077917098999e-05,0.0,0.0,4.404038190841675e-05,4.480034112930298e-05,0.0,2.9802322387695312e-08,-0.0005305642262101173,4.893401637673378e-06,-1.2805023193359375,0.81109619140625,-2.9492340087890625,1.674346923828125,90118.89453125,90771.48828125,0.0,8.27014446258545e-06,2.3162841796875,2.3162841796875,1.5174560546875,1.5174560546875
70,20200111,36.01795131677221,0.5255144412099201,1578700800000,289.12711397806805,298.06421089172363,298.80083719889325,299.16983222961426,298.4949385325114,297.63883781433105,297.39874903361004,297.3450113932292,-1.2013755115785144e-18,273.14996337890625,1.9977213541666596,297.3599446614583,0.6500901579856873,297.3594970703125,0.8800005316734314,0,99.99998474121094,-7.3453647229951e-24,-7.345364920210326e-25,0,0,273.1600863138835,3.313024838765459e-05,0.07570902506510417,0.15497461954752603,0.21499506632486978,0.26406415303548175,0.14177812480678162,-8429700,19852838,-7370848,-3586832,23132616,31448436,-0.002464159857481718,-0.0008228607475757599,-7.364340126514435e-05,-1.0139308869838715e-05,-0.007707841694355011,0.0010493695735931396,0.0,0.0010476857423782349,1.6987323760986328e-06,-0.0033708028495311737,-0.5675538380940756,0.3941466013590495,90514.49544270833,0.0004921853542327881,2.3162841796875,1.5174560546875,288.12339782714844,291.1005401611328,291.50892639160156,304.6659851074219,288.99717712402344,311.618896484375,292.04209899902344,308.1314392089844,296.7970733642578,299.96812438964844,297.58802795410156,297.72796630859375,297.39622497558594,297.4015808105469,296.352294921875,298.155517578125,-4.8789106033653825e-18,-2.744387266091816e-19,273.14910888671875,273.1504821777344,1.945312499999993,1.999999999999993,296.352783203125,298.155517578125,0.6500014662742615,0.6521300673484802,296.352294921875,298.155029296875,0.8800005316734314,0.8800005316734314,0,0,99.99998474121094,99.99998474121094,-7.3453647229951e-24,-7.3453647229951e-24,-7.345364920210326e-25,-7.345364920210326e-25,0,0,0,0,273.15924072265625,273.1608581542969,1.0728836059569861e-06,0.00011417269706726066,0.0704498291015625,0.0805816650390625,0.1532745361328125,0.1571044921875,0.2136993408203125,0.216461181640625,0.26385498046875,0.2642974853515625,0.14177793264389038,0.14178254455327988,-1221044,-3112.0,0,2845878,-568621,-147421.0,-729512,109860,0,3315986,1242396.9375,1379243.0,-0.00036865612491965294,-1.6577541828155518e-07,-0.00011824443936347961,-6.365589797496796e-07,-1.767277717590332e-05,1.78581103682518e-07,-7.607159204781055e-07,-1.6763806343078613e-08,-0.0010711811482906342,-1.8551945686340332e-06,4.330277442932129e-05,4.4286251068115234e-05,-2.3283064365386963e-10,2.3283064365386963e-10,4.328787326812744e-05,4.4032931327819824e-05,0.0,9.238719940185547e-07,-0.0004882616922259331,-1.2461096048355103e-06,-1.396942138671875,0.8127288818359375,-2.6448822021484375,2.144439697265625,90102.21484375,90754.1171875,4.861503839492798e-07,0.00026047229766845703,2.3162841796875,2.3162841796875,1.5174560546875,1.5174560546875
71,20200112,36.01795131677221,0.5255144412099201,1578787200000,289.9814688364665,297.369820912679,298.2499237060547,298.9677899678548,298.5859565734863,297.76033147176105,297.4057985941569,297.3180745442708,-2.722011720329527e-18,273.1501159667969,1.999999999999993,297.3182373046875,0.6500014662742615,297.3181457519531,0.8800005316734314,0,99.99998474121094,-7.3453647229951e-24,-7.345364920210326e-25,0,0,273.16001955668133,0.00013954937458038327,0.100311279296875,0.15163294474283853,0.21233685811360678,0.2636267344156901,0.1418027589097619,-7736164,17872768,-6365728,-3627388,20825772,32222214,-0.0021159248426556587,-0.0006506312638521194,-0.00031588785350322723,-1.1031515896320343e-05,-0.007382042706012726,0.0010790079832077026,6.984919309616089e-10,0.0010301098227500916,4.889070987701416e-05,-0.0030934736132621765,0.13062687714894614,0.05342479546864828,90598.25504557292,0.009233206510543823,2.3162841796875,1.5174560546875,288.0846405029297,292.2192840576172,292.153564453125,303.1465301513672,290.3941192626953,309.69683837890625,293.1299591064453,306.96876525878906,297.3035583496094,299.8258972167969,297.71946716308594,297.83335876464844,297.40179443359375,297.4099578857422,296.547119140625,298.102294921875,-5.204171255111034e-18,-1.6432444346612255e-19,273.1494140625,273.1509094238281,1.999999999999993,1.999999999999993,296.547119140625,298.101806640625,0.6500014662742615,0.6500014662742615,296.547119140625,298.102294921875,0.8800005316734314,0.8800005316734314,0,0,99.99998474121094,99.99998474121094,-7.3453647229951e-24,-7.3453647229951e-24,-7.345364920210326e-25,-7.345364920210326e-25,0,0,0,0,273.1592559814453,273.16065979003906,6.854534149169454e-07,0.00032591819763183594,0.0683746337890625,0.1895904541015625,0.150115966796875,0.1533050537109375,0.211151123046875,0.213653564453125,0.263427734375,0.2638397216796875,0.14177793264389038,0.14180383831262589,-995030,-548.0,0,2401110,-502576,-124434.125,-665656,94936,0,2797810,1277331.0,1443991.0,-0.0003070845268666744,0.0,-8.835736662149429e-05,1.1813826858997345e-06,-9.675044566392899e-05,2.7194619178771973e-07,-8.959323167800903e-07,-5.51808625459671e-08,-0.0009559877216815948,-2.2351741790771484e-07,4.2743980884552e-05,6.447732448577881e-05,-2.3283064365386963e-10,4.656612873077393e-10,4.2572617530822754e-05,4.3272972106933594e-05,3.725290298461914e-09,2.1830201148986816e-05,-0.0003978842869400978,-2.1979212760925293e-07,-0.935760498046875,1.544219970703125,-3.4651336669921875,1.9651641845703125,90092.71484375,90874.171875,1.218169927597046e-06,0.003903716802597046,2.3162841796875,2.3162841796875,1.5174560546875,1.5174560546875
72,20200113,36.01795131677221,0.5255144412099201,1578873600000,290.44766171773273,295.9375693003337,296.1064675649007,297.19652557373047,297.8336601257324,297.81232198079425,297.4153525034587,297.0033772786458,-1.436144879057549e-18,273.14996337890625,1.999999999999993,297.0034586588542,0.6500014662742615,297.00335693359375,0.8800005316734314,0,99.99998474121094,-7.3453647229951e-24,-7.345364920210326e-25,0,0,273.1599540710449,0.00019584099451700845,0.2215557098388672,0.1557941436767578,0.21018409729003906,0.26325098673502606,0.1418140415723125,-7406848,13442936,-5167684,-1405468,15664328,32394316,-0.0015217866748571396,-0.0008645826019346714,-0.000567377544939518,-8.043833076953888e-06,-0.004938505589962006,0.001053646206855774,2.3283064365386963e-10,0.0010148808360099792,3.8757920265197754e-05,-0.002961793914437294,0.033466339111328125,0.3556837240854899,90635.46272786458,0.006797885894684441,2.3162841796875,1.5174560546875,288.56744384765625,291.8969421386719,291.25755310058594,300.4205322265625,289.8305969238281,304.69801330566406,293.3475341796875,302.3574523925781,296.9414367675781,298.69676208496094,297.7931365966797,297.83384704589844,297.41053771972656,297.41998291015625,296.394287109375,297.570556640625,-4.065758974001254e-18,-7.623301695167532e-20,273.1493835449219,273.1504211425781,1.999999999999993,1.999999999999993,296.394775390625,297.570556640625,0.6500014662742615,0.6500014662742615,296.394775390625,297.570556640625,0.8800005316734314,0.8800005316734314,0,0,99.99998474121094,99.99998474121094,-7.3453647229951e-24,-7.3453647229951e-24,-7.345364920210326e-25,-7.345364920210326e-25,0,0,0,0,273.1593017578125,273.1607208251953,3.844499588012668e-06,0.00032591819763183594,0.1968994140625,0.23956298828125,0.1508331298828125,0.1602325439453125,0.2093353271484375,0.2111053466796875,0.263092041015625,0.2634124755859375,0.14180383831262589,0.1418144851922989,-1114202,9505.0,0,2063398,-357443,-67894.0,-361336,102932,0,2404390,1241352.5625,1422309.0,-0.00028917891904711723,0.0,-0.00015213340520858765,4.3478794395923615e-06,-0.00028013763949275017,-4.738103598356247e-08,-5.40225300937891e-07,-3.67872416973114e-08,-0.0007350817322731018,3.8035213947296143e-06,4.2185187339782715e-05,4.8063695430755615e-05,0.0,2.3283064365386963e-10,4.201382398605347e-05,4.2557716369628906e-05,4.470348358154297e-08,5.587935447692871e-06,-0.0004455382004380226,3.800727427005768e-06,-1.048126220703125,1.2073822021484375,-1.5720767974853516,1.7499542236328125,90285.3515625,90889.6015625,1.0594725608825684e-05,0.0008905008435249329,2.3162841796875,2.3162841796875,1.5174560546875,1.5174560546875
73,20200114,36.01795131677221,0.5255144412099201,1578960000000,290.9066785176595,296.6534423828125,297.030221303304,297.65412457784015,297.5954303741455,297.75492032368976,297.42370478312176,297.0868733723958,-1.0074753804069232e-18,273.14996337890625,1.999999999999993,297.0867919921875,0.6500014662742615,297.0868225097656,0.8800005316734314,0,99.99998474121094,-7.3453647229951e-24,-7.345364920210326e-25,0,0,273.15992228190106,0.0001348207394282023,0.2105884552001953,0.1636021931966146,0.20823033650716147,0.26287841796875,0.1418246884519855,-10423052,19394282,-6292618,-2694964,22599244,31748625,-0.00236473698168993,-0.0013851597905158997,-0.0004094233736395836,-8.567236363887787e-06,-0.00688403844833374,0.001007184386253357,0.0,0.0010003522038459778,6.794929504394531e-06,-0.004167887382209301,0.048877716064453125,0.2532736460367839,90536.83186848958,0.001309037208557129,2.3162841796875,1.5174560546875,289.9021453857422,291.50404357910156,291.1851348876953,302.89842224121094,289.3009338378906,308.339111328125,292.7075653076172,304.6222229003906,296.11973571777344,299.03515625,297.7189483642578,297.8042907714844,297.4195251464844,297.4277038574219,296.179931640625,297.908935546875,-4.824700494741107e-18,-8.300928052970972e-20,273.14935302734375,273.150634765625,1.999999999999993,1.999999999999993,296.179931640625,297.909423828125,0.6500014662742615,0.6500014662742615,296.179931640625,297.908935546875,0.8800005316734314,0.8800005316734314,0,0,99.99998474121094,99.99998474121094,-7.3453647229951e-24,-7.3453647229951e-24,-7.345364920210326e-25,-7.345364920210326e-25,0,0,0,0,273.15919494628906,273.1605987548828,3.8743019104001545e-07,0.00032591819763183594,0.194427490234375,0.2332305908203125,0.160797119140625,0.1646270751953125,0.2072601318359375,0.20928955078125,0.2626800537109375,0.2630767822265625,0.1418144851922989,0.1418251320719719,-1525150,8724.0,0,2881048,-457250,-123925.4375,-571432,156896,-2,3357160,1235914.8125,1387007.0,-0.0003926558420062065,0.0,-0.0002111736685037613,3.909924998879433e-06,-0.00016246270388364792,1.1790543794631958e-06,-6.724148988723755e-07,-2.9802322387695312e-08,-0.0009959600865840912,3.4887343645095825e-06,4.1365623474121094e-05,4.4152140617370605e-05,-2.3283064365386963e-10,2.3283064365386963e-10,4.135817289352417e-05,4.200637340545654e-05,-3.725290298461914e-09,2.1457672119140625e-06,-0.0006098654121160507,3.4882687032222748e-06,-0.8038177490234375,0.8522491455078125,-2.964691162109375,1.9430389404296875,90183.30859375,90807.30078125,0.0,0.00033351778984069824,2.3162841796875,2.3162841796875,1.5174560546875,1.5174560546875
74,20200115,36.01795131677221,0.5255144412099201,1579046400000,289.66912778218585,297.052485148112,296.72887865702313,297.4512112935384,297.6197675069173,297.7198657989502,297.43094571431476,297.2039794921875,-2.280213314394036e-18,273.14996337890625,1.999999999999993,297.2039794921875,0.6500014662742615,297.2039489746094,0.8800005316734314,0,99.99998474121094,-7.3453647229951e-24,-7.345364920210326e-25,0,0,273.16004435221356,5.3671499093373605e-05,0.18133672078450522,0.1637884775797526,0.20617357889811197,0.2624683380126953,0.1418353353316585,-9943716,18800440,-6909208,-2156088,21907744,30939230,-0.002310474868863821,-0.0013576787896454334,-0.0002993037924170494,-8.754432201385498e-06,-0.0068660154938697815,0.0009861588478088379,0.0,0.0009845346212387085,1.6689300537109375e-06,-0.003976213745772839,-0.16230392456054688,0.4702487389246623,90514.69921875,0.0004162371157576672,2.3162841796875,1.5174560546875,287.7748260498047,290.9544982910156,291.47251892089844,303.0583801269531,289.6195526123047,308.1549072265625,292.73150634765625,304.63673400878906,296.1737976074219,299.07154846191406,297.6850891113281,297.7610778808594,297.4281005859375,297.4343566894531,296.332275390625,298.065673828125,-5.529431906856685e-18,-3.7947081206871484e-19,273.14935302734375,273.1508483886719,1.999999999999993,1.999999999999993,296.332275390625,298.065673828125,0.6500014662742615,0.6500014662742615,296.332275390625,298.065673828125,0.8800005316734314,0.8800005316734314,0,0,99.99998474121094,99.99998474121094,-7.3453647229951e-24,-7.3453647229951e-24,-7.345364920210326e-25,-7.345364920210326e-25,0,0,0,0,273.1592102050781,273.1608428955078,-4.7271220045343187e-20,0.0001903176307678222,0.169403076171875,0.1956024169921875,0.1627044677734375,0.1651458740234375,0.205230712890625,0.2072296142578125,0.2622833251953125,0.2626800537109375,0.1418251320719719,0.1418357789516449,-1400284,4530.5,0,2683472,-482544,-133727.75,-510206,216750,0,3127008,1214123.0,1367907.0,-0.0003518261946737766,-6.984919309616089e-10,-0.00018834369257092476,-8.824281394481659e-08,-0.0001152197364717722,2.4600885808467865e-06,-6.202608346939087e-07,-1.6298145055770874e-08,-0.0009478852152824402,1.7844140529632568e-06,4.06801700592041e-05,4.166364669799805e-05,0.0,0.0,4.070252180099487e-05,4.134327173233032e-05,-7.450580596923828e-09,5.066394805908203e-07,-0.0005599348805844784,1.8118880689144135e-06,-1.326873779296875,2.1627960205078125,-1.727447509765625,1.946929931640625,90156.3125,90798.73828125,-1.4901161193847656e-08,0.00012633204460144043,2.3162841796875,2.3162841796875,1.5174560546875,1.5174560546875
75,20200116,36.01795131677221,0.5255144412099201,1579132800000,289.8950621287028,297.93645604451496,297.68969472249347,297.9693031311035,297.69314765930176,297.687749226888,297.4368375142415,296.5624593098958,-2.797468376577533e-18,273.1498718261719,1.7505289713541596,297.4780680338542,0.6503835916519165,297.366943359375,0.8800005316734314,0,99.99998474121094,-7.3453647229951e-24,-7.345364920210326e-25,0,0,273.15995025634766,4.068017005920385e-06,0.15656534830729166,0.16148885091145834,0.2041295369466146,0.26204681396484375,0.14212154876440763,-8883244,17416268,-6290504,-1959700,20301776,32020356,-0.002312027383595705,-0.0012232158333063126,-1.0346993803977966e-05,-6.571412086486816e-06,-0.006393715739250183,0.0009686648845672607,2.3283064365386963e-10,0.0009685158729553223,1.1920928955078125e-07,-0.0035521602258086205,-0.36998021602630615,0.2334581216176351,90522.49918619792,3.0145814264415094e-05,2.3152313232421875,1.5162862141927083,288.43170166015625,291.81195068359375,292.4819641113281,303.32579040527344,289.48878479003906,308.1983184814453,292.5319519042969,304.6478271484375,296.0068359375,299.1441650390625,297.6497802734375,297.7277526855469,297.4346923828125,297.43939208984375,296.445556640625,296.921142578125,-5.963112775850887e-18,-9.215726737932913e-19,273.149169921875,273.1510009765625,1.266601562499993,1.999999999999993,296.445556640625,298.407470703125,0.648734986782074,0.6531066298484802,296.445556640625,298.164306640625,0.8800005316734314,0.8800005316734314,0,0,99.99998474121094,99.99998474121094,-7.3453647229951e-24,-7.3453647229951e-24,-7.345364920210326e-25,-7.345364920210326e-25,0,0,0,0,273.1593933105469,273.1607971191406,2.9802322387647174e-08,1.5228986740112284e-05,0.1459808349609375,0.16937255859375,0.16015625,0.16314697265625,0.20318603515625,0.2052001953125,0.2618408203125,0.26226806640625,0.1418357789516449,0.14213397353887558,-1349906,7640.5,0,2598486,-414334,-92543.0,-458216,150904,0,3028920,1213313.0,1443109.0,-0.0003603510558605194,0.0,-0.00017934665083885193,-1.0943040251731873e-08,-1.252954825758934e-05,3.428896889090538e-06,-5.327165126800537e-07,-1.3969838619232178e-09,-0.0009143948554992676,3.0621886253356934e-06,4.0024518966674805e-05,4.07099723815918e-05,-1.4551915228366852e-11,2.3283064365386963e-10,4.003196954727173e-05,4.06801700592041e-05,0.0,8.940696716308594e-08,-0.0005397889763116837,3.055436536669731e-06,-1.4432592391967773,1.3071441650390625,-1.7198638916015625,1.3533048629760742,90153.5546875,90800.87890625,-7.623214060004102e-09,2.4139881134033203e-05,2.315185546875,2.3162841796875,1.5162353515625,1.5174560546875
76,20200117,36.01795131677221,0.5255144412099201,1579219200000,289.8242607116699,298.3812878926595,298.1818726857503,298.41409492492676,298.0239149729411,297.69926261901855,297.44243876139325,297.60813395182294,-3.577867996382777e-18,273.15008544921875,1.9874674479166596,297.6455891927083,0.6500450372695923,297.6396789550781,0.8800005316734314,0,99.99998474121094,-7.3453647229951e-24,-7.345364920210326e-25,0,0,273.16010665893555,5.098680655161503e-06,0.13419342041015625,0.1584491729736328,0.20205561319986978,0.2616036732991536,0.1424051239155233,-9035440,17647200,-6035928,-2198904,20577976,32521953,-0.002352701034396887,-0.0012414953671395779,-1.121964305639267e-05,-7.601454854011536e-06,-0.006884865462779999,0.0009521842002868652,-2.3283064365386963e-10,0.0009521245956420898,8.940696716308594e-08,-0.0036130184307694435,-0.76109778881073,0.323119322458903,90458.86051432292,2.6708946222697705e-05,2.3140157063802085,1.51483154296875,287.3279266357422,291.4637145996094,291.7784881591797,304.24542236328125,289.3207702636719,309.7914276123047,292.37815856933594,305.73431396484375,296.32212829589844,299.416748046875,297.6573486328125,297.75047302246094,297.43963623046875,297.4466247558594,296.684814453125,298.310791015625,-5.963112775850887e-18,-3.252607034444396e-19,273.149169921875,273.15093994140625,1.967773437499993,1.999999999999993,296.684814453125,298.397705078125,0.649986207485199,0.6501922011375427,296.684814453125,298.377197265625,0.8800005316734314,0.8800005316734314,0,0,99.99998474121094,99.99998474121094,-7.3453647229951e-24,-7.3453647229951e-24,-7.345364920210326e-25,-7.345364920210326e-25,0,0,0,0,273.15911865234375,273.16082763671875,8.940696716303954e-08,1.946091651916502e-05,0.1243743896484375,0.1462249755859375,0.156982421875,0.1602935791015625,0.2010955810546875,0.203155517578125,0.2613983154296875,0.2618255615234375,0.14213397353887558,0.14241691306233406,-1479064,8571.5,0,2931456,-475090,-126537.0,-564416,115100,0,3418318,1246568.875,1506000.0,-0.00039606494829058647,0.0,-0.00019463663920760155,-1.4202669262886047e-08,-1.7449725419282913e-05,3.918015863746405e-06,-6.044283509254456e-07,-1.3969838619232178e-08,-0.0010429471731185913,3.4365803003311157e-06,3.933906555175781e-05,3.999657928943634e-05,-2.3283064365386963e-10,2.3283064365386963e-10,3.933906555175781e-05,4.000961780548096e-05,0.0,1.4901161193847656e-08,-0.0005914364010095596,3.427499905228615e-06,-1.3711566925048828,0.39049530029296875,-1.9187774658203125,1.4373779296875,90116.5,90757.05078125,-1.1920917586394353e-08,4.86522912979126e-06,2.31396484375,2.315185546875,1.5147705078125,1.5162353515625
77,20200118,36.01795131677221,0.5255144412099201,1579305600000,287.5480378468831,300.0769411722819,298.79442469278973,299.03305371602374,298.53149223327637,297.76620801289874,297.44958623250324,297.8175048828125,-4.127874861330005e-18,273.15008544921875,1.9999186197916596,297.818603515625,0.6500100493431091,297.8186340332031,0.8800005316734314,0,99.99998474121094,-7.3453647229951e-24,-7.345364920210326e-25,0,0,273.16000175476074,1.1349717775980368e-06,0.1128374735514323,0.15485572814941406,0.19990412394205728,0.2611401875813802,0.1427026828750968,-9788912,19046082,-7112202,-1983228,22216664,31781714,-0.002567126415669918,-0.0013341004960238934,-3.012828528881073e-06,-1.0075047612190247e-05,-0.008313938975334167,0.0009351074695587158,4.656612873077393e-10,0.000935092568397522,1.4901161193847656e-08,-0.00391431525349617,-0.5177976687749227,-0.4359292189280192,90397.51708984375,3.151553187308309e-06,2.3129119873046875,1.5136006673177083,285.09486389160156,290.8125305175781,292.4775695800781,305.93092346191406,289.8553466796875,310.06825256347656,292.83660888671875,306.5293731689453,296.8211364746094,300.0024719238281,297.7179412841797,297.8448181152344,297.4468078613281,297.4545135498047,296.906494140625,298.534423828125,-5.746272341353786e-18,-2.6291910954579608e-18,273.14886474609375,273.1513671875,1.998046874999993,1.999999999999993,296.906494140625,298.534423828125,0.6500014662742615,0.6502074599266052,296.906494140625,298.534423828125,0.8800005316734314,0.8800005316734314,0,0,99.99998474121094,99.99998474121094,-7.3453647229951e-24,-7.3453647229951e-24,-7.345364920210326e-25,-7.345364920210326e-25,0,0,0,0,273.1592712402344,273.16090393066406,-4.770490179321679e-20,5.036592483520478e-06,0.1027069091796875,0.1248626708984375,0.153076171875,0.156982421875,0.198883056640625,0.2010650634765625,0.2609100341796875,0.261383056640625,0.14241691306233406,0.14271510764956474,-1359260,-1994.5,0,2762580,-517238,-149964.125,-510112,203824,-2,3222552,1215472.0,1461176.0,-0.00036452431231737137,-2.605374902486801e-07,-0.0001802775077521801,-8.817296475172043e-07,-4.240777343511581e-06,9.596114978194237e-07,-9.373761713504791e-07,-2.6542693376541138e-08,-0.0011106394231319427,-1.4146789908409119e-06,3.859400749206543e-05,3.933906555175781e-05,-2.3283064365386963e-10,4.656612873077393e-10,3.860890865325928e-05,3.9324164390563965e-05,0.0,7.450580596923828e-09,-0.0005435291677713394,-7.974449545145035e-07,-1.4010162353515625,0.7766265869140625,-2.8428955078125,1.645660400390625,90040.703125,90653.796875,-3.0240698833949864e-09,8.863347034093749e-07,2.3128662109375,2.31396484375,1.5135498046875,1.5147705078125
78,20200119,36.01795131677221,0.5255144412099201,1579392000000,287.0118408203125,299.5669873555501,298.84921646118164,299.2143491109212,298.68803787231445,297.8601557413737,297.458314259847,297.79258219401044,-1.424533538003989e-18,273.14996337890625,1.999511718749993,297.7937825520833,0.6499992609024048,297.793701171875,0.8800005316734314,0,99.99998474121094,-7.3453647229951e-24,-7.345364920210326e-25,0,0,273.16003036499023,8.953114350636426e-07,0.09281222025553386,0.15068435668945312,0.19761021931966147,0.2606360117594401,0.14298625802621245,-10035568,21410048,-8031160,-3007032,24982608,30828976,-0.0027493401430547237,-0.0012512309476733208,-3.1385570764541626e-07,-1.20578333735466e-05,-0.009039506316184998,0.0009170472621917725,-2.3283064365386963e-10,0.0009170174598693848,0.0,-0.004012942314147949,-0.7284876505533854,-0.46797295411427814,90441.61604817708,8.52346317969932e-07,2.3118133544921875,1.5122629801432292,284.3614044189453,290.01751708984375,290.7543029785156,306.4457092285156,287.8105926513672,311.535400390625,291.4848937988281,307.7791290283203,296.77069091796875,300.30035400390625,297.80926513671875,297.944091796875,297.4546661376953,297.4638977050781,296.779052734375,298.516845703125,-2.8460315299550617e-18,-5.675125916482641e-20,273.149169921875,273.1508483886719,1.990234374999993,1.999999999999993,296.779541015625,298.516845703125,0.6499633193016052,0.6500014662742615,296.779541015625,298.516845703125,0.8800005316734314,0.8800005316734314,0,0,99.99998474121094,99.99998474121094,-7.3453647229951e-24,-7.3453647229951e-24,-7.345364920210326e-25,-7.345364920210326e-25,0,0,0,0,273.15936279296875,273.16078186035156,-9.540985528522186e-20,4.947185516357378e-06,0.083953857421875,0.1035003662109375,0.148681640625,0.153076171875,0.196533203125,0.1988525390625,0.2603912353515625,0.2609100341796875,0.14271510764956474,0.14299804717302322,-1423378,-543.25,0,3022530,-545336,-179974.0,-681844,192020,0,3526856,1191492.75,1378178.0,-0.00039286399260163307,-1.5547266229987144e-07,-0.00017596781253814697,-6.646732799708843e-07,-4.186294972896576e-06,1.3996614143252373e-06,-8.67992639541626e-07,-1.816079020500183e-08,-0.001210194081068039,-6.756745278835297e-07,3.781914710998535e-05,3.859400749206543e-05,-2.3283064365386963e-10,2.3283064365386963e-10,3.78340482711792e-05,3.859400749206543e-05,0.0,0.0,-0.0005691689439117908,-2.173474058508873e-07,-1.704742431640625,0.322265625,-2.9121828079223633,1.79425048828125,90077.31640625,90722.3359375,-7.450580596923828e-09,8.597968985668558e-07,2.311767578125,2.3128662109375,1.51220703125,1.5135498046875
79,20200120,36.01795131677221,0.5255144412099201,1579478400000,286.5394814809163,298.98658498128253,299.0203056335449,299.5093638102214,298.9638093312581,297.9695358276367,297.4686457316081,297.75693766276044,-9.478654367439019e-19,273.1499328613281,1.999999999999993,297.7569173177083,0.6500014662742615,297.75689697265625,0.8800005316734314,0,99.99998474121094,-7.3453647229951e-24,-7.345364920210326e-25,0,0,273.1598587036133,1.2516975402831682e-06,0.07664998372395833,0.1462529500325521,0.19523048400878906,0.260101318359375,0.14328382055585584,-9451232,22440742,-8876943,-3905352,26194184,30061951,-0.0027397493831813335,-0.0010271263308823109,-1.51805579662323e-07,-1.2256205081939697e-05,-0.0092359259724617,0.0008981972932815552,4.656612873077393e-10,0.0008982270956039429,0.0,-0.003779282793402672,-0.33673882484436035,-0.2116374969482422,90462.09798177083,4.261732051702438e-07,2.3107147216796875,1.5110371907552083,283.49989318847656,289.3507080078125,290.2545166015625,306.0626983642578,287.3836364746094,312.673583984375,291.2294921875,309.0645751953125,297.08074951171875,300.58595275878906,297.91712951660156,298.05870056152344,297.46405029296875,297.4751281738281,296.726806640625,298.593017578125,-2.9815568015157497e-18,-3.472835406860058e-20,273.1495056152344,273.150634765625,1.999999999999993,1.999999999999993,296.726806640625,298.593017578125,0.6500014662742615,0.6500014662742615,296.726806640625,298.593017578125,0.8800005316734314,0.8800005316734314,0,0,99.99998474121094,99.99998474121094,-7.3453647229951e-24,-7.3453647229951e-24,-7.345364920210326e-25,-7.345364920210326e-25,0,0,0,0,273.1591491699219,273.16038513183594,-7.632793592696578e-20,7.867813110351517e-06,0.06988525390625,0.0848541259765625,0.144256591796875,0.148681640625,0.1941375732421875,0.196502685546875,0.2598419189453125,0.2603759765625,0.14299804717302322,0.1432962454855442,-1325689,4141.0,0,3082352,-610829,-194465.0,-814020,203564,0,3597878,1157703.625,1356458.0,-0.00038639316335320473,-2.7939677238464355e-09,-0.00014313636347651482,-4.05358150601387e-07,-6.7283399403095245e-06,2.836110070347786e-06,-7.860362529754639e-07,-1.6763806343078613e-08,-0.001267269253730774,1.603737473487854e-06,3.7029385566711426e-05,3.780052065849304e-05,-2.3283064365386963e-10,4.656612873077393e-10,3.7044286727905273e-05,3.781169652938843e-05,0.0,0.0,-0.0005301050841808319,1.6561243683099747e-06,-1.4146366119384766,0.863041877746582,-2.6396026611328125,1.7049407958984375,90145.57421875,90732.3828125,0.0,4.261732051702438e-07,2.3106689453125,2.311767578125,1.510986328125,1.51220703125
80,20200121,36.01795131677221,0.5255144412099201,1579564800000,286.8209934234619,299.09175809224445,299.20294253031415,299.68649355570477,299.05713335673016,298.0796190897624,297.4817237854004,297.48146565755206,-1.2496563895720096e-18,273.1499328613281,1.999999999999993,297.4814046223958,0.6500014662742615,297.4814147949219,0.8800005316734314,0,99.99998474121094,-7.3453647229951e-24,-7.345364920210326e-25,0,0,273.1600093841553,1.170982917149831e-06,0.06554603576660156,0.1419652303059896,0.19287490844726562,0.2595589955647786,0.14358201529830694,-8273224,21651128,-8648677,-4378944,25280948,30367156,-0.0025721965357661247,-0.0007206960581243038,-2.8926879167556763e-06,-1.2446194887161255e-05,-0.009040892124176025,0.0008794516324996948,2.3283064365386963e-10,0.000879429280757904,2.9802322387695312e-08,-0.0033082319423556328,-0.389528751373291,-0.10864198207855225,90381.30794270833,8.645653622352256e-06,2.3094991048177085,1.5098164876302083,285.23097229003906,289.16758728027344,290.0773620605469,306.0123748779297,286.9931945800781,312.99464416503906,290.8332824707031,309.42054748535156,297.193603515625,300.6131896972656,298.0312194824219,298.1661682128906,297.47528076171875,297.48924255371094,296.452392578125,298.217529296875,-5.5836420154809604e-18,-1.4399565273201934e-19,273.1491394042969,273.150634765625,1.999999999999993,1.999999999999993,296.452392578125,298.217041015625,0.6500014662742615,0.6500014662742615,296.452392578125,298.217529296875,0.8800005316734314,0.8800005316734314,0,0,99.99998474121094,99.99998474121094,-7.3453647229951e-24,-7.3453647229951e-24,-7.345364920210326e-25,-7.345364920210326e-25,0,0,0,0,273.15916442871094,273.1607208251953,-4.770490179321679e-20,6.02006912231441e-06,0.06134033203125,0.07080078125,0.1401214599609375,0.1442413330078125,0.1918182373046875,0.1941070556640625,0.259307861328125,0.2598419189453125,0.1432962454855442,0.1435944400727749,-1202508,979.5,0,3120864,-595248,-188215.0,-911266,139164,0,3644156,1156421.4375,1397710.0,-0.000375993549823761,-1.2328382581472397e-07,-0.00010439986363053322,-6.423797458410263e-07,-5.013309419155121e-06,2.000248059630394e-06,-8.856877684593201e-07,-2.1420419216156006e-08,-0.0012419186532497406,-2.60770320892334e-07,3.625452518463135e-05,3.7029385566711426e-05,-2.3283064365386963e-10,2.3283064365386963e-10,3.626197576522827e-05,3.7029385566711426e-05,0.0,1.4901161193847656e-08,-0.00048084789887070656,3.91155481338501e-07,-1.3560447692871094,0.840911865234375,-2.923402786254883,1.9540252685546875,90074.80859375,90634.9921875,0.0,3.889203071594238e-06,2.3094482421875,2.3106689453125,1.509765625,1.510986328125
81,20200122,36.01795131677221,0.5255144412099201,1579651200000,286.84643872578937,299.9653129577637,300.37706820170087,300.51916058858234,299.35551897684735,298.19440205891925,297.49649302164715,297.29823811848956,-7.211076753889613e-19,273.15008544921875,1.999999999999993,297.2982584635417,0.6500014662742615,297.29827880859375,0.8800005316734314,0,99.99998474121094,-7.3453647229951e-24,-7.345364920210326e-25,0,0,273.16010030110675,3.6383668581641525e-07,0.05894343058268229,0.13805707295735678,0.19062487284342447,0.2590173085530599,0.1438655904494226,-7171428,19169276,-7216906,-3870216,22390184,32389119,-0.00235356530174613,-0.000498511828482151,-5.1567330956459045e-06,-1.0419636964797974e-05,-0.008698329329490662,0.0008611828088760376,-2.3283064365386963e-10,0.0008611306548118591,4.470348358154297e-08,-0.002867652103304863,-0.3678915500640869,-0.44678906599680585,90360.60514322917,1.4794094113312894e-05,2.3083953857421875,1.5084788004557292,284.63905334472656,289.33636474609375,290.86509704589844,306.08457946777344,287.99168395996094,313.8954315185547,291.46910095214844,310.33912658691406,297.555419921875,300.7265625,298.1448211669922,298.28895568847656,297.4894104003906,297.50323486328125,296.267333984375,297.992431640625,-2.8731365842671993e-18,-1.6940664114964835e-19,273.1491394042969,273.1507568359375,1.999999999999993,1.999999999999993,296.266845703125,297.992431640625,0.6500014662742615,0.6500014662742615,296.266845703125,297.992431640625,0.8800005316734314,0.8800005316734314,0,0,99.99998474121094,99.99998474121094,-7.3453647229951e-24,-7.3453647229951e-24,-7.345364920210326e-25,-7.345364920210326e-25,0,0,0,0,273.1592559814453,273.16082763671875,-9.454250471417173e-20,2.3245811462402284e-06,0.05645751953125,0.06207275390625,0.136444091796875,0.140106201171875,0.18963623046875,0.1917877197265625,0.258758544921875,0.2592926025390625,0.1435944400727749,0.14387737959623337,-1050482,-3200.0,0,2866388,-564041,-114016.0,-869316,128372,0,3347952,1179752.9375,1487384.0,-0.0003503458574414253,-3.1420495361089706e-07,-6.956513971090317e-05,-6.603077054023743e-07,-2.312473952770233e-06,4.959292709827423e-08,-9.025679901242256e-07,-9.313225746154785e-10,-0.0011821873486042023,-2.898275852203369e-06,3.552436828613281e-05,3.625452518463135e-05,-2.3283064365386963e-10,2.3283064365386963e-10,3.551691770553589e-05,3.625452518463135e-05,-7.450580596923828e-09,1.862645149230957e-08,-0.00042005907744169235,-1.278705894947052e-06,-1.2471952438354492,0.9951057434082031,-2.6358184814453125,1.8627777099609375,89990.09375,90634.26953125,-2.9136344892322086e-08,6.267428393158525e-06,2.308349609375,2.3094482421875,1.5084228515625,1.509765625
82,20200123,36.01795131677221,0.5255144412099201,1579737600000,288.7979342142741,298.1009947458903,298.4790236155192,299.1389916737874,299.40699132283527,298.3380940755208,297.51393191019696,297.2197672526042,-3.3658987251154245e-19,273.1499938964844,1.999999999999993,297.2198079427083,0.6500014662742615,297.21978759765625,0.8800005316734314,0,99.99998474121094,-7.3453647229951e-24,-7.345364920210326e-25,0,0,273.1600621541341,2.0762284596760764e-06,0.05623499552408854,0.1353282928466797,0.18882179260253906,0.2585442860921224,0.1441631494089961,-4124916,11269618,-5063496,-2380464,13168180,33637629,-0.0013768551871180534,-0.0002393815666437149,-2.2669322788715363e-05,-1.0533258318901062e-05,-0.005429774522781372,0.0008454620838165283,2.3283064365386963e-10,0.0008452832698822021,1.9371509552001953e-07,-0.001649441197514534,0.3038934071858724,0.5833504994710287,90513.65152994792,6.949305520720372e-05,2.3072967529296875,1.5072530110677083,288.0954895019531,289.9518737792969,295.16709899902344,301.79942321777344,293.22503662109375,307.29713439941406,295.3412780761719,305.5517578125,298.7406921386719,300.0745391845703,298.29612731933594,298.39195251464844,297.50535583496094,297.52447509765625,296.816650390625,297.618408203125,-2.141300117839484e-18,-8.809147821323552e-20,273.14898681640625,273.15069580078125,1.999999999999993,1.999999999999993,296.816650390625,297.618408203125,0.6500014662742615,0.6500014662742615,296.816650390625,297.618408203125,0.8800005316734314,0.8800005316734314,0,0,99.99998474121094,99.99998474121094,-7.3453647229951e-24,-7.3453647229951e-24,-7.345364920210326e-25,-7.345364920210326e-25,0,0,0,0,273.1594543457031,273.1608428955078,3.57627868652334e-07,7.92741775512693e-06,0.0555572509765625,0.05694580078125,0.134368896484375,0.1364288330078125,0.1880950927734375,0.189605712890625,0.2583465576171875,0.258758544921875,0.14387737959623337,0.14417557418346405,-607772,-13140.0,0,1743012,-398848,-86174.875,-567330,67424,-2,2036516,1365116.0,1440138.0,-0.00020630797371268272,-2.730637788772583e-06,-2.8357375413179398e-05,-2.0819716155529022e-06,-7.920898497104645e-06,-1.30385160446167e-08,-6.60773366689682e-07,-9.12696123123169e-08,-0.0007684864103794098,-1.2822449207305908e-05,3.4928321838378906e-05,3.549456596374512e-05,-2.3283064365386963e-10,2.3283064365386963e-10,3.493577241897583e-05,3.550201654434204e-05,0.0,5.960464477539063e-08,-0.00024303048849105835,-5.256384611129761e-06,-0.50738525390625,1.6982421875,-1.978240966796875,1.9082794189453125,90230.7890625,90726.875,0.0,2.1435320377349854e-05,2.3072509765625,2.308349609375,1.5072021484375,1.5084228515625
83,20200124,36.01795131677221,0.5255144412099201,1579824000000,288.8536211649577,298.3720760345459,299.01494153340656,299.5040868123372,299.12146377563477,298.396816889445,297.53385225931805,296.82468668619794,-1.2177515163579564e-18,273.14996337890625,1.9951578776041596,296.8519287109375,0.6500179767608643,296.8501281738281,0.8800005316734314,0,99.99998474121094,-7.3453647229951e-24,-7.345364920210326e-25,0,0,273.1600519816081,1.6825894514719286e-06,0.05491828918457031,0.1329676310221354,0.1871515909830729,0.25809160868326825,0.14444672456011176,-5156490,14461240,-6387176,-2937248,16903452,32605425,-0.0017967484891414642,-0.0002461876720190048,-1.143384724855423e-05,-7.5660645961761475e-06,-0.00646190345287323,0.0008304864168167114,0.0,0.0008304119110107422,5.960464477539063e-08,-0.002061935141682625,0.1573486328125,0.6998017628987631,90610.21500651042,2.2813677787780762e-05,2.3061981201171875,1.5060323079427083,286.7865905761719,290.4853820800781,293.61167907714844,304.16700744628906,291.1026916503906,311.99847412109375,293.9869079589844,308.87281799316406,298.00868225097656,300.2968292236328,298.36732482910156,298.4438018798828,297.5246124267578,297.5433807373047,296.069580078125,297.506103515625,-4.662070168868282e-18,-3.8963518804872083e-20,273.14923095703125,273.1508483886719,1.985351562499993,1.999999999999993,296.069580078125,297.574462890625,0.6499633193016052,0.6501311659812927,296.069580078125,297.569580078125,0.8800005316734314,0.8800005316734314,0,0,99.99998474121094,99.99998474121094,-7.3453647229951e-24,-7.3453647229951e-24,-7.345364920210326e-25,-7.345364920210326e-25,0,0,0,0,273.1594543457031,273.1606750488281,-9.454250471417173e-20,7.718801498413077e-06,0.0538177490234375,0.056121826171875,0.131744384765625,0.1343536376953125,0.1863250732421875,0.1880645751953125,0.2578582763671875,0.258331298828125,0.14417557418346405,0.14445851370692253,-802626,-4544.0,0,2297188,-514809,-96788.75,-671936,103220,0,2685034,1282786.0,1423423.0,-0.00028570741415023804,-4.2654573917388916e-07,-3.5223085433244705e-05,-7.548369467258453e-07,-4.225876182317734e-06,0.0,-6.221234798431396e-07,-1.210719347000122e-08,-0.0008962713181972504,-4.552304744720459e-06,3.428757190704346e-05,3.491342067718506e-05,-2.3283064365386963e-10,2.3283064365386963e-10,3.428012132644653e-05,3.4905970096588135e-05,-7.450580596923828e-09,1.862645149230957e-08,-0.00032094819471240044,-1.817941665649414e-06,-0.7246246337890625,1.092437744140625,-1.8642578125,1.998626708984375,90271.3125,90855.75390625,0.0,5.5655837059021e-06,2.30615234375,2.3072509765625,1.5059814453125,1.5072021484375
84,20200125,36.01795131677221,0.5255144412099201,1579910400000,290.62102063496906,297.8822218577067,299.0150496164958,299.68038686116535,299.177547454834,298.44578615824383,297.55432001749676,297.07139078776044,-2.2278385127538627e-18,273.1500244140625,1.999999999999993,297.0712890625,0.6500014662742615,297.0713195800781,0.8800005316734314,0,99.99998474121094,-7.3453647229951e-24,-7.345364920210326e-25,0,0,273.15994453430176,0.00011348476012547808,0.06276130676269531,0.13040033976236978,0.18537330627441406,0.25760523478190106,0.14474428708975515,-5287696,15509732,-5938099,-4023620,18135348,33078881,-0.0017452188767492771,-0.00017641903832554817,-0.00018591294065117836,-6.85080885887146e-06,-0.0062323883175849915,0.0008232593536376953,0.0,0.000814780592918396,8.478760719299316e-06,-0.002114401198923588,0.061222076416015625,0.3628208637237549,90666.70182291667,0.0024089962244033813,2.3050994873046875,1.50457763671875,288.0701446533203,294.35182189941406,293.1194305419922,304.3350372314453,291.09478759765625,311.95648193359375,293.4116516113281,309.1484832763672,297.93882751464844,300.3839874267578,298.4149169921875,298.4920959472656,297.54547119140625,297.56390380859375,296.205810546875,297.838623046875,-5.6378521241052356e-18,-2.574980676640956e-19,273.14910888671875,273.1509704589844,1.999999999999993,1.999999999999993,296.205322265625,297.839111328125,0.6500014662742615,0.6500014662742615,296.205322265625,297.839111328125,0.8800005316734314,0.8800005316734314,0,0,99.99998474121094,99.99998474121094,-7.3453647229951e-24,-7.3453647229951e-24,-7.345364920210326e-25,-7.345364920210326e-25,0,0,0,0,273.1591796875,273.1605682373047,-7.719528649801591e-20,0.00030735135078430176,0.0531158447265625,0.08026123046875,0.1292877197265625,0.1317596435546875,0.1845855712890625,0.1862945556640625,0.2573699951171875,0.2578582763671875,0.14445851370692253,0.1447567120194435,-769130,4868.0,0,2309508,-503235,-95436.0,-724376,50544,0,2700478,1305453.0,1453026.0,-0.0002789539285004139,-1.862645149230957e-09,-2.7494970709085464e-05,-1.816079020500183e-08,-5.130097270011902e-05,2.280808985233307e-06,-6.016343832015991e-07,-1.6298145055770874e-08,-0.0009033568203449249,1.959502696990967e-06,3.364682197570801e-05,3.6582350730895996e-05,-2.3283064365386963e-10,2.3283064365386963e-10,3.3639371395111084e-05,3.4265220165252686e-05,0.0,2.8014183044433594e-06,-0.0003075534477829933,1.94646418094635e-06,-1.70111083984375,0.998626708984375,-2.185028076171875,1.7637939453125,90282.58203125,90860.4921875,0.0,0.0007964670658111572,2.3050537109375,2.30615234375,1.5045166015625,1.5059814453125
85,20200126,36.01795131677221,0.5255144412099201,1579996800000,292.10771052042645,296.96973609924316,297.88786633809406,298.7367509206136,298.84200350443524,298.47435506184894,297.57441329956055,297.3317057291667,-2.1676991734988074e-18,273.1499328613281,1.9930826822916596,297.3588460286458,0.6500119566917419,297.3564758300781,0.8800005316734314,0,99.99998474121094,-7.3453647229951e-24,-7.345364920210326e-25,0,0,273.16004943847656,0.00019999220967292786,0.0965423583984375,0.12847455342610678,0.1838200887044271,0.2571512858072917,0.14504248183220625,-6034028,14521800,-5605078,-2970520,16985652,32839814,-0.0014101224951446056,-0.0005265525542199612,-0.00047035515308380127,-5.837529897689819e-06,-0.005226247012615204,0.0008180588483810425,4.656612873077393e-10,0.0008003562688827515,1.7717480659484863e-05,-0.002412838861346245,0.12349955240885417,0.5047620137532552,90641.21695963542,0.0043680893134592225,2.3038838704427085,1.5033467610677083,290.4024658203125,294.7587890625,291.7579803466797,302.9546356201172,289.9392547607422,309.7364959716797,293.13389587402344,306.6403503417969,297.78515625,299.86705017089844,298.45037841796875,298.4934387207031,297.56402587890625,297.58396911621094,296.551513671875,297.979736328125,-5.258381363735309e-18,-3.7608268027969764e-19,273.14874267578125,273.1512451171875,1.972656249999993,1.999999999999993,296.551025390625,298.044189453125,0.6499633193016052,0.6501159071922302,296.551025390625,298.036376953125,0.8800005316734314,0.8800005316734314,0,0,99.99998474121094,99.99998474121094,-7.3453647229951e-24,-7.3453647229951e-24,-7.345364920210326e-25,-7.345364920210326e-25,0,0,0,0,273.1591033935547,273.16090393066406,6.556510925292613e-07,0.00030550360679626465,0.0742645263671875,0.1277923583984375,0.1276397705078125,0.129425048828125,0.1831512451171875,0.1845703125,0.2569427490234375,0.2573699951171875,0.1447567120194435,0.1450549066066742,-915952,7690.0,0,2395992,-409180,-138063.0,-620848,60500,-2,2802474,1273489.9375,1467275.0,-0.0002678758464753628,1.1641532182693481e-10,-9.52892005443573e-05,2.621556632220745e-06,-0.0001706166658550501,3.2158568501472473e-06,-4.980247467756271e-07,-9.778887033462524e-09,-0.0008241720497608185,3.077089786529541e-06,3.306567668914795e-05,4.468858242034912e-05,-2.3283064365386963e-10,4.656612873077393e-10,3.307312726974487e-05,3.3624470233917236e-05,0.0,1.150369644165039e-05,-0.0003662635572254658,3.07522714138031e-06,-1.5290069580078125,0.9333038330078125,-1.021148681640625,1.7081146240234375,90281.26171875,90860.390625,0.0,0.002682691812537996,2.3038330078125,2.3050537109375,1.5032958984375,1.5045166015625
86,20200127,36.01795131677221,0.5255144412099201,1580083200000,292.41675758361816,296.21480623881024,296.5066884358724,297.5522855122884,298.20669110616046,298.43654505411786,297.5947259267171,297.38710530598956,-1.4892960931001798e-18,273.1499938964844,1.999999999999993,297.38720703125,0.6500014662742615,297.3871765136719,0.8800005316734314,0,99.99998474121094,-7.3453647229951e-24,-7.345364920210326e-25,0,0,273.16006660461426,0.000221480925877889,0.13385136922200522,0.12743377685546875,0.18256187438964844,0.2567481994628906,0.1453406799895068,-5860364,12415592,-4617099,-2462104,14526004,33160034,-0.0010291049256920815,-0.0005938056856393814,-0.0007127281278371811,-7.75698572397232e-06,-0.004483252763748169,0.000797957181930542,4.656612873077393e-10,0.0007876604795455933,1.0311603546142578e-05,-0.002343396656215191,0.3750438690185547,-0.09672101338704427,90632.10139973958,0.0029518783091475598,2.3027801513671875,1.5021260579427083,291.6210632324219,293.5618896484375,292.5777282714844,300.87403869628906,290.9166564941406,305.8097686767578,293.8443603515625,303.47108459472656,297.43199157714844,298.9881896972656,298.4068298339844,298.4874725341797,297.5860290527344,297.6029357910156,296.907470703125,297.857666015625,-5.5836420154809604e-18,-1.0503213715832153e-19,273.1488952636719,273.1510314941406,1.999999999999993,1.999999999999993,296.907470703125,297.857666015625,0.6500014662742615,0.6500014662742615,296.907470703125,297.857666015625,0.8800005316734314,0.8800005316734314,0,0,99.99998474121094,99.99998474121094,-7.3453647229951e-24,-7.3453647229951e-24,-7.345364920210326e-25,-7.345364920210326e-25,0,0,0,0,273.1593780517578,273.1607360839844,1.4960765838623023e-05,0.00032380223274230957,0.1252288818359375,0.14801025390625,0.1269683837890625,0.1279754638671875,0.1820526123046875,0.183135986328125,0.2565765380859375,0.2569427490234375,0.1450549066066742,0.14535310491919518,-888200,10239.5,0,2007346,-337655,-106190.5,-558384,80216,0,2348636,1286848.625,1459987.0,-0.00021482910960912704,0.0,-0.00012238416820764542,3.1963572837412357e-06,-0.00019303802400827408,1.2305681593716145e-06,-4.889443516731262e-07,-1.7415732145309448e-07,-0.0007479377090930939,4.093628376722336e-06,3.2901763916015625e-05,3.4771859645843506e-05,0.0,4.656612873077393e-10,3.2588839530944824e-05,3.3058226108551025e-05,1.862645149230957e-09,2.0638108253479004e-06,-0.00035516638308763504,4.094559699296951e-06,-0.9669952392578125,1.38836669921875,-2.988616943359375,1.4419403076171875,90343.73828125,90855.08203125,4.0978193283081055e-07,0.0005824193358421326,2.302734375,2.3038330078125,1.5020751953125,1.5032958984375
87,20200128,36.01795131677221,0.5255144412099201,1580169600000,292.16099548339844,295.4364153544108,295.8467146555583,296.8343505859375,297.47063000996906,298.31053797403973,297.61181322733563,297.05584716796875,-5.65994663525441e-19,273.15008544921875,1.999999999999993,297.0558675130208,0.6500014662742615,297.0558776855469,0.8800005316734314,0,99.99998474121094,-7.3453647229951e-24,-7.345364920210326e-25,0,0,273.1599547068278,0.00020574157436688742,0.16065088907877603,0.12722396850585938,0.18151982625325522,0.2563794453938802,0.145624251725773,-5644876,11778052,-4458065,-2131608,13786440,32970039,-0.0009843572042882442,-0.0005799676291644573,-0.00068624597042799,-6.6570937633514404e-06,-0.003922693431377411,0.0007938146591186523,0.0,0.0007762834429740906,1.753866672515869e-05,-0.0022572288289666176,0.6849066416422526,0.2501784563064575,90651.53043619792,0.0043347060681071525,2.3016815185546875,1.5007883707682292,291.1279602050781,293.4709167480469,292.07830810546875,300.22193908691406,290.4189453125,304.81903076171875,293.25587463378906,302.3432922363281,296.70558166503906,298.31910705566406,298.24847412109375,298.4002685546875,297.6050262451172,297.6185607910156,296.591064453125,297.573486328125,-2.5749809868336856e-18,-8.385631347696402e-20,273.1492919921875,273.15087890625,1.999999999999993,1.999999999999993,296.591064453125,297.573486328125,0.6500014662742615,0.6500014662742615,296.591064453125,297.573486328125,0.8800005316734314,0.8800005316734314,0,0,99.99998474121094,99.99998474121094,-7.3453647229951e-24,-7.3453647229951e-24,-7.345364920210326e-25,-7.345364920210326e-25,0,0,0,0,273.15928649902344,273.16094970703125,1.0013580322265605e-05,0.00032380223274230957,0.1467742919921875,0.1854705810546875,0.126739501953125,0.1276702880859375,0.1810302734375,0.182037353515625,0.2562103271484375,0.256561279296875,0.14535310491919518,0.14563604071736336,-928038,6740.5,0,2043898,-320256,-100173.5,-509948,67600,0,2392442,1309747.75,1457200.0,-0.00022678542882204056,0.0,-0.00013095000758767128,3.064516931772232e-06,-0.00012686662375926971,7.729977369308472e-07,-3.8207508623600006e-07,-6.239861249923706e-08,-0.0007064193487167358,2.695247530937195e-06,3.238022327423096e-05,3.9711594581604004e-05,-4.656612873077393e-10,2.3283064365386963e-10,3.21120023727417e-05,3.2573938369750977e-05,8.195638656616211e-08,7.465481758117676e-06,-0.0003710961900651455,2.6953639462590218e-06,-0.56646728515625,1.5545654296875,-0.9683198928833008,1.298309326171875,90359.19140625,90849.90234375,1.821666955947876e-05,0.0017391443252563477,2.3016357421875,2.302734375,1.500732421875,1.5020751953125
88,20200129,36.01795131677221,0.5255144412099201,1580256000000,291.92128880818683,295.86914443969727,296.8747094472249,297.47456550598145,297.4327875773112,298.1527449289958,297.62564023335773,297.0296223958333,-1.1303657783035935e-18,273.1500244140625,1.999999999999993,297.0297037760417,0.6500014662742615,297.0296936035156,0.8800005316734314,0,99.99998474121094,-7.3453647229951e-24,-7.345364920210326e-25,0,0,273.1600964864095,0.0002033586303393046,0.213348388671875,0.13150660196940103,0.18036905924479166,0.25598589579264325,0.14592181410019597,-8144358,16616816,-4962822,-3347484,19456604,32959875,-0.00162180932238698,-0.0010374304838478565,-0.000589221715927124,-8.239410817623138e-06,-0.005877271294593811,0.0008518248796463013,2.3283064365386963e-10,0.0007643178105354309,8.748471736907959e-05,-0.0032567009329795837,0.7740230560302734,-0.1592895189921061,90701.42529296875,0.016571035115703125,2.3004659016927085,1.4995625813802083,290.157958984375,293.39280700683594,292.023681640625,301.0418395996094,290.49017333984375,306.7017364501953,293.3839874267578,303.557861328125,296.18896484375,298.60789489746094,298.11705017089844,298.23931884765625,297.6206970214844,297.6307678222656,296.339111328125,297.699462890625,-5.963112775850887e-18,-1.7110070704415695e-19,273.1492919921875,273.1510009765625,1.999999999999993,1.999999999999993,296.339111328125,297.699462890625,0.6500014662742615,0.6500014662742615,296.339111328125,297.699462890625,0.8800005316734314,0.8800005316734314,0,0,99.99998474121094,99.99998474121094,-7.3453647229951e-24,-7.3453647229951e-24,-7.345364920210326e-25,-7.345364920210326e-25,0,0,0,0,273.1597595214844,273.16075134277344,1.3291835784912086e-05,0.00032362341880798334,0.1822967529296875,0.3118438720703125,0.127838134765625,0.152862548828125,0.1798095703125,0.1810150146484375,0.2557830810546875,0.256195068359375,0.14563604071736336,0.14593423902988434,-1300488,5280.0,0,2758154,-402608,-60754.5,-696902,84852,0,3229270,1309475.0,1426738.0,-0.0003118612803518772,0.0,-0.00018995767459273338,2.4437904357910156e-06,-0.00017924909479916096,0.0,-6.123445928096771e-07,-2.1629966795444489e-07,-0.0009291768074035645,2.1085143089294434e-06,3.196299076080322e-05,4.921853542327881e-05,0.0,2.3283064365386963e-10,3.159046173095703e-05,3.209710121154785e-05,3.725290298461914e-09,1.757591962814331e-05,-0.000520029105246067,2.11130827665329e-06,-0.2901458740234375,2.0263519287109375,-3.141265869140625,1.2102813720703125,90321.26171875,90882.4296875,2.2873282432556152e-06,0.0033781558275336465,2.3004150390625,2.3016357421875,1.49951171875,1.500732421875
89,20200130,36.01795131677221,0.5255144412099201,1580342400000,292.0623944600423,296.55002466837567,297.1451873779297,297.8297309875488,297.82365226745605,298.0568440755208,297.6361567179362,297.31154378255206,-1.3285010742114562e-18,273.1499938964844,1.999999999999993,297.3114827473958,0.6500014662742615,297.3114929199219,0.8800005316734314,0,99.99998474121094,-7.3453647229951e-24,-7.345364920210326e-25,0,0,273.1599858601888,0.00018077343702316284,0.27067311604817706,0.19548988342285156,0.17927233378092447,0.2555694580078125,0.14620538583646217,-10076034,18899638,-6023538,-2875576,22136240,32097130,-0.0022688335739076138,-0.001279796939343214,-0.000473562628030777,-6.929971277713776e-06,-0.006404012441635132,0.0008459687232971191,0.0,0.0007518380880355835,9.414553642272949e-05,-0.0040291231125593185,0.2767617702484131,0.3773695230484009,90681.45198567708,0.014570495485429547,2.2993621826171875,1.4982248942057292,291.0686492919922,293.0386657714844,291.74427795410156,301.7608947753906,290.5545196533203,307.97552490234375,293.6293182373047,304.3305206298828,296.43975830078125,299.2245178222656,298.0228271484375,298.11053466796875,297.63096618652344,297.64073181152344,296.427001953125,298.121337890625,-4.6078600602440064e-18,-9.656180768577852e-20,273.1494140625,273.15069580078125,1.999999999999993,1.999999999999993,296.427001953125,298.121337890625,0.6500014662742615,0.6500014662742615,296.427001953125,298.121337890625,0.8800005316734314,0.8800005316734314,0,0,99.99998474121094,99.99998474121094,-7.3453647229951e-24,-7.3453647229951e-24,-7.345364920210326e-25,-7.345364920210326e-25,0,0,0,0,273.15911865234375,273.16075134277344,5.960464477538585e-07,0.0003234148025512695,0.23388671875,0.3174591064453125,0.161376953125,0.21002197265625,0.178863525390625,0.1797943115234375,0.25537109375,0.2557830810546875,0.14593423902988434,0.14621717482805252,-1542606,6651.0,0,2931314,-454250,-102559.3125,-589812,130828,0,3433132,1247964.5,1384115.0,-0.00040191784501075745,0.0,-0.0002135937102138996,3.002234734594822e-06,-0.0001890920102596283,1.3774260878562927e-06,-4.055909812450409e-07,-1.909211277961731e-08,-0.0009646639227867126,2.6579946279525757e-06,3.124028444290161e-05,4.5299530029296875e-05,0.0,0.0,3.107637166976929e-05,3.158301115036011e-05,7.450580596923828e-09,1.3738870620727539e-05,-0.0006168442778289318,2.659158781170845e-06,-1.1000690460205078,1.606964111328125,-1.767293930053711,1.7252044677734375,90275.66796875,90938.66796875,1.7136335372924805e-06,0.002194452285039006,2.29931640625,2.3004150390625,1.4981689453125,1.49951171875
90,20200101,36.098799692342965,0.5255144412099201,1577836800000,288.9357032775879,295.8076648712158,295.603178024292,296.2196737925212,296.42607434590656,296.73218091328937,297.03333854675293,296.50811767578125,-3.070777536361485e-18,273.14984130859375,1.999999999999993,296.5080973307292,0.6500014662742615,296.5080871582031,0.8800005316734314,0,99.99998474121094,-7.3453647229951e-24,-7.345364920210326e-25,0,0,273.1599547068278,2.1918366352717063e-05,0.2031408945719401,0.23093859354654947,0.21837361653645834,0.3026955922444661,0.14158265013247728,-9495596,19721976,-8124282,-2415492,22975164,29165278,-0.0019559175707399845,-0.001675100065767765,-7.532350718975067e-05,-9.067915380001068e-05,-0.0064423829317092896,0.004058897495269775,2.3283064365386963e-10,0.0040580108761787415,8.791685104370117e-07,-0.003797021694481373,-0.6876489718755087,0.6280409495035807,89334.08512369792,0.00016142427915610824,2.3052266438802085,1.3686879475911458,287.7179718017578,290.55963134765625,289.4002685546875,301.8081817626953,286.55870056152344,306.8561706542969,290.38665771484375,303.2898254394531,294.6029052734375,298.1160888671875,296.6881561279297,296.7815399169922,297.0296173095703,297.0372619628906,295.515869140625,297.376220703125,-5.800482449978061e-18,-7.86046626750779e-19,273.14825439453125,273.15069580078125,1.999999999999993,1.999999999999993,295.515869140625,297.376220703125,0.6500014662742615,0.6500014662742615,295.515869140625,297.376220703125,0.8800005316734314,0.8800005316734314,0,0,99.99998474121094,99.99998474121094,-7.3453647229951e-24,-7.3453647229951e-24,-7.345364920210326e-25,-7.345364920210326e-25,0,0,0,0,273.1592102050781,273.1605987548828,1.1920928955074786e-07,8.335709571838375e-05,0.192535400390625,0.2155609130859375,0.2269134521484375,0.235137939453125,0.2166748046875,0.2201690673828125,0.302215576171875,0.303192138671875,0.14157991483807564,0.14164556190371513,-1244991,9551.25,0,2469416,-500648,-227946.0,-450916,138760,0,2877126,1110474.6875,1317338.0,-0.0002655498683452606,0.0,-0.00022323103621602058,0.0,-4.428182728588581e-05,9.842333383858204e-06,-6.8088993430137634e-06,-2.193264663219452e-07,-0.0008470788598060608,3.819353878498077e-06,0.0001661926507949829,0.00017201900482177734,-2.3283064365386963e-10,2.3283064365386963e-10,0.0001661926507949829,0.00017201900482177734,0.0,3.129243850708008e-07,-0.0004978370852768421,3.819004632532597e-06,-1.6763439178466797,1.1061553955078125,-1.316680908203125,1.7928009033203125,89034.7109375,89564.62109375,0.0,5.587190389633179e-05,2.30517578125,2.306396484375,1.36865234375,1.3695068359375
91,20200102,36.098799692342965,0.5255144412099201,1577923200000,289.91095034281415,295.6176013946533,295.5711790720622,296.09003194173175,296.226603825887,296.6843490600586,297.0250879923503,295.56235758463544,-2.0849017029046996e-18,273.1500549316406,1.7596028645833262,296.4122721354167,0.65016770362854,296.3080749511719,0.8800005316734314,0,99.99998474121094,-7.3453647229951e-24,-7.345364920210326e-25,0,0,273.1600456237793,2.7744720379511483e-05,0.1899846394856771,0.22295697530110678,0.21483802795410156,0.3016916910807292,0.141487757054468,-8006052,17402310,-7246828,-2229724,20271736,29999817,-0.0016326368786394596,-0.0013612373732030392,-0.00012571737170219421,-8.180364966392517e-05,-0.005473099648952484,0.003918588161468506,0.0,0.003915995359420776,2.6226043701171875e-06,-0.0032013971358537674,-0.832761287689209,0.6066856384277344,89401.4296875,0.0005041182039917658,2.303888956705729,1.3678334554036458,288.02491760253906,292.2252960205078,289.7090148925781,301.01234436035156,286.7707061767578,306.7504119873047,290.28282165527344,302.96974182128906,294.39532470703125,297.8088684082031,296.64195251464844,296.7461853027344,297.0208282470703,297.03001403808594,295.346923828125,296.135986328125,-5.0957510378624834e-18,-1.3044312557595054e-19,273.1490783691406,273.151123046875,1.229492187499993,1.999999999999993,295.346923828125,297.335205078125,0.6485061049461365,0.652213990688324,295.346923828125,297.089111328125,0.8800005316734314,0.8800005316734314,0,0,99.99998474121094,99.99998474121094,-7.3453647229951e-24,-7.3453647229951e-24,-7.345364920210326e-25,-7.345364920210326e-25,0,0,0,0,273.15911865234375,273.1606750488281,7.539987564086867e-06,4.947185516357417e-05,0.1830596923828125,0.1975860595703125,0.219573974609375,0.2267303466796875,0.2132110595703125,0.2165679931640625,0.30120849609375,0.30218505859375,0.14148375019431114,0.14157991483807564,-1116838,3446.0,0,2313230,-450649,-207355.0,-444412,100564,0,2694772,1136069.5625,1357746.0,-0.00023932289332151413,0.0,-0.00019228598102927208,0.0,-3.520725294947624e-05,8.028117008507252e-06,-6.878748536109924e-06,-8.335337042808533e-08,-0.0007459744811058044,1.3727694749832153e-06,0.00016039609909057617,0.0001659691333770752,0.0,0.0,0.0001604035496711731,0.00016597658395767212,0.0,6.407499313354492e-07,-0.00044659245759248734,1.3781245797872543e-06,-1.6523008346557617,-0.07583045959472656,-1.5329437255859375,1.5729522705078125,89127.7578125,89584.109375,-5.960487214906607e-09,0.0001243501901626587,2.3038330078125,2.30517578125,1.3677978515625,1.36865234375
92,20200103,36.098799692342965,0.5255144412099201,1578009600000,290.35641288757324,296.44180234273273,296.170602162679,296.4986654917399,296.40526644388837,296.647164662679,297.0164267222087,295.7193603515625,-2.0599140241655446e-18,273.15008544921875,1.8114827473958262,296.5436197916667,0.6505679488182068,296.4635314941406,0.8800005316734314,0,99.99998474121094,-7.3453647229951e-24,-7.345364920210326e-25,0,0,273.1599038441976,2.8602778911590563e-05,0.17940076192220053,0.2159112294514974,0.21138318379720053,0.30068333943684894,0.14140621184681854,-8229124,17643076,-6709426,-2495176,20550756,30840483,-0.0016859215684235096,-0.0014233263209462166,-0.00011571217328310013,-6.56377524137497e-05,-0.005648374557495117,0.003780364990234375,4.656612873077393e-10,0.0037787705659866333,1.5795230865478516e-06,-0.0032905973494052887,-0.680801788965861,0.5029176076253256,89473.54134114583,0.00031406283369506127,2.3026631673177085,1.3669789632161458,289.00999450683594,291.1639862060547,290.5846405029297,301.77330017089844,287.78944396972656,307.40760803222656,290.9999237060547,303.673095703125,294.600341796875,298.02284240722656,296.6021728515625,296.6918487548828,297.0116882324219,297.0203552246094,295.482666015625,296.112548828125,-5.746272341353786e-18,-1.8465323420022576e-19,273.1492614746094,273.1513977050781,1.499023437499993,1.999999999999993,295.482666015625,297.456298828125,0.6493911147117615,0.653190553188324,295.482666015625,297.260986328125,0.8800005316734314,0.8800005316734314,0,0,99.99998474121094,99.99998474121094,-7.3453647229951e-24,-7.3453647229951e-24,-7.345364920210326e-25,-7.345364920210326e-25,0,0,0,0,273.1585235595703,273.16123962402344,8.940696716308541e-07,8.17477703094482e-05,0.1712646484375,0.1893157958984375,0.2127227783203125,0.2194061279296875,0.2097625732421875,0.2130889892578125,0.300201416015625,0.301177978515625,0.14140284061431885,0.14148375019431114,-1178298,2276.0,0,2512134,-475925,-130163.0,-478340,117012,0,2926122,1192510.0,1367500.0,-0.00026186881586909294,0.0,-0.00020676618441939354,0.0,-7.150229066610336e-05,6.32554292678833e-06,-5.5228592827916145e-06,-2.9802322387695312e-08,-0.0007897131145000458,9.164214134216309e-07,0.00015476346015930176,0.00016021728515625,-1.4551915228366852e-11,4.656612873077393e-10,0.00015475600957870483,0.00016019493341445923,0.0,2.5331974029541016e-07,-0.0004711691290140152,9.08970832824707e-07,-1.4268798828125,0.22393798828125,-1.32623291015625,1.7080230712890625,89147.94921875,89749.9921875,-1.4901161193847656e-08,4.9591064453125e-05,2.3026123046875,2.3038330078125,1.366943359375,1.3677978515625
93,20200104,36.098799692342965,0.5255144412099201,1578096000000,289.36239687601727,296.69409879048663,296.67396036783856,296.97545623779297,296.7862631479899,296.6609929402669,297.0073477427165,296.79254150390625,-1.0895671625409468e-18,273.14996337890625,1.9973551432291596,296.8057047526042,0.6500049829483032,296.8042907714844,0.8800005316734314,0,99.99998474121094,-7.3453647229951e-24,-7.345364920210326e-25,0,0,273.15985679626465,1.5243887901306132e-05,0.1637547810872396,0.2088184356689453,0.20790863037109375,0.299655278523763,0.141339928843081,-9810912,20661332,-7743784,-2989936,24061556,30061918,-0.001983547117561102,-0.0017801490612328053,-6.625894457101822e-05,-9.315181523561478e-05,-0.007318183779716492,0.003644213080406189,6.984919309616089e-10,0.0036434754729270935,7.450580596923828e-07,-0.003923108801245689,-1.1264957189559937,0.32943451404571533,89347.67887369792,0.00015340801928687142,2.3014424641927085,1.3661244710286458,287.1972351074219,291.4838104248047,290.7554168701172,303.19056701660156,287.95497131347656,309.1144256591797,291.05792236328125,304.8833312988281,294.8553161621094,298.5046844482422,296.6094665527344,296.7227020263672,297.0029296875,297.0111389160156,295.817626953125,297.631591796875,-2.9273466928914745e-18,-1.4230158683751074e-19,273.14947509765625,273.150634765625,1.992187499999993,1.999999999999993,295.817626953125,297.658447265625,0.6499938368797302,0.6500396132469177,295.817626953125,297.655029296875,0.8800005316734314,0.8800005316734314,0,0,99.99998474121094,99.99998474121094,-7.3453647229951e-24,-7.3453647229951e-24,-7.345364920210326e-25,-7.345364920210326e-25,0,0,0,0,273.158203125,273.1613464355469,-6.8521677389938e-20,5.5104494094848585e-05,0.153076171875,0.1763763427734375,0.2053985595703125,0.212554931640625,0.2062835693359375,0.2096710205078125,0.299163818359375,0.3001708984375,0.14133719354867935,0.14140284061431885,-1433718,4084.25,0,2936520,-514644,-183117.5,-648460,153752,0,3419700,1173642.0,1348954.0,-0.00029676826670765877,0.0,-0.0002626054920256138,0.0,-3.085331991314888e-05,6.379617843776941e-06,-5.701091140508652e-06,-3.948807716369629e-07,-0.0010675042867660522,1.6335397958755493e-06,0.00014913082122802734,0.0001545250415802002,0.0,4.656612873077393e-10,0.00014913082122802734,0.00015453994274139404,0.0,4.76837158203125e-07,-0.0005733035504817963,1.6331905499100685e-06,-1.7331390380859375,-0.0570068359375,-1.6518478393554688,1.7649688720703125,89057.453125,89586.00390625,0.0,9.866058826446533e-05,2.3013916015625,2.3026123046875,1.3660888671875,1.366943359375
94,20200105,36.098799692342965,0.5255144412099201,1578182400000,288.4475682576497,296.8211892445882,296.70817947387695,297.031946182251,296.89814376831055,296.7087459564209,296.99940554300946,296.3728434244792,-1.0718500911934032e-18,273.1499938964844,1.8706868489583262,296.8869222005208,0.6502980589866638,296.8241882324219,0.8800005316734314,0,99.99998474121094,-7.3453647229951e-24,-7.345364920210326e-25,0,0,273.1601206461589,1.017749309539792e-05,0.14757664998372397,0.20167160034179688,0.20450846354166666,0.29861895243326825,0.14124503576507172,-9072256,19489376,-7540744,-2741824,22695272,30255749,-0.0018558274023234844,-0.0016102823428809643,-6.300490349531174e-05,-9.862519800662994e-05,-0.006871648132801056,0.0035121291875839233,-2.3283064365386963e-10,0.0035113394260406494,8.195638656616211e-07,-0.0036277398467063904,-0.6116948127746582,0.4566478729248047,89252.3251953125,0.00018244322149030268,2.300104777018229,1.3652699788411458,286.71038818359375,290.05543518066406,290.40171813964844,303.05006408691406,287.6577606201172,309.62840270996094,290.8804168701172,305.2807159423828,295.00978088378906,298.60594177246094,296.6578063964844,296.7696533203125,296.9961853027344,297.00294494628906,295.859619140625,296.665771484375,-3.0086618558278874e-18,-8.470334642421832e-20,273.149169921875,273.15087890625,1.681640624999993,1.999999999999993,295.859619140625,297.866455078125,0.649742066860199,0.651786744594574,295.859619140625,297.666259765625,0.8800005316734314,0.8800005316734314,0,0,99.99998474121094,99.99998474121094,-7.3453647229951e-24,-7.3453647229951e-24,-7.345364920210326e-25,-7.345364920210326e-25,0,0,0,0,273.1594696044922,273.1608123779297,-4.770490179321679e-20,3.2007694244384745e-05,0.138427734375,0.158477783203125,0.198455810546875,0.2052459716796875,0.2029571533203125,0.2061767578125,0.298126220703125,0.2991180419921875,0.14124102890491486,0.14133719354867935,-1397729,-208.0,0,2990890,-541570,-132709.5,-617072,138480,0,3482800,1174407.9375,1331226.0,-0.00030606240034103394,0.0,-0.0002504759468138218,0.0,-2.7683330699801445e-05,5.6933495216071606e-06,-8.11740756034851e-06,-1.7695128917694092e-08,-0.0010143369436264038,-8.381903171539307e-08,0.00014372169971466064,0.00014892220497131348,-2.3283064365386963e-10,2.3283064365386963e-10,0.00014372169971466064,0.00014893710613250732,0.0,3.948807716369629e-07,-0.0005589122883975506,-8.300412446260452e-08,-1.5216083526611328,0.8280487060546875,-1.569427490234375,1.7686767578125,88902.2890625,89536.54296875,0.0,8.527934551239014e-05,2.300048828125,2.3013916015625,1.365234375,1.3660888671875
95,20200106,36.098799692342965,0.5255144412099201,1578268800000,289.4453239440918,297.04239082336426,297.3792355855306,297.6943467458089,297.22808265686035,296.77351570129395,296.99375597635907,296.1657307942708,-1.6366094121727845e-18,273.14996337890625,1.865234374999993,296.8416748046875,0.6500011682510376,296.7764892578125,0.8800005316734314,0,99.99998474121094,-7.3453647229951e-24,-7.345364920210326e-25,0,0,273.1601098378499,0.0001159471770127614,0.1563739776611328,0.19564692179361978,0.20135943094889322,0.29759661356608075,0.141178117133677,-8280724,19611762,-7449824,-3454176,22836600,30723625,-0.0013273167423903942,-0.0011607934720814228,-0.0007239067927002907,-9.92119312286377e-05,-0.006946153938770294,0.003409847617149353,4.656612873077393e-10,0.0033856257796287537,2.4244189262390137e-05,-0.0033112317323684692,-0.6225776274998983,0.04708162943522135,89263.90852864583,0.004796433448689186,2.2988789876302085,1.3644154866536458,288.2508544921875,290.41416931152344,290.9474182128906,303.3410949707031,287.94775390625,309.49676513671875,291.0594940185547,305.3967590332031,295.20660400390625,298.9618377685547,296.7175598144531,296.85569763183594,296.9916229248047,296.99632263183594,295.749755859375,296.482177734375,-2.9273466928914745e-18,-1.5754817988808815e-19,273.1492919921875,273.1507568359375,1.715820312499993,1.999999999999993,295.750244140625,297.777587890625,0.6491698622703552,0.6515273451805115,295.750244140625,297.582763671875,0.8800005316734314,0.8800005316734314,0,0,99.99998474121094,99.99998474121094,-7.3453647229951e-24,-7.3453647229951e-24,-7.345364920210326e-25,-7.345364920210326e-25,0,0,0,0,273.1591339111328,273.1609344482422,3.874301910400363e-06,0.00031372904777526855,0.1368255615234375,0.181396484375,0.1940155029296875,0.19830322265625,0.1999969482421875,0.2028656005859375,0.297119140625,0.2980804443359375,0.14117538183927536,0.14124102890491486,-1268744,-6134.5,0,2929514,-541581,-168564.0,-751888,134786,0,3410892,1186338.375,1383059.0,-0.00026815058663487434,0.0,-0.0002206568606197834,-3.259629011154175e-09,-0.00024517765268683434,4.373141564428806e-06,-7.886439561843872e-06,-7.82310962677002e-08,-0.0009628497064113617,-2.7418136596679688e-06,0.0001386702060699463,0.0001480504870414734,-2.3283064365386963e-10,4.656612873077393e-10,0.00013868510723114014,0.00014352798461914062,0.0,7.241964340209961e-06,-0.0005073351785540581,-2.4531036615371704e-06,-1.610041618347168,0.6551513671875,-2.5767669677734375,1.740692138671875,88945.60546875,89500.640625,-3.725290298461914e-09,0.001396670937538147,2.298828125,2.300048828125,1.3643798828125,1.365234375
96,20200107,36.098799692342965,0.5255144412099201,1578355200000,290.0956293741862,297.00012016296387,296.5767930348714,297.20858065287274,297.22129503885907,296.8626130421956,296.98960240681964,296.247802734375,-6.371101208224039e-19,273.14996337890625,1.890258789062493,296.8041178385417,0.6507129073143005,296.7548522949219,0.8800005316734314,0,99.99998474121094,-7.3453647229951e-24,-7.345364920210326e-25,0,0,273.160005569458,0.00015809014439582822,0.17769940694173178,0.19250615437825522,0.19850667317708334,0.2965990702311198,0.14108322405566773,-8696588,17529998,-6373536,-2421248,20410016,31400753,-0.0014079255051910877,-0.0013651219196617603,-0.0006227986887097359,-8.167698979377747e-05,-0.00604422390460968,0.0032758116722106934,0.0,0.0032672807574272156,8.493661880493164e-06,-0.0034775258973240852,-0.9343921343485514,0.1278095245361328,89293.86507161458,0.0018106251955032349,2.2976582845052085,1.363677978515625,288.3276062011719,291.7383117675781,290.2580108642578,302.56866455078125,288.4031219482422,307.8446044921875,291.9317932128906,304.1542053222656,295.6964111328125,298.6154479980469,296.8203125,296.9215393066406,296.98765563964844,296.9923858642578,295.786376953125,296.533447265625,-2.818926475642924e-18,-1.0842026894733873e-19,273.1492919921875,273.1507568359375,1.624999999999993,1.999999999999993,295.786376953125,297.637939453125,0.649742066860199,0.6528090834617615,295.786376953125,297.501708984375,0.8800005316734314,0.8800005316734314,0,0,99.99998474121094,99.99998474121094,-7.3453647229951e-24,-7.3453647229951e-24,-7.345364920210326e-25,-7.345364920210326e-25,0,0,0,0,273.15916442871094,273.16078186035156,5.185604095458937e-06,0.0003123581409454345,0.166900634765625,0.1819610595703125,0.1912384033203125,0.194000244140625,0.1971893310546875,0.199920654296875,0.2961273193359375,0.297088623046875,0.14107921719551086,0.14117538183927536,-1190530,-2844.0,0,2498212,-438309,-150166.0,-528216,171604,0,2908704,1212189.5,1409657.0,-0.0002445382997393608,0.0,-0.00021868571639060974,1.6457634046673775e-06,-0.00016220100224018097,1.3746321201324463e-06,-7.407681550830603e-06,-1.1106021702289581e-07,-0.0008782818913459778,-1.1324882507324219e-06,0.0001338571310043335,0.00013916194438934326,-2.3283064365386963e-10,2.3283064365386963e-10,0.00013381987810134888,0.00013849884271621704,0.0,3.896653652191162e-06,-0.00047605857253074646,-1.1380761861801147e-06,-1.7613372802734375,-0.30097198486328125,-1.633056640625,1.72198486328125,88969.3828125,89526.9140625,0.0,0.0007841438055038452,2.297607421875,2.298828125,1.3636474609375,1.3643798828125
97,20200108,36.098799692342965,0.5255144412099201,1578441600000,290.86865488688153,297.08693250020343,296.77969296773273,297.1946538289388,297.2058569590251,296.92169698079425,296.9871133168538,297.0694580078125,-1.7849107984870838e-18,273.1500549316406,1.999999999999993,297.0693766276042,0.6500014662742615,297.0693664550781,0.8800005316734314,0,99.99998474121094,-7.3453647229951e-24,-7.345364920210326e-25,0,0,273.15999539693195,7.500499486923216e-05,0.1738427480061849,0.18985875447591147,0.19581158955891928,0.2956078847249349,0.1410016824180881,-7851676,15999646,-5917396,-2327436,18624356,31974120,-0.0012886365875601768,-0.001298585906624794,-0.0004725772887468338,-7.986556738615036e-05,-0.005798786878585815,0.003158465027809143,0.0,0.0031535252928733826,4.9620866775512695e-06,-0.0031396644189953804,-1.112042744954427,0.05113855997721354,89319.79280598958,0.0011302977800369263,2.2964375813802085,1.3627115885416667,289.3513641357422,292.4706115722656,292.6704406738281,301.86619567871094,289.52886962890625,306.1019287109375,292.7381286621094,303.2042541503906,295.9328308105469,298.4817810058594,296.8846893310547,296.9691467285156,296.9858856201172,296.9887237548828,296.372802734375,297.714111328125,-2.9273466928914745e-18,-1.8126510241120856e-19,273.1492919921875,273.15069580078125,1.999999999999993,1.999999999999993,296.372314453125,297.714111328125,0.6500014662742615,0.6500014662742615,296.372314453125,297.714111328125,0.8800005316734314,0.8800005316734314,0,0,99.99998474121094,99.99998474121094,-7.3453647229951e-24,-7.3453647229951e-24,-7.345364920210326e-25,-7.345364920210326e-25,0,0,0,0,273.1592712402344,273.1609191894531,1.108646392822261e-05,0.00018370151519775385,0.1677398681640625,0.180816650390625,0.188568115234375,0.19122314453125,0.1945953369140625,0.197113037109375,0.295135498046875,0.29608154296875,0.14099831134080887,0.14107921719551086,-1044426,1704.0,-2,2134028,-431987,-91858.0,-443772,150496,0,2483940,1225126.0,1382171.0,-0.000203622505068779,0.0,-0.00018913252279162407,0.0,-0.0001633455976843834,4.461035132408142e-06,-4.536937922239304e-06,-2.2156164050102234e-06,-0.0008033327758312225,6.854534149169922e-07,0.00012917816638946533,0.00013367831707000732,-2.3283064365386963e-10,2.3283064365386963e-10,0.00012917816638946533,0.0001336410641670227,0.0,9.5367431640625e-07,-0.0004176367074251175,6.826594471931458e-07,-2.0692138671875,-0.2544097900390625,-1.3271026611328125,1.343505859375,89013.30859375,89515.7734375,0.0,0.00021539628505706787,2.29638671875,2.297607421875,1.3626708984375,1.3636474609375
98,20200109,36.098799692342965,0.5255144412099201,1578528000000,289.90745035807294,296.3888854980469,296.39289410909015,296.8570664723714,296.9165840148926,296.9352029164632,296.9860483805339,296.77598063151044,-1.6363975505383944e-18,273.1500244140625,1.9637044270833262,297.0146077473958,0.6499931812286377,297.0037536621094,0.8800005316734314,0,99.99998474121094,-7.3453647229951e-24,-7.345364920210326e-25,0,0,273.1600259145101,3.509347637494404e-05,0.15992609659830728,0.18667729695638022,0.19317944844563803,0.2946128845214844,0.1409207765633861,-8347576,17827718,-6961686,-2632704,20754752,30712520,-0.0015570302493870258,-0.0014715739525854588,-0.00020792987197637558,-0.0001014266163110733,-0.006293334066867828,0.003045707941055298,0.0,0.0030429810285568237,2.726912498474121e-06,-0.003337961621582508,-0.8771311442057291,0.4308935801188151,89266.88981119792,0.0006486415863022899,2.2952168782552085,1.361968994140625,288.64239501953125,291.205078125,290.0399627685547,302.02381896972656,287.3602294921875,307.66944885253906,290.97413635253906,303.9607238769531,295.1977233886719,298.44093322753906,296.8949279785156,296.9695739746094,296.9842834472656,296.9876403808594,296.116455078125,297.535400390625,-3.0086618558278874e-18,-1.1180840073635593e-19,273.14923095703125,273.1507568359375,1.671874999999993,1.999999999999993,296.116455078125,297.814697265625,0.6494902968406677,0.6507872939109802,296.116455078125,297.786865234375,0.8800005316734314,0.8800005316734314,0,0,99.99998474121094,99.99998474121094,-7.3453647229951e-24,-7.3453647229951e-24,-7.345364920210326e-25,-7.345364920210326e-25,0,0,0,0,273.15936279296875,273.160888671875,5.602836608886705e-06,8.296966552734372e-05,0.151336669921875,0.1691741943359375,0.1849822998046875,0.18853759765625,0.19195556640625,0.1945037841796875,0.29412841796875,0.29510498046875,0.14091740548610687,0.14099831134080887,-1117521,6744.5,0,2445914,-443776,-133846.0,-509992,167212,-2,2847190,1159247.8125,1383715.0,-0.00023636547848582268,0.0,-0.00019942177459597588,0.0,-6.418279372155666e-05,8.87550413608551e-06,-7.408671081066132e-06,-9.73232090473175e-08,-0.0007946453988552094,2.6971101760864258e-06,0.0001246333122253418,0.00012899935245513916,-2.3283064365386963e-10,2.3283064365386963e-10,0.00012461841106414795,0.00012900680303573608,-7.450580596923828e-09,4.842877388000488e-07,-0.00044686533510684967,2.696877345442772e-06,-1.484283447265625,-0.1887969970703125,-2.2740936279296875,1.8243865966796875,88927.4375,89578.5390625,0.0,0.0001125335693359375,2.295166015625,2.29638671875,1.3619384765625,1.3626708984375
99,20200110,36.098799692342965,0.5255144412099201,1578614400000,288.7960383097331,297.3270975748698,297.38688977559406,297.5954354604085,297.2065060933431,296.9473463694255,296.9848740895589,296.17824300130206,-2.7265998843922053e-18,273.150146484375,1.8990071614583262,296.9202067057292,0.6500227451324463,296.8714904785156,0.8800005316734314,0,99.99998474121094,-7.3453647229951e-24,-7.345364920210326e-25,0,0,273.1601142883301,3.0558556318283054e-05,0.14235623677571616,0.18264007568359375,0.19054222106933594,0.2935975392659505,0.14083987070868412,-9444276,21295886,-8257196,-3272768,24785432,29878697,-0.0017933663912117481,-0.0017149923369288445,-0.00016400497406721115,-0.00010413862764835358,-0.007628798484802246,0.0029366910457611084,0.0,0.0029343515634536743,2.3543834686279297e-06,-0.00377650186419487,-0.5840530395507812,-0.23553339640299478,89254.62711588542,0.000582382082939148,2.2939961751302085,1.3611195882161458,287.50242614746094,291.5078582763672,289.3992614746094,303.5833740234375,286.93394470214844,310.0484924316406,290.506103515625,305.7843322753906,295.1048126220703,298.95570373535156,296.8958435058594,297.01014709472656,296.98388671875,296.9860076904297,295.832275390625,297.119384765625,-5.8546925586023365e-18,-5.556536650976093e-19,273.1492614746094,273.1512451171875,1.384765624999993,1.999999999999993,295.832275390625,297.956298828125,0.6491698622703552,0.6513442397117615,295.832275390625,297.706298828125,0.8800005316734314,0.8800005316734314,0,0,99.99998474121094,99.99998474121094,-7.3453647229951e-24,-7.3453647229951e-24,-7.345364920210326e-25,-7.345364920210326e-25,0,0,0,0,273.1591491699219,273.16065979003906,1.519918441772437e-06,7.757544517517086e-05,0.1318817138671875,0.15399169921875,0.180572509765625,0.1849365234375,0.1893157958984375,0.1918792724609375,0.293121337890625,0.294097900390625,0.14083649963140488,0.14091740548610687,-1306868,3851.5,0,2958552,-558492,-200204.0,-715872,174472,0,3443202,1141317.375,1328368.0,-0.00026478059589862823,0.0,-0.00023830169811844826,1.1641532182693481e-10,-6.503751501441002e-05,7.845228537917137e-06,-7.069669663906097e-06,-1.4295801520347595e-07,-0.0010584443807601929,1.5534460544586182e-06,0.00012034177780151367,0.00012446939945220947,0.0,0.0,0.00012012571096420288,0.0001244470477104187,0.0,3.986060619354248e-07,-0.0005225790664553642,1.5401747077703476e-06,-1.5295257568359375,0.4987030029296875,-2.8506011962890625,1.523956298828125,88903.89453125,89523.48828125,0.0,9.864568710327148e-05,2.2939453125,2.295166015625,1.361083984375,1.3619384765625
100,20200111,36.098799692342965,0.5255144412099201,1578700800000,290.13720512390137,296.79663276672363,297.58574930826825,297.9040444691976,297.5299320220947,297.01513989766437,296.98493067423504,296.5039469401042,-1.2013755115785144e-18,273.14996337890625,1.927856445312493,297.0019938151042,0.649960458278656,296.9698181152344,0.8800005316734314,0,99.99998474121094,-7.3453647229951e-24,-7.345364920210326e-25,0,0,273.1600863138835,0.00011187419295310974,0.13259251912434897,0.1783440907796224,0.18801053365071616,0.2925841013590495,0.14075896485398212,-8661388,19550126,-7155068,-3357320,22753744,31089808,-0.001595525536686182,-0.0014449572190642357,-0.0003250017762184143,-9.796302765607834e-05,-0.0068093761801719666,0.002839326858520508,0.0,0.0028295665979385376,9.760260581970215e-06,-0.0034634489566087723,-0.6449464162190756,0.3648090362548828,89289.162109375,0.002291664481163025,2.292658487955729,1.3602650960286458,288.68731689453125,293.00006103515625,290.52064514160156,302.84983825683594,288.80772399902344,309.716552734375,291.79209899902344,305.73890686035156,295.7814483642578,299.07843017578125,296.96856689453125,297.08538818359375,296.98362731933594,296.9861602783203,295.977294921875,297.177978515625,-4.8789106033653825e-18,-2.744387266091816e-19,273.14910888671875,273.1504821777344,1.782226562499993,1.999999999999993,295.976806640625,297.866455078125,0.6492385268211365,0.6512755751609802,295.976806640625,297.782958984375,0.8800005316734314,0.8800005316734314,0,0,99.99998474121094,99.99998474121094,-7.3453647229951e-24,-7.3453647229951e-24,-7.345364920210326e-25,-7.345364920210326e-25,0,0,0,0,273.15924072265625,273.1608581542969,9.983777999877892e-06,0.0003135502338409424,0.12158203125,0.1397857666015625,0.1764984130859375,0.180511474609375,0.1868743896484375,0.1892547607421875,0.2921142578125,0.2930755615234375,0.14075559377670288,0.14083649963140488,-1193510,-10300.0,0,2791034,-548234,-135141.0,-683340,108288,0,3248156,1230646.0625,1354565.0,-0.0002520214766263962,0.0,-0.00021406356245279312,1.0658986866474152e-06,-0.00012726383283734322,1.7890706658363342e-06,-7.092952728271484e-06,-2.728775143623352e-07,-0.0009505264461040497,-4.112720489501953e-06,0.00011619925498962402,0.0001201629638671875,-2.3283064365386963e-10,2.3283064365386963e-10,0.00011587142944335938,0.00011996924877166748,2.0489096641540527e-08,2.115964889526367e-06,-0.00047725066542625427,-4.120171070098877e-06,-1.4051513671875,0.9504241943359375,-2.2542572021484375,2.053619384765625,88897.21484375,89512.1171875,5.07943332195282e-06,0.0004889965057373047,2.2926025390625,2.2939453125,1.3602294921875,1.361083984375
101,20200112,36.098799692342965,0.5255144412099201,1578787200000,290.4232819875081,296.3001594543457,297.182622273763,297.7736981709798,297.5962104797363,297.09740829467773,296.98669052124023,296.9847005208333,-2.722011720329527e-18,273.1501159667969,1.999999999999993,296.9847412109375,0.6500014662742615,296.9847106933594,0.8800005316734314,0,99.99998474121094,-7.3453647229951e-24,-7.345364920210326e-25,0,0,273.16001955668133,0.00018978367249170938,0.16553052266438803,0.17545636494954428,0.1856842041015625,0.291598637898763,0.14067805899928013,-8247476,17571430,-6206234,-3032248,20447944,31863466,-0.001385269220918417,-0.0013052904978394508,-0.0005053821951150894,-0.00010199379175901413,-0.006392449140548706,0.002794921398162842,6.984919309616089e-10,0.0027305930852890015,6.435811519622803e-05,-0.0032979343086481094,-0.07795059680938721,0.2065213123957316,89362.96337890625,0.011189401149749756,2.2914326985677085,1.3594106038411458,289.1959991455078,292.19342041015625,291.5430145263672,301.7637176513672,290.0972442626953,307.80035400390625,292.9307403564453,304.62892150878906,296.2410583496094,298.90953063964844,297.05931091308594,297.15367126464844,296.9844512939453,296.9884338378906,296.174072265625,297.765869140625,-5.204171255111034e-18,-1.6432444346612255e-19,273.1494140625,273.1509094238281,1.999999999999993,1.999999999999993,296.174072265625,297.765869140625,0.6500014662742615,0.6500014662742615,296.174072265625,297.765869140625,0.8800005316734314,0.8800005316734314,0,0,99.99998474121094,99.99998474121094,-7.3453647229951e-24,-7.3453647229951e-24,-7.345364920210326e-25,-7.345364920210326e-25,0,0,0,0,273.1592559814453,273.16065979003906,2.9802322387694842e-06,0.0003136098384857178,0.1289520263671875,0.2553863525390625,0.173583984375,0.17913818359375,0.1846466064453125,0.186798095703125,0.2911376953125,0.292083740234375,0.14067468792200089,0.14075559377670288,-1019694,-6516.0,0,2317924,-475494,-116839.0,-559508,114588,0,2697368,1276969.5,1423991.0,-0.00021039973944425583,0.0,-0.0001863362267613411,1.9995495676994324e-06,-0.00019548367708921432,0.0,-7.3034316301345825e-06,-7.401686161756516e-07,-0.0008340813219547272,-2.6151537895202637e-06,0.0001131296157836914,0.00013022124767303467,-2.3283064365386963e-10,4.656612873077393e-10,0.00011185556650161743,0.00011571496725082397,3.725290298461914e-08,1.74790620803833e-05,-0.00040774792432785034,-2.605840563774109e-06,-1.114471435546875,0.9590482711791992,-2.8479461669921875,1.8831329345703125,88879.71484375,89620.171875,9.506940841674805e-06,0.0031996071338653564,2.2913818359375,2.2926025390625,1.359375,1.3602294921875
102,20200113,36.098799692342965,0.5255144412099201,1578873600000,290.5002333323161,295.060697555542,295.3779519399007,296.45995330810547,296.9772148132324,297.12677510579425,296.9894898732503,296.6979573567708,-1.436144879057549e-18,273.14996337890625,1.999999999999993,296.6980794270833,0.6500014662742615,296.69793701171875,0.8800005316734314,0,99.99998474121094,-7.3453647229951e-24,-7.345364920210326e-25,0,0,273.1599540710449,0.0002392741541067759,0.272979736328125,0.19969495137532553,0.18383471171061197,0.29066212972005206,0.14059715314457813,-7047620,13174408,-5039712,-1637932,15333852,32163852,-0.0007539843209087849,-0.0007205791771411896,-0.0012592794373631477,-8.43023881316185e-05,-0.004487276077270508,0.0027159154415130615,2.3283064365386963e-10,0.0026395395398139954,7.636845111846924e-05,-0.0028181467205286026,0.04428990681966146,0.5189731121063232,89394.12939453125,0.012236973643211968,2.2902119954427085,1.3585561116536458,288.78033447265625,291.6801452636719,290.65403747558594,299.45909118652344,289.4106750488281,304.24488830566406,292.7694091796875,301.6191711425781,296.0078430175781,297.93894958496094,297.1056365966797,297.15415954589844,296.98728942871094,296.9912872314453,296.128662109375,297.232666015625,-4.065758974001254e-18,-7.623301695167532e-20,273.1493835449219,273.1504211425781,1.999999999999993,1.999999999999993,296.129150390625,297.232666015625,0.6500014662742615,0.6500014662742615,296.129150390625,297.232666015625,0.8800005316734314,0.8800005316734314,0,0,99.99998474121094,99.99998474121094,-7.3453647229951e-24,-7.3453647229951e-24,-7.345364920210326e-25,-7.345364920210326e-25,0,0,0,0,273.1593017578125,273.1607208251953,2.5957822799682522e-05,0.0003134608268737793,0.25347900390625,0.2881317138671875,0.1807098388671875,0.2181549072265625,0.1832733154296875,0.1845855712890625,0.2902374267578125,0.291107177734375,0.1405937820672989,0.14067468792200089,-999646,-276.0,0,2048694,-349022,-57856.5,-397604,102732,0,2384050,1226986.8125,1413973.0,-0.00018073013052344322,0.0,-0.0001744050532579422,5.072564817965031e-06,-0.00029507558792829514,5.820766091346741e-11,-5.59480395168066e-06,-6.188638508319855e-07,-0.0006598532199859619,-1.0803341865539551e-07,0.00010946393013000488,0.00012509524822235107,0.0,2.3283064365386963e-10,0.000108279287815094,0.00011171400547027588,2.384185791015625e-07,1.5243887901306152e-05,-0.0003997310996055603,-1.1059455573558807e-07,-0.9887542724609375,1.2269134521484375,-1.303823471069336,1.8105010986328125,89063.3515625,89632.6015625,5.117058753967285e-05,0.0025060325860977173,2.2901611328125,2.2913818359375,1.3585205078125,1.359375
103,20200114,36.098799692342965,0.5255144412099201,1578960000000,290.7514050801595,295.7100830078125,296.503365834554,296.99608421325684,296.8973509470622,297.07026863098145,296.9919827779134,296.71954345703125,-1.0074753804069232e-18,273.14996337890625,1.999999999999993,296.7195638020833,0.6500014662742615,296.7196044921875,0.8800005316734314,0,99.99998474121094,-7.3453647229951e-24,-7.345364920210326e-25,0,0,273.15992228190106,0.00014566505948702493,0.24547195434570312,0.2221965789794922,0.18279139200846353,0.28974278767903644,0.14051624728987613,-9691268,19082610,-6355404,-2952572,22203672,31421231,-0.0016742856241762638,-0.0016378667205572128,-0.00047425273805856705,-8.886214345693588e-05,-0.006385773420333862,0.002562105655670166,0.0,0.002553418278694153,8.672475814819336e-06,-0.003875269554555416,-0.2788200378417969,0.20985730489095053,89301.45686848958,0.0015509426593780518,2.288874308268229,1.3577016194661458,289.72703552246094,291.9114074707031,290.5835723876953,301.67576599121094,288.9259338378906,307.817626953125,292.2075653076172,303.7802734375,295.31114196777344,298.46484375,297.0294952392578,297.1167907714844,296.9898376464844,296.9941101074219,295.846923828125,297.546630859375,-4.824700494741107e-18,-8.300928052970972e-20,273.14935302734375,273.150634765625,1.999999999999993,1.999999999999993,295.846923828125,297.546142578125,0.6500014662742615,0.6500014662742615,295.846923828125,297.546630859375,0.8800005316734314,0.8800005316734314,0,0,99.99998474121094,99.99998474121094,-7.3453647229951e-24,-7.3453647229951e-24,-7.345364920210326e-25,-7.345364920210326e-25,0,0,0,0,273.15919494628906,273.1605987548828,2.4735927581786872e-06,0.0003133416175842285,0.22900390625,0.272796630859375,0.2192535400390625,0.2240142822265625,0.1823577880859375,0.183258056640625,0.2892913818359375,0.2902069091796875,0.1405128762125969,0.1405937820672989,-1356534,-1117.0,0,2819712,-473115,-128649.5,-617428,144276,-2,3280782,1224377.8125,1377304.0,-0.0002763597294688225,0.0,-0.00024485494941473007,3.811437636613846e-06,-0.00015677139163017273,1.428648829460144e-06,-6.777700036764145e-06,-1.5692785382270813e-07,-0.0009264275431632996,-4.4517219066619873e-07,0.00010469555854797363,0.00010967254638671875,-2.3283064365386963e-10,2.3283064365386963e-10,0.00010465830564498901,0.00010815262794494629,0.0,1.519918441772461e-06,-0.0005424395203590393,-4.468020051717758e-07,-1.1426849365234375,0.54156494140625,-2.889495849609375,1.7428436279296875,88966.30859375,89550.30078125,0.0,0.0002034008502960205,2.288818359375,2.2901611328125,1.357666015625,1.3585205078125
104,20200115,36.098799692342965,0.5255144412099201,1579046400000,289.60345395406085,296.4798126220703,296.44307136535645,296.9534085591634,297.03635279337567,297.0567798614502,296.99344571431476,296.8563232421875,-2.280213314394036e-18,273.14996337890625,1.999999999999993,296.8562418619792,0.6500014662742615,296.8562927246094,0.8800005316734314,0,99.99998474121094,-7.3453647229951e-24,-7.345364920210326e-25,0,0,273.16004435221356,6.140768527984618e-05,0.2156391143798828,0.2189044952392578,0.1817652384440104,0.28880882263183594,0.14043534143517414,-9769840,18987346,-6881202,-2449076,22088448,30838440,-0.0017698612064123154,-0.0017327056266367435,-0.0003173463046550751,-8.677318692207336e-05,-0.006670944392681122,0.0024703145027160645,0.0,0.002468384802341461,1.9371509552001953e-06,-0.003906684927642345,-0.6636466979980469,0.3687269290288289,89279.19921875,0.0003970444201399914,2.2877655029296875,1.3568471272786458,287.6787872314453,290.7113342285156,291.53111267089844,302.5056457519531,289.8893737792969,307.7525634765625,292.75494384765625,303.8975372314453,295.5663757324219,298.61256408691406,297.0171203613281,297.08953857421875,296.99205017089844,296.9949035644531,296.008056640625,297.689697265625,-5.529431906856685e-18,-3.7947081206871484e-19,273.14935302734375,273.1508483886719,1.999999999999993,1.999999999999993,296.008056640625,297.689697265625,0.6500014662742615,0.6500014662742615,296.008056640625,297.689697265625,0.8800005316734314,0.8800005316734314,0,0,99.99998474121094,99.99998474121094,-7.3453647229951e-24,-7.3453647229951e-24,-7.345364920210326e-25,-7.345364920210326e-25,0,0,0,0,273.1592102050781,273.1608428955078,-4.7271220045343187e-20,0.00022080540657043452,0.2027130126953125,0.231292724609375,0.216064453125,0.2215118408203125,0.18121337890625,0.182342529296875,0.288360595703125,0.2892608642578125,0.1404319703578949,0.1405128762125969,-1360767,-4658.5,0,2744504,-498625,-125700.875,-545698,181426,0,3192156,1202565.0,1343942.0,-0.0002799532376229763,0.0,-0.00025082239881157875,-1.1909287422895432e-07,-0.00014188839122653008,2.757180482149124e-06,-5.756504833698273e-06,-2.835877239704132e-07,-0.0009351596236228943,-1.9073486328125e-06,0.00010120868682861328,0.00010463595390319824,0.0,0.0,0.00010118633508682251,0.00010454654693603516,-1.862645149230957e-09,4.3585896492004395e-07,-0.0005441326647996902,-1.8633436411619186e-06,-1.623138427734375,1.4235382080078125,-1.860260009765625,1.7244415283203125,88920.3125,89549.73828125,0.0,8.989125490188599e-05,2.2877197265625,2.288818359375,1.3568115234375,1.357666015625
105,20200116,36.098799692342965,0.5255144412099201,1579132800000,289.94576199849445,297.20330174763996,297.19181060791016,297.3493487040202,297.10989570617676,297.048833211263,296.9944547017415,297.0360514322917,-2.797468376577533e-18,273.1498718261719,1.996459960937493,297.0481363932292,0.6500093936920166,297.0466613769531,0.8800005316734314,0,99.99998474121094,-7.3453647229951e-24,-7.345364920210326e-25,0,0,273.15995025634766,6.070981423060074e-06,0.1904735565185547,0.21254603068033853,0.1804968516031901,0.28787867228190106,0.1404837720716993,-8566692,17395888,-6334092,-2204508,20241004,31749360,-0.0017556403763592243,-0.0015885834582149982,-1.3957731425762177e-05,-6.739702075719833e-05,-0.0061238110065460205,0.002386927604675293,2.3283064365386963e-10,0.0023866891860961914,2.682209014892578e-07,-0.0034255795180797577,-0.6898858149846395,0.25742459297180176,89293.20751953125,5.884545072376568e-05,2.2872517903645835,1.3564605712890625,287.9401092529297,291.39398193359375,292.1538391113281,302.3966522216797,289.61573791503906,307.5696258544922,292.3874206542969,303.7904052734375,295.4150390625,298.6480712890625,297.0069122314453,297.08953857421875,296.9932098388672,296.99603271484375,296.140869140625,297.816650390625,-5.963112775850887e-18,-9.215726737932913e-19,273.149169921875,273.1510009765625,1.988281249999993,1.999999999999993,296.140869140625,297.841064453125,0.649986207485199,0.650047242641449,296.140869140625,297.838134765625,0.8800005316734314,0.8800005316734314,0,0,99.99998474121094,99.99998474121094,-7.3453647229951e-24,-7.3453647229951e-24,-7.345364920210326e-25,-7.345364920210326e-25,0,0,0,0,273.1593933105469,273.1607971191406,-4.6837538297469584e-20,1.8596649169921855e-05,0.1793060302734375,0.2037811279296875,0.2093505859375,0.2159271240234375,0.1798553466796875,0.1811981201171875,0.287445068359375,0.288330078125,0.1404319703578949,0.14048602432012558,-1244362,653.0,0,2524848,-417461,-98181.25,-466024,142788,0,2937760,1209128.5,1433157.0,-0.00026845093816518784,0.0,-0.0002275886945426464,0.0,-1.322268508374691e-05,3.875000402331352e-06,-5.655921995639801e-06,-1.1362135410308838e-07,-0.0008545219898223877,2.7008354663848877e-07,9.784102439880371e-05,0.0001010596752166748,-1.4551915228366852e-11,2.3283064365386963e-10,9.785592555999756e-05,0.00010106712579727173,-1.4901161193847656e-08,1.043081283569336e-07,-0.0004975851625204086,2.612359821796417e-07,-1.6707983016967773,0.7968902587890625,-1.6407623291015625,1.3220548629760742,88928.5546875,89554.87890625,-7.067967544571729e-09,2.3946166038513184e-05,2.2872314453125,2.2877197265625,1.3564453125,1.3568115234375
106,20200117,36.098799692342965,0.5255144412099201,1579219200000,290.34460576375324,297.51564661661786,297.618803024292,297.74482409159344,297.41445859273273,297.07686678568524,296.9965565999349,296.5585123697917,-3.577867996382777e-18,273.15008544921875,1.6870930989583262,297.4597574869792,0.6498479247093201,297.3013916015625,0.8800005316734314,0,99.99998474121094,-7.3453647229951e-24,-7.345364920210326e-25,0,0,273.16010665893555,1.6069660584131837e-05,0.17156155904134116,0.20581690470377603,0.17907142639160156,0.28696568806966144,0.14055245261018476,-8426924,17418338,-6159286,-2466956,20268508,32138187,-0.0016667237505316734,-0.0015307632274925709,-9.381677955389023e-05,-7.839035242795944e-05,-0.006165534257888794,0.002310037612915039,-2.3283064365386963e-10,0.0023085996508598328,1.4007091522216797e-06,-0.0033696945756673813,-0.8245540062586466,0.36387046178181964,89240.40218098958,0.00032336126326981685,2.286646525065104,1.3560943603515625,287.9255828857422,293.5798797607422,291.6808319091797,302.91925048828125,289.1801452636719,309.3461151123047,292.07542419433594,304.94134521484375,295.62095642089844,298.90167236328125,297.0303955078125,297.13719177246094,296.9950714111328,296.9977722167969,296.347900390625,296.942626953125,-5.963112775850887e-18,-3.252607034444396e-19,273.149169921875,273.15093994140625,1.283203124999993,1.999999999999993,296.347900390625,298.548095703125,0.6482543349266052,0.6519545912742615,296.347900390625,298.079345703125,0.8800005316734314,0.8800005316734314,0,0,99.99998474121094,99.99998474121094,-7.3453647229951e-24,-7.3453647229951e-24,-7.345364920210326e-25,-7.345364920210326e-25,0,0,0,0,273.15911865234375,273.16082763671875,1.6391277313231958e-06,3.153085708618162e-05,0.1623992919921875,0.1822662353515625,0.2027740478515625,0.2092132568359375,0.1783905029296875,0.1798248291015625,0.2865447998046875,0.28741455078125,0.14048602432012558,0.14055534079670906,-1393204,1590.25,0,2937994,-489892,-142986.75,-597524,73308,0,3418428,1228449.25,1492346.0,-0.00029551517218351364,0.0,-0.00025402242317795753,0.0,-2.605793997645378e-05,5.437934305518866e-06,-6.327405571937561e-06,-1.2526288628578186e-07,-0.0009745657444000244,6.658956408500671e-07,9.468197822570801e-05,9.778141975402832e-05,-2.3283064365386963e-10,2.3283064365386963e-10,9.468197822570801e-05,9.77441668510437e-05,0.0,2.682209014892578e-07,-0.0005571041256189346,6.35860487818718e-07,-1.5517454147338867,-0.00843048095703125,-1.5261993408203125,1.238739013671875,88913.5,89518.05078125,-1.7776415006665047e-08,6.091594696044922e-05,2.28662109375,2.2872314453125,1.3560791015625,1.3564453125
107,20200118,36.098799692342965,0.5255144412099201,1579305600000,288.4715404510498,298.7380739847819,298.00495529174805,298.1447073618571,297.83316866556805,297.1532522837321,296.9995536804199,297.35630289713544,-4.127874861330005e-18,273.15008544921875,1.9970296223958262,297.3810221354167,0.6500999927520752,297.3804626464844,0.8800005316734314,0,99.99998474121094,-7.3453647229951e-24,-7.345364920210326e-25,0,0,273.16000175476074,5.853672822316459e-06,0.1524944305419922,0.1991265614827474,0.1775353749593099,0.28605397542317706,0.14060714251051346,-9344664,18709420,-7114834,-2166364,21772952,31397638,-0.00181212043389678,-0.0018002991564571857,-2.045370638370514e-05,-0.00010379217565059662,-0.00757502019405365,0.0022333860397338867,4.656612873077393e-10,0.0022333338856697083,4.470348358154297e-08,-0.003736666403710842,-0.608272115389506,-0.36535223325093585,89182.22542317708,1.1868732485709188e-05,2.2862701416015625,1.3557281494140625,286.06947326660156,290.71253967285156,292.5400695800781,304.4167022705078,289.4173278808594,309.24403381347656,292.40887451171875,305.3388977050781,296.0359802246094,299.36419677734375,297.1007537841797,297.2334899902344,296.9975891113281,297.0013885498047,296.478759765625,298.093017578125,-5.746272341353786e-18,-2.6291910954579608e-18,273.14886474609375,273.1513671875,1.928710937499993,1.999999999999993,296.478759765625,298.093017578125,0.6500014662742615,0.652366578578949,296.478759765625,298.093017578125,0.8800005316734314,0.8800005316734314,0,0,99.99998474121094,99.99998474121094,-7.3453647229951e-24,-7.3453647229951e-24,-7.345364920210326e-25,-7.345364920210326e-25,0,0,0,0,273.1592712402344,273.16090393066406,-4.770490179321679e-20,2.2470951080322235e-05,0.1409759521484375,0.1661224365234375,0.1959228515625,0.2026214599609375,0.1768035888671875,0.1783599853515625,0.2856292724609375,0.2865142822265625,0.14055534079670906,0.14060939475893974,-1315860,-12804.0,0,2815976,-522999,-165468.0,-549764,172224,-2,3276780,1194744.0,1445696.0,-0.000276986975222826,-9.685754776000977e-08,-0.0002519912086427212,-1.203734427690506e-06,-1.787673681974411e-05,1.7711427062749863e-06,-7.986556738615036e-06,-2.5937333703041077e-07,-0.001024596393108368,-6.604008376598358e-06,9.15825366973877e-05,9.456276893615723e-05,-2.3283064365386963e-10,4.656612873077393e-10,9.15825366973877e-05,9.456276893615723e-05,-7.450580596923828e-09,2.2351741790771484e-08,-0.0005261767655611038,-5.121342837810516e-06,-1.7457427978515625,0.7434234619140625,-2.7427978515625,1.575347900390625,88838.703125,89417.796875,-3.0240698833949864e-09,6.087124347686768e-06,2.2862548828125,2.28662109375,1.355712890625,1.3560791015625
108,20200119,36.098799692342965,0.5255144412099201,1579392000000,287.7875569661458,298.4811312357585,298.0063616434733,298.2250912984212,297.88562901814777,297.2371088663737,297.00404993693036,297.27728271484375,-1.424533538003989e-18,273.14996337890625,1.999999999999993,297.2772623697917,0.6500014662742615,297.27728271484375,0.8800005316734314,0,99.99998474121094,-7.3453647229951e-24,-7.345364920210326e-25,0,0,273.16003036499023,1.647820075352949e-06,0.13104883829752603,0.19211832682291666,0.1758721669514974,0.28513526916503906,0.14066120004281402,-9821468,21207298,-8086924,-3058088,24679488,30368252,-0.001953632105141878,-0.0018557901494204998,-2.682209014892578e-07,-0.00011764001101255417,-0.008295394480228424,0.002159804105758667,-2.3283064365386963e-10,0.00215979665517807,0.0,-0.003927330486476421,-0.7896041870117188,-0.40498467286427814,89227.90771484375,8.52346317969932e-07,2.2857869466145835,1.3552449544270833,285.14830017089844,292.12493896484375,290.9574279785156,305.1976623535156,287.6621551513672,310.617431640625,291.1723937988281,306.1775665283203,295.83319091796875,299.62457275390625,297.1836700439453,297.317138671875,297.0015411376953,297.0068664550781,296.248291015625,298.038818359375,-2.8460315299550617e-18,-5.675125916482641e-20,273.149169921875,273.1508483886719,1.999999999999993,1.999999999999993,296.248291015625,298.038330078125,0.6500014662742615,0.6500014662742615,296.248291015625,298.038818359375,0.8800005316734314,0.8800005316734314,0,0,99.99998474121094,99.99998474121094,-7.3453647229951e-24,-7.3453647229951e-24,-7.345364920210326e-25,-7.345364920210326e-25,0,0,0,0,273.15936279296875,273.16078186035156,-9.540985528522186e-20,9.208917617797808e-06,0.1193084716796875,0.1447906494140625,0.188812255859375,0.1957855224609375,0.175079345703125,0.1767578125,0.284698486328125,0.28558349609375,0.14060939475893974,0.14066345244646072,-1373880,-13244.0,0,2983432,-536774,-197494.0,-668456,174900,0,3471996,1173321.5,1369306.0,-0.00028572743758559227,0.0,-0.00026108697056770325,-8.186325430870056e-07,-7.95489177107811e-06,2.52528116106987e-06,-7.898081094026566e-06,-1.8719583749771118e-07,-0.0011124126613140106,-6.973277777433395e-06,8.857250213623047e-05,9.146332740783691e-05,-2.3283064365386963e-10,2.3283064365386963e-10,8.854269981384277e-05,9.147077798843384e-05,0.0,0.0,-0.0005493760108947754,-5.295500159263611e-06,-1.954742431640625,0.3515625,-2.8946046829223633,1.54913330078125,88867.31640625,89488.3359375,-7.450580596923828e-09,8.597968985668558e-07,2.2857666015625,2.2862548828125,1.355224609375,1.355712890625
109,20200120,36.098799692342965,0.5255144412099201,1579478400000,287.3544228871663,298.2963180541992,298.2548433939616,298.521977742513,298.1249421437581,297.3311080932617,297.0099868774414,297.2526041666667,-9.478654367439019e-19,273.1499328613281,1.9954427083333262,297.2582600911458,0.6499817371368408,297.2579040527344,0.8800005316734314,0,99.99998474121094,-7.3453647229951e-24,-7.345364920210326e-25,0,0,273.1598587036133,2.248833576838141e-06,0.11115074157714844,0.18508402506510416,0.1741339365641276,0.284213383992513,0.140715257730335,-9510536,22275540,-8877937,-3686052,25923348,29683509,-0.001949898898601532,-0.0017378735356032848,4.563480615615845e-08,-0.00011527072638273239,-0.00854039192199707,0.0020881742238998413,4.656612873077393e-10,0.002088204026222229,0.0,-0.003802996128797531,-0.45636773109436035,-0.22254244486490884,89242.22298177083,4.261732051702438e-07,2.285181681315104,1.3548736572265625,284.4845275878906,289.7276611328125,290.6783447265625,304.9357452392578,287.3484802246094,311.536865234375,290.9931640625,307.3145751953125,296.06512451171875,299.89064025878906,297.2762145996094,297.41807556152344,297.00701904296875,297.0141906738281,296.197998046875,298.116943359375,-2.9815568015157497e-18,-3.472835406860058e-20,273.1495056152344,273.150634765625,1.905273437499993,1.999999999999993,296.197509765625,298.116455078125,0.6496886610984802,0.6500014662742615,296.197509765625,298.116943359375,0.8800005316734314,0.8800005316734314,0,0,99.99998474121094,99.99998474121094,-7.3453647229951e-24,-7.3453647229951e-24,-7.345364920210326e-25,-7.345364920210326e-25,0,0,0,0,273.1591491699219,273.16038513183594,-7.632793592696578e-20,1.350045204162593e-05,0.100799560546875,0.1236114501953125,0.1819000244140625,0.188690185546875,0.1733245849609375,0.175048828125,0.2837677001953125,0.28466796875,0.14066345244646072,0.1407175101339817,-1311953,-9571.0,0,3044620,-603311,-208621.0,-768786,197740,0,3543230,1140333.625,1347103.0,-0.0002799304202198982,0.0,-0.000240969005972147,-1.1944212019443512e-06,-1.157587394118309e-05,4.737637937068939e-06,-7.445923984050751e-06,-1.578591763973236e-07,-0.0011686161160469055,-4.343688488006592e-06,8.560717105865479e-05,8.842349052429199e-05,-2.3283064365386963e-10,4.656612873077393e-10,8.560717105865479e-05,8.844584226608276e-05,0.0,0.0,-0.0005246130749583244,-3.827502951025963e-06,-1.6714725494384766,0.8707866668701172,-2.4071807861328125,1.5133209228515625,88923.57421875,89491.3828125,0.0,4.261732051702438e-07,2.28515625,2.2857666015625,1.3548583984375,1.355224609375
110,20200121,36.098799692342965,0.5255144412099201,1579564800000,288.0208632151286,298.3389097849528,298.36578432718915,298.65695254007977,298.22729937235516,297.4289843241374,297.0181007385254,297.12209065755206,-1.2496563895720096e-18,273.1499328613281,1.999999999999993,297.1220703125,0.6500014662742615,297.1220397949219,0.8800005316734314,0,99.99998474121094,-7.3453647229951e-24,-7.345364920210326e-25,0,0,273.1600093841553,4.217028617858856e-06,0.0953369140625,0.1785144805908203,0.17242050170898438,0.28329912821451825,0.1407693118477861,-8303444,21046088,-8494105,-3989172,24497136,30109248,-0.0017587598413228989,-0.0014171050861477852,-2.5110319256782532e-05,-0.00011933967471122742,-0.008244089782238007,0.0020197778940200806,2.3283064365386963e-10,0.0020194798707962036,2.8312206268310547e-07,-0.003320314921438694,-0.6215437253316244,-0.14642274379730225,89162.14127604167,8.02308319975964e-05,2.2848052978515625,1.3545074462890625,285.8927764892578,291.68711853027344,290.7922058105469,304.6686248779297,287.3291320800781,311.81886291503906,290.9035949707031,307.43540954589844,296.230712890625,299.8885803222656,297.3769226074219,297.5118713378906,297.01434326171875,297.02244567871094,296.102294921875,297.866455078125,-5.5836420154809604e-18,-1.4399565273201934e-19,273.1491394042969,273.150634765625,1.999999999999993,1.999999999999993,296.102783203125,297.866455078125,0.6500014662742615,0.6500014662742615,296.102783203125,297.866455078125,0.8800005316734314,0.8800005316734314,0,0,99.99998474121094,99.99998474121094,-7.3453647229951e-24,-7.3453647229951e-24,-7.345364920210326e-25,-7.345364920210326e-25,0,0,0,0,273.15916442871094,273.1607208251953,-4.770490179321679e-20,1.6480684280395464e-05,0.0878143310546875,0.104644775390625,0.1757049560546875,0.1817779541015625,0.171661376953125,0.1732940673828125,0.2828826904296875,0.2837371826171875,0.1407175101339817,0.1407715640962124,-1209696,-1870.0,0,3083862,-571219,-197601.0,-861926,142172,0,3589070,1144290.9375,1379720.0,-0.0002692141570150852,0.0,-0.00020956946536898613,-3.948807716369629e-07,-1.3896729797124863e-05,4.661967977881432e-06,-8.119270205497742e-06,-5.029141902923584e-08,-0.0011592619121074677,-9.834766387939453e-07,8.280575275421143e-05,8.55177640914917e-05,-2.3283064365386963e-10,2.3283064365386963e-10,8.282065391540527e-05,8.550286293029785e-05,0.0,1.6391277313232422e-07,-0.00048372289165854454,-7.478520274162292e-07,-1.645050048828125,0.756927490234375,-2.847230911254883,1.7264251708984375,88864.80859375,89393.9921875,0.0,4.296004772186279e-05,2.2847900390625,2.28515625,1.3544921875,1.3548583984375
111,20200122,36.098799692342965,0.5255144412099201,1579651200000,287.77523104349774,299.1540336608887,299.33898226420087,299.33166058858234,298.45960426330566,297.52814229329425,297.02871958414715,297.0325113932292,-7.211076753889613e-19,273.15008544921875,1.999999999999993,297.0324300130208,0.6500014662742615,297.0324401855469,0.8800005316734314,0,99.99998474121094,-7.3453647229951e-24,-7.345364920210326e-25,0,0,273.16010030110675,2.589076757430998e-06,0.08443387349446614,0.1727008819580078,0.17079925537109375,0.28240712483723956,0.14083799238627157,-7286060,18529450,-7063114,-3354200,21567808,32020409,-0.0015807850286364555,-0.0011885189451277256,-4.942994564771652e-05,-9.475927799940109e-05,-0.007718957960605621,0.00195486843585968,-2.3283064365386963e-10,0.0019543394446372986,5.513429641723633e-07,-0.002913493663072586,-0.5096558729807535,-0.37293652693430585,89143.0634765625,0.00015714488699813955,2.2843221028645835,1.3541412353515625,285.57945251464844,290.50628662109375,291.30064392089844,304.84825134277344,287.95262145996094,311.9852752685547,291.26011657714844,308.05397033691406,296.514404296875,299.9453125,297.4768524169922,297.61903381347656,297.0226135253906,297.03448486328125,296.003662109375,297.742919921875,-2.8731365842671993e-18,-1.6940664114964835e-19,273.1491394042969,273.1507568359375,1.999999999999993,1.999999999999993,296.004150390625,297.742431640625,0.6500014662742615,0.6500014662742615,296.004150390625,297.742431640625,0.8800005316734314,0.8800005316734314,0,0,99.99998474121094,99.99998474121094,-7.3453647229951e-24,-7.3453647229951e-24,-7.345364920210326e-25,-7.345364920210326e-25,0,0,0,0,273.1592559814453,273.16082763671875,-9.454250471417173e-20,2.2768974304199212e-05,0.078765869140625,0.09112548828125,0.17022705078125,0.1755828857421875,0.170074462890625,0.171630859375,0.281982421875,0.2828521728515625,0.1407715640962124,0.14084088057279587,-1017986,-7624.0,0,2683292,-513903,-109759.0,-748796,131192,-2,3123838,1164669.9375,1463288.0,-0.00023445161059498787,-9.255018085241318e-08,-0.00016300473362207413,-1.6507692635059357e-06,-2.2780150175094604e-05,1.262756995856762e-06,-8.407689165323973e-06,-1.126900315284729e-07,-0.001036074012517929,-4.753470420837402e-06,8.016824722290039e-05,8.271634578704834e-05,-2.3283064365386963e-10,2.3283064365386963e-10,8.016824722290039e-05,8.272379636764526e-05,0.0,2.5331974029541016e-07,-0.00040706386789679527,-3.0491501092910767e-06,-1.5172147750854492,0.4746255874633789,-2.3863067626953125,1.7241058349609375,88781.09375,89397.26953125,-1.4901161193847656e-08,7.20784068057867e-05,2.2843017578125,2.2847900390625,1.3541259765625,1.3544921875
112,20200123,36.098799692342965,0.5255144412099201,1579737600000,289.6231295267741,297.24023628234863,297.47064145406085,298.0944766998291,298.45630772908527,297.6526285807292,297.0418453216553,296.99127197265625,-3.3658987251154245e-19,273.1499938964844,1.999999999999993,296.9911295572917,0.6500014662742615,296.99114990234375,0.8800005316734314,0,99.99998474121094,-7.3453647229951e-24,-7.345364920210326e-25,0,0,273.1600621541341,1.9299487272898323e-05,0.08168856302897136,0.16817601521809897,0.16943041483561197,0.28156598409016925,0.14089268228660026,-4623544,11613532,-5043950,-2408456,13514636,33161915,-0.0009174910373985767,-0.0006296522915363312,-0.00020033586770296097,-0.00010134465992450714,-0.0047982558608055115,0.0018971115350723267,2.3283064365386963e-10,0.0018945783376693726,2.5033950805664062e-06,-0.001848825253546238,0.0001010894775390625,0.5402596791585287,89284.98486328125,0.0007502973078317154,2.283716837565104,1.3537750244140625,289.0335235595703,290.5859375,294.49717712402344,300.21739196777344,292.10589599609375,306.0791320800781,294.31219482421875,303.9052734375,297.6538391113281,299.2560577392578,297.62229919433594,297.69921875,297.03660583496094,297.04791259765625,296.529052734375,297.404052734375,-2.141300117839484e-18,-8.809147821323552e-20,273.14898681640625,273.15069580078125,1.999999999999993,1.999999999999993,296.529541015625,297.403564453125,0.6500014662742615,0.6500014662742615,296.529541015625,297.403564453125,0.8800005316734314,0.8800005316734314,0,0,99.99998474121094,99.99998474121094,-7.3453647229951e-24,-7.3453647229951e-24,-7.345364920210326e-25,-7.345364920210326e-25,0,0,0,0,273.1594543457031,273.1608428955078,5.364418029784935e-07,8.37743282318115e-05,0.0792694091796875,0.083831787109375,0.166473388671875,0.170135498046875,0.1688690185546875,0.1700439453125,0.2811737060546875,0.2819671630859375,0.14084088057279587,0.14089493453502655,-638832,-11452.0,0,1746692,-367869,-88076.75,-510160,63672,0,2032230,1335156.0,1424246.0,-0.00015085004270076752,-8.950009942054749e-07,-8.511310443282127e-05,-1.6870908439159393e-06,-8.379248902201653e-05,-1.3969838619232178e-08,-6.588641554117203e-06,-7.413327693939209e-07,-0.0006699599325656891,-6.414949893951416e-06,7.784366607666016e-05,8.0108642578125e-05,-2.3283064365386963e-10,2.3283064365386963e-10,7.782131433486938e-05,8.008629083633423e-05,0.0,8.866190910339355e-07,-0.000255451537668705,-4.579313099384308e-06,-0.97418212890625,1.5693359375,-1.84686279296875,1.7705078125,89014.7890625,89476.875,-1.1920974429813214e-08,0.00026513636112213135,2.28369140625,2.2843017578125,1.353759765625,1.3541259765625
113,20200124,36.098799692342965,0.5255144412099201,1579824000000,289.11818822224933,297.6368872324626,297.90532239278156,298.2627131144206,298.10014216105145,297.68482144673663,297.0557435353597,296.7176106770833,-1.2177515163579564e-18,273.14996337890625,1.997558593749993,296.7255859375,0.6500071883201599,296.7247009277344,0.8800005316734314,0,99.99998474121094,-7.3453647229951e-24,-7.345364920210326e-25,0,0,273.1600519816081,1.5672296285629242e-05,0.08087412516276042,0.16436258951822916,0.16815694173177084,0.28074200948079425,0.14094673981890082,-5603106,14368746,-6284674,-2550396,16727988,32144923,-0.0012418166734278202,-0.0008392389863729477,-8.281879127025604e-05,-7.665064185857773e-05,-0.005801402032375336,0.0018387287855148315,0.0,0.0018382519483566284,4.917383193969727e-07,-0.002240525558590889,-0.4068196614583333,0.6182181040445963,89376.59000651042,0.0001443624496459961,2.2833404541015625,1.3534088134765625,286.8689880371094,290.98779296875,293.38902282714844,303.36622619628906,290.3370666503906,310.41644287109375,293.2037048339844,306.86109924316406,296.86219787597656,299.4257354736328,297.65248107910156,297.7211456298828,297.0480499267578,297.0629119873047,295.986572265625,297.422607421875,-4.662070168868282e-18,-3.8963518804872083e-20,273.14923095703125,273.1508483886719,1.985351562499993,1.999999999999993,295.986572265625,297.442626953125,0.6499938368797302,0.6500396132469177,295.986572265625,297.439697265625,0.8800005316734314,0.8800005316734314,0,0,99.99998474121094,99.99998474121094,-7.3453647229951e-24,-7.3453647229951e-24,-7.345364920210326e-25,-7.345364920210326e-25,0,0,0,0,273.1594543457031,273.1606750488281,-9.454250471417173e-20,5.644559860229485e-05,0.07635498046875,0.08563232421875,0.162506103515625,0.1663970947265625,0.167510986328125,0.1688385009765625,0.2803497314453125,0.2811431884765625,0.14089493453502655,0.14094899222254753,-831336,-6300.0,0,2270854,-502637,-90765.25,-604280,114740,0,2643458,1264426.0,1408622.0,-0.00020383484661579132,-5.2619725465774536e-08,-0.00012838467955589294,-8.041970431804657e-07,-3.6700163036584854e-05,1.257285475730896e-07,-5.834735929965973e-06,-9.173527359962463e-08,-0.0008505769073963165,-3.807246685028076e-06,7.547438144683838e-05,7.775798439979553e-05,-2.3283064365386963e-10,2.3283064365386963e-10,7.546693086624146e-05,7.773935794830322e-05,0.0,1.1920928955078125e-07,-0.00033242860808968544,-2.520158886909485e-06,-1.1045074462890625,0.634185791015625,-1.830078125,1.930633544921875,89040.3125,89601.75390625,0.0,3.755837678909302e-05,2.2833251953125,2.28369140625,1.3533935546875,1.353759765625
114,20200125,36.098799692342965,0.5255144412099201,1579910400000,290.9030844370524,297.03814633687335,298.0647729237874,298.6465326944987,298.203914642334,297.71051597595215,297.0698636372884,296.32594807942706,-2.2278385127538627e-18,273.1500244140625,1.8420003255208262,296.8998616536458,0.650638222694397,296.8494567871094,0.8800005316734314,0,99.99998474121094,-7.3453647229951e-24,-7.345364920210326e-25,0,0,273.15994453430176,0.00013485675056775406,0.09610557556152344,0.160614013671875,0.1668402353922526,0.2799154917399089,0.1410007975064218,-5403186,15085542,-5819321,-3538160,17566280,32715167,-0.00112827867269516,-0.0006280713714659214,-0.0003331131301820278,-7.112137973308563e-05,-0.005477838218212128,0.001801609992980957,0.0,0.001782841980457306,1.8775463104248047e-05,-0.002160581760108471,-0.4614830017089844,0.4390130837758382,89434.70182291667,0.004564404487609863,2.2828572591145835,1.3529256184895833,288.9217071533203,294.13502502441406,292.7539825439453,302.8799591064453,290.7389221191406,310.6259460449219,292.9839172363281,307.3262176513672,296.8242645263672,299.55133056640625,297.6766357421875,297.7538146972656,297.06304931640625,297.07757568359375,296.026611328125,296.771240234375,-5.6378521241052356e-18,-2.574980676640956e-19,273.14910888671875,273.1509704589844,1.436523437499993,1.999999999999993,296.026611328125,297.767822265625,0.649589478969574,0.6530761122703552,296.026611328125,297.590087890625,0.8800005316734314,0.8800005316734314,0,0,99.99998474121094,99.99998474121094,-7.3453647229951e-24,-7.3453647229951e-24,-7.345364920210326e-25,-7.345364920210326e-25,0,0,0,0,273.1591796875,273.1605682373047,1.788139343260947e-07,0.00031244754791259766,0.0736846923828125,0.1270751953125,0.1593170166015625,0.1624298095703125,0.1662750244140625,0.1674957275390625,0.279541015625,0.2803192138671875,0.14094899222254753,0.1410030499100685,-765830,-920.0,0,2226560,-484275,-99816.125,-632468,38242,0,2592712,1289803.0,1419612.0,-0.00018966058269143105,0.0,-0.00010644318535923958,3.0528753995895386e-06,-0.00012158043682575226,9.778887033462524e-08,-5.966052412986755e-06,-3.119930624961853e-08,-0.0007923580706119537,-3.725290298461914e-07,7.322430610656738e-05,8.472800254821777e-05,-2.3283064365386963e-10,2.3283064365386963e-10,7.322430610656738e-05,7.537752389907837e-05,0.0,1.078099012374878e-05,-0.0003062337636947632,-3.6600977182388306e-07,-1.9690399169921875,0.333831787109375,-1.712371826171875,1.6124267578125,89066.58203125,89615.4921875,0.0,0.0025198161602020264,2.2828369140625,2.2833251953125,1.3529052734375,1.3533935546875
115,20200126,36.098799692342965,0.5255144412099201,1579996800000,291.77502822875977,296.16179339090985,296.95817883809406,297.75709597269696,297.91166496276855,297.7269592285156,297.08482996622723,296.71075439453125,-2.1676991734988074e-18,273.1499328613281,1.9014078776041596,297.0522867838542,0.6502503752708435,297.01983642578125,0.8800005316734314,0,99.99998474121094,-7.3453647229951e-24,-7.345364920210326e-25,0,0,273.16004943847656,0.0002113680044809977,0.13968722025553384,0.15819803873697916,0.1656646728515625,0.27911949157714844,0.1410694746300578,-6330364,14403848,-5518350,-2647924,16772120,32463906,-0.0010505341924726963,-0.0008915048092603683,-0.0005259532481431961,-6.3345767557621e-05,-0.004814662039279938,0.001748993992805481,4.656612873077393e-10,0.0017309114336967468,1.8075108528137207e-05,-0.00253133662045002,-0.5172271728515625,0.5517997741699219,89406.38362630208,0.004177011723470514,2.282251993815104,1.3525543212890625,290.1427001953125,293.6437530517578,291.1704559326172,301.7417449951172,289.6404266357422,308.4103240966797,292.85850524902344,304.9723815917969,296.74609375,299.06236267089844,297.70037841796875,297.7512512207031,297.07769775390625,297.09178161621094,296.236083984375,297.154541015625,-5.258381363735309e-18,-3.7608268027969764e-19,273.14874267578125,273.1512451171875,1.667968749999993,1.999999999999993,296.235595703125,297.798095703125,0.6494826674461365,0.651817262172699,296.235595703125,297.708251953125,0.8800005316734314,0.8800005316734314,0,0,99.99998474121094,99.99998474121094,-7.3453647229951e-24,-7.3453647229951e-24,-7.345364920210326e-25,-7.345364920210326e-25,0,0,0,0,273.1591033935547,273.16090393066406,7.450580596923472e-07,0.0003124475479125976,0.116424560546875,0.165069580078125,0.157318115234375,0.1593017578125,0.1651458740234375,0.1662445068359375,0.27874755859375,0.279510498046875,0.1410030499100685,0.1410723626613617,-923334,-224.0,0,2318096,-403946,-124772.25,-537874,90984,0,2699618,1260488.1875,1439177.0,-0.00020188931375741959,0.0,-0.00016411766409873962,4.777801223099232e-06,-0.00015986431390047073,8.549541234970093e-07,-5.165580660104752e-06,-8.381903171539307e-08,-0.0007361695170402527,-8.940696716308594e-08,7.113814353942871e-05,7.964670658111572e-05,-2.3283064365386963e-10,4.656612873077393e-10,7.110834121704102e-05,7.31348991394043e-05,0.0,7.927417755126953e-06,-0.00036921538412570953,-9.033828973770142e-08,-1.6774444580078125,0.2572021484375,-0.886444091796875,1.5954437255859375,89057.26171875,89614.390625,-3.725290298461914e-09,0.0017613977194059771,2.2822265625,2.2828369140625,1.3525390625,1.3529052734375
116,20200127,36.098799692342965,0.5255144412099201,1580083200000,291.9405206044515,295.50956535339355,295.71917215983075,296.7558174133301,297.32729657491046,297.68483606974286,297.0990390777588,296.9634602864583,-1.4892960931001798e-18,273.1499938964844,1.999999999999993,296.9635416666667,0.6500014662742615,296.9635314941406,0.8800005316734314,0,99.99998474121094,-7.3453647229951e-24,-7.345364920210326e-25,0,0,273.16006660461426,0.00023744752009709677,0.19643719991048178,0.15884971618652344,0.16468429565429688,0.2783641815185547,0.14112416794523597,-5797596,11972718,-4502663,-2271928,13940268,32897224,-0.000634457916021347,-0.000627479050308466,-0.0009788833558559418,-7.747579365968704e-05,-0.003996111452579498,0.001717984676361084,4.656612873077393e-10,0.0016829147934913635,3.507733345031738e-05,-0.002318296581506729,-0.22601000467936197,0.0527337392171224,89393.14306640625,0.007609027624027931,2.2818756103515625,1.3521881103515625,291.04669189453125,293.0579833984375,291.8693389892578,299.7680969238281,290.3600158691406,304.8488311767578,293.4095153808594,302.37538146972656,296.49839782714844,298.1795959472656,297.6548767089844,297.7374725341797,297.0938415527344,297.1048889160156,296.491455078125,297.427978515625,-5.5836420154809604e-18,-1.0503213715832153e-19,273.1488952636719,273.1510314941406,1.999999999999993,1.999999999999993,296.491455078125,297.427978515625,0.6500014662742615,0.6500014662742615,296.491455078125,297.427978515625,0.8800005316734314,0.8800005316734314,0,0,99.99998474121094,99.99998474121094,-7.3453647229951e-24,-7.3453647229951e-24,-7.345364920210326e-25,-7.345364920210326e-25,0,0,0,0,273.1593780517578,273.1607360839844,1.2099742889404273e-05,0.0003123283386230469,0.164215087890625,0.231231689453125,0.15692138671875,0.163330078125,0.1642913818359375,0.165130615234375,0.27801513671875,0.278717041015625,0.1410723626613617,0.14112642034888268,-832722,478.0,0,1964022,-330407,-95985.375,-540068,60676,0,2286780,1273375.875,1443365.0,-0.00014161039143800735,0.0,-0.00015004537999629974,2.922315616160631e-06,-0.00019197864457964897,9.701470844447613e-07,-4.866626113653183e-06,-1.5874393284320831e-06,-0.0006541833281517029,1.9138678908348083e-07,6.946921348571777e-05,8.507072925567627e-05,0.0,4.656612873077393e-10,6.921589374542236e-05,7.104873657226562e-05,0.0,1.5038996934890747e-05,-0.0003329813480377197,1.9115395843982697e-07,-1.5572052001953125,1.03826904296875,-2.492523193359375,1.3179168701171875,89119.73828125,89605.08203125,5.587935447692871e-09,0.0030592381954193115,2.2818603515625,2.2822265625,1.3521728515625,1.3525390625
117,20200128,36.098799692342965,0.5255144412099201,1580169600000,291.99628194173175,294.9488665262858,295.2182966868083,296.1857503255208,296.67635917663574,297.55760828653973,297.11018562316895,296.6812337239583,-5.65994663525441e-19,273.15008544921875,1.999999999999993,296.68115234375,0.6500014662742615,296.68115234375,0.8800005316734314,0,99.99998474121094,-7.3453647229951e-24,-7.345364920210326e-25,0,0,273.1599547068278,0.00022300084431966147,0.2347710927327474,0.1687157948811849,0.16389910380045572,0.2776438395182292,0.14117822206268707,-5739704,11688362,-4378435,-1984648,13613140,32743463,-0.000590501818805933,-0.0006033796817064285,-0.0010386332869529724,-6.263330578804016e-05,-0.0035296157002449036,0.0016680359840393066,0.0,0.0016386285424232483,2.9414892196655273e-05,-0.0022951485589146614,0.11951764424641927,0.3695021867752075,89405.94710286458,0.006236451864310766,2.2813924153645835,1.3518218994140625,290.9209289550781,292.7281036376953,291.64471435546875,299.16139221191406,290.4658203125,304.12371826171875,293.04103088378906,301.4289855957031,295.79542541503906,297.66871643066406,297.50042724609375,297.6483154296875,297.1050262451172,297.1146545410156,296.179931640625,297.214111328125,-2.5749809868336856e-18,-8.385631347696402e-20,273.1492919921875,273.15087890625,1.999999999999993,1.999999999999993,296.179931640625,297.214111328125,0.6500014662742615,0.6500014662742615,296.179931640625,297.214111328125,0.8800005316734314,0.8800005316734314,0,0,99.99998474121094,99.99998474121094,-7.3453647229951e-24,-7.3453647229951e-24,-7.345364920210326e-25,-7.345364920210326e-25,0,0,0,0,273.15928649902344,273.16094970703125,2.482533454895017e-05,0.0003123283386230469,0.216949462890625,0.254913330078125,0.1638031005859375,0.176513671875,0.1635589599609375,0.164276123046875,0.2772979736328125,0.277984619140625,0.14112642034888268,0.14118047431111336,-933030,-2512.0,0,2014500,-309826,-98961.5,-446944,59836,0,2346350,1298754.0,1450104.0,-0.0001559038646519184,0.0,-0.00017058709636330605,2.6588095352053642e-06,-0.0002134907990694046,6.509944796562195e-07,-3.80747951567173e-06,-1.4808028936386108e-07,-0.0006197243928909302,-1.0058283805847168e-06,6.784498691558838e-05,7.546693086624146e-05,-4.656612873077393e-10,2.3283064365386963e-10,6.742030382156372e-05,6.914883852005005e-05,6.891787052154541e-08,7.405877113342285e-06,-0.00037309248000383377,-1.0058283805847168e-06,-1.0611724853515625,1.1297607421875,-0.9100866317749023,1.2629890441894531,89129.77734375,89585.90234375,1.2446194887161255e-05,0.001457303762435913,2.2813720703125,2.2818603515625,1.351806640625,1.3521728515625
118,20200129,36.098799692342965,0.5255144412099201,1580256000000,291.81069310506183,295.0515988667806,296.3778832753499,296.95072110493976,296.78622182210285,297.4121036529541,297.1188856760661,296.74167887369794,-1.1303657783035935e-18,273.1500244140625,1.999999999999993,296.7416585286458,0.6500014662742615,296.7416687011719,0.8800005316734314,0,99.99998474121094,-7.3453647229951e-24,-7.345364920210326e-25,0,0,273.1600964864095,0.00024599085251490277,0.27689870198567706,0.19612503051757812,0.1632061004638672,0.2769247690836589,0.14123227959498763,-7727526,16516266,-5012374,-3532908,19234860,32678971,-0.0009503741748631,-0.0009362385608255863,-0.0011219000443816185,-8.150842040777206e-05,-0.005306810140609741,0.001747414469718933,2.3283064365386963e-10,0.0015954524278640747,0.0001519620418548584,-0.003090021200478077,0.3530432383219401,-0.018522103627522785,89455.55029296875,0.02348289403198578,2.280787150065104,1.3513387044270833,290.87770080566406,292.9627990722656,291.6209411621094,300.1290740966797,290.3445129394531,306.2525177001953,293.09751892089844,302.692626953125,295.41748046875,298.12742614746094,297.38279724121094,297.49127197265625,297.1167907714844,297.1210021972656,296.033447265625,297.437255859375,-5.963112775850887e-18,-1.7110070704415695e-19,273.1492919921875,273.1510009765625,1.999999999999993,1.999999999999993,296.033447265625,297.436767578125,0.6500014662742615,0.6500014662742615,296.033447265625,297.436767578125,0.8800005316734314,0.8800005316734314,0,0,99.99998474121094,99.99998474121094,-7.3453647229951e-24,-7.3453647229951e-24,-7.345364920210326e-25,-7.345364920210326e-25,0,0,0,0,273.1597595214844,273.16075134277344,1.4930963516235304e-05,0.00031226873397827143,0.233428955078125,0.3299407958984375,0.177337646484375,0.2476654052734375,0.1629638671875,0.163543701171875,0.276580810546875,0.27728271484375,0.14118047431111336,0.14123453199863434,-1213938,-3500.0,0,2666558,-401932,-59957.625,-663612,87256,0,3105320,1304777.0,1406387.0,-0.00023061688989400864,0.0,-0.00022731488570570946,1.9138678908348083e-06,-0.0002405662089586258,1.1641532182693481e-10,-5.9604644775390625e-06,-1.9136350601911545e-06,-0.0008307509124279022,-1.4007091522216797e-06,6.695091724395752e-05,9.243190288543701e-05,0.0,2.3283064365386963e-10,6.5632164478302e-05,6.734579801559448e-05,1.1175870895385742e-08,2.619624137878418e-05,-0.00048542022705078125,-1.3997778296470642e-06,-0.6387786865234375,1.6552581787109375,-2.842437744140625,1.3675079345703125,89094.26171875,89629.31640625,2.2351741790771484e-06,0.0043167173862457275,2.28076171875,2.2813720703125,1.351318359375,1.351806640625
119,20200130,36.098799692342965,0.5255144412099201,1580342400000,291.7010663350423,295.75827662150067,296.779301961263,297.3836046854655,297.27181307474774,297.3455810546875,297.1241938273112,296.9942220052083,-1.3285010742114562e-18,273.1499938964844,1.999999999999993,296.9940999348958,0.6500014662742615,296.9941101074219,0.8800005316734314,0,99.99998474121094,-7.3453647229951e-24,-7.345364920210326e-25,0,0,273.1599858601888,0.00021427745620409644,0.3062082926432292,0.27316538492838544,0.16559282938639322,0.2762006123860677,0.14128633371243873,-9330026,18574816,-6148756,-3034956,21633284,31785034,-0.001594532746821642,-0.0014287331141531467,-0.0006346283480525017,-7.292255759239197e-05,-0.005958594381809235,0.001694992184638977,0.0,0.0015529915690422058,0.00014197826385498047,-0.003730817697942257,-0.09128022193908691,0.4660129149754842,89440.49365234375,0.017292952536706707,2.2804107666015625,1.3509674072265625,290.7053680419922,292.7222595214844,291.36732482910156,301.11415100097656,290.2830352783203,308.01849365234375,293.2308807373047,303.8949737548828,295.77178955078125,298.7967834472656,297.3060302734375,297.38592529296875,297.12120056152344,297.12705993652344,296.128662109375,297.804931640625,-4.6078600602440064e-18,-9.656180768577852e-20,273.1494140625,273.15069580078125,1.999999999999993,1.999999999999993,296.128173828125,297.804931640625,0.6500014662742615,0.6500014662742615,296.128173828125,297.804931640625,0.8800005316734314,0.8800005316734314,0,0,99.99998474121094,99.99998474121094,-7.3453647229951e-24,-7.3453647229951e-24,-7.345364920210326e-25,-7.345364920210326e-25,0,0,0,0,273.15911865234375,273.16075134277344,1.8179416656493738e-06,0.00031220912933349604,0.2655792236328125,0.334869384765625,0.2537078857421875,0.2894134521484375,0.163299560546875,0.168609619140625,0.2758636474609375,0.2765655517578125,0.14123453199863434,0.14128858596086502,-1400622,-181.5,0,2860152,-454150,-100421.75,-593942,145064,0,3330796,1227866.5,1372994.0,-0.0002997657284140587,0.0,-0.0002583572641015053,3.5284319892525673e-06,-0.0001756572164595127,3.3602118492126465e-06,-4.155794158577919e-06,-1.1874362826347351e-07,-0.0008990168571472168,-7.078051567077637e-08,6.473809480667114e-05,8.73953104019165e-05,0.0,0.0,6.387382745742798e-05,6.556510925292969e-05,2.9802322387695312e-08,2.2955238819122314e-05,-0.000560068991035223,-7.264316082000732e-08,-1.1926727294921875,1.108917236328125,-1.949911117553711,1.7613372802734375,89050.66796875,89681.66796875,5.781650543212891e-06,0.003100648522377014,2.2803955078125,2.28076171875,1.3509521484375,1.351318359375
120,20200101,36.01795131677221,0.6063628167806769,1577836800000,289.2287534077962,296.24475797017413,297.2812379201253,297.5347779591878,297.5633627573649,297.58146476745605,297.73377799987793,297.3082682291667,-3.070777536361485e-18,273.14984130859375,1.8363850911458262,297.6114501953125,0.6503896117210388,297.53179931640625,0.8800005316734314,0,99.99998474121094,-7.3453647229951e-24,-7.345364920210326e-25,0,0,273.1599547068278,1.4659017324447605e-05,0.13016510009765625,0.18915494283040366,0.22145652770996094,0.29747962951660156,0.11421601194888353,-9601232,20483676,-8376746,-2739744,23125572,29707282,-0.0014937715604901314,-0.0015520807355642319,-6.398651748895645e-05,-0.0007294248789548874,-0.00628352165222168,0.0035948753356933594,2.3283064365386963e-10,0.0035938844084739685,9.834766387939453e-07,-0.0038392646238207817,-0.426866094271342,0.7763156890869141,89956.12679036458,0.00020082294935264144,2.4522806803385415,1.6372222900390625,287.6574249267578,290.99908447265625,289.8944091796875,302.2105255126953,288.82823181152344,307.7311706542969,290.92376708984375,305.6784973144531,295.7708740234375,299.1824951171875,297.5377655029297,297.62274169921875,297.7315673828125,297.73585510253906,296.566650390625,297.879150390625,-5.800482449978061e-18,-7.86046626750779e-19,273.14825439453125,273.15069580078125,1.565429687499993,1.999999999999993,296.566650390625,298.671142578125,0.649681031703949,0.6516112685203552,296.566650390625,298.422119140625,0.8800005316734314,0.8800005316734314,0,0,99.99998474121094,99.99998474121094,-7.3453647229951e-24,-7.3453647229951e-24,-7.345364920210326e-25,-7.345364920210326e-25,0,0,0,0,273.1592102050781,273.1605987548828,6.854534149169605e-07,5.090236663818355e-05,0.1215057373046875,0.140533447265625,0.1871795654296875,0.1913299560546875,0.2195892333984375,0.22344970703125,0.2970733642578125,0.2978973388671875,0.11410344764590263,0.11422090604901314,-1050012,-74236.0,0,2601314,-501746,-248184.0,-445064,95980,0,2936598,1137631.1875,1331343.0,-0.0001998739317059517,0.0,-0.0002031899057328701,0.0,-2.484791912138462e-05,6.793183274567127e-06,-4.6984641812741756e-05,-1.6060657799243927e-06,-0.0007292702794075012,-3.038346767425537e-05,0.0001474916934967041,0.00015203654766082764,-2.3283064365386963e-10,2.3283064365386963e-10,0.0001474916934967041,0.0001520290970802307,-7.450580596923828e-09,3.725290298461914e-07,-0.00041987095028162,-2.9684975743293762e-05,-1.3706798553466797,1.5153350830078125,-1.046173095703125,1.880615234375,89678.9921875,90199.78125,0.0,7.589906454086304e-05,2.4522705078125,2.4525146484375,1.63720703125,1.6375732421875
121,20200102,36.01795131677221,0.6063628167806769,1577923200000,289.7299607594808,296.48389371236163,297.2237669626872,297.43516540527344,297.432658513387,297.5756251017253,297.7295964558919,296.9122721354167,-2.0849017029046996e-18,273.1500549316406,1.7400716145833262,297.5004475911458,0.6506884098052979,297.38958740234375,0.8800005316734314,0,99.99998474121094,-7.3453647229951e-24,-7.345364920210326e-25,0,0,273.1600456237793,2.250572045644121e-05,0.11957168579101562,0.18507003784179688,0.21761576334635416,0.2966225941975911,0.11433347035199404,-8084924,18232948,-7515786,-2586248,20587936,30525793,-0.0012566642835736275,-0.0012152637355029583,-0.00012720003724098206,-0.0006338078528642654,-0.005556158721446991,0.003485366702079773,0.0,0.0034826546907424927,2.682209014892578e-06,-0.003232935443520546,-0.5663224856058756,0.634924570719401,90022.76302083333,0.0005714565514267633,2.452153523763021,1.6367390950520833,288.16749572753906,291.5905303955078,289.3926086425781,302.06272888183594,288.5871124267578,307.9183807373047,290.56407165527344,305.61036682128906,295.64923095703125,298.9478302001953,297.53453063964844,297.6153259277344,297.7274627685547,297.7323760986328,296.451416015625,297.317138671875,-5.0957510378624834e-18,-1.3044312557595054e-19,273.1490783691406,273.151123046875,1.087890624999993,1.999999999999993,296.451416015625,298.440673828125,0.6492614150047302,0.6530150771141052,296.451416015625,298.158447265625,0.8800005316734314,0.8800005316734314,0,0,99.99998474121094,99.99998474121094,-7.3453647229951e-24,-7.3453647229951e-24,-7.345364920210326e-25,-7.345364920210326e-25,0,0,0,0,273.15911865234375,273.1606750488281,3.3974647521972178e-06,5.1617622375488254e-05,0.1148223876953125,0.1250152587890625,0.1833038330078125,0.187103271484375,0.2158966064453125,0.219451904296875,0.2962188720703125,0.2970428466796875,0.11422090604901314,0.11433836445212364,-923694,-65244.0,0,2437266,-447304,-223955.0,-435198,70796,0,2751968,1157250.5625,1377831.0,-0.00018307892605662346,0.0,-0.00016785599291324615,0.0,-3.886362537741661e-05,5.638576112687588e-06,-4.71235834993422e-05,-6.938353180885315e-07,-0.0006665885448455811,-2.5793910026550293e-05,0.00014296174049377441,0.00014732778072357178,0.0,0.0,0.00014293193817138672,0.00014732033014297485,0.0,8.791685104370117e-07,-0.00036936020478606224,-2.60891392827034e-05,-1.3413000106811523,0.4753074645996094,-1.68963623046875,1.5539398193359375,89761.7578125,90212.7890625,0.0,0.00018770992755889893,2.4521484375,2.4522705078125,1.63671875,1.63720703125
122,20200103,36.01795131677221,0.6063628167806769,1578009600000,290.31881523132324,297.3487033843994,297.972604115804,298.0623861948649,297.7071056365967,297.580758412679,297.7258179982503,296.91713460286456,-2.0599140241655446e-18,273.15008544921875,1.6394449869791596,297.7410481770833,0.6502818465232849,297.5588684082031,0.8800005316734314,0,99.99998474121094,-7.3453647229951e-24,-7.345364920210326e-25,0,0,273.1599038441976,1.9725412130355804e-05,0.11111513773600261,0.1811803181966146,0.2139759063720703,0.29575347900390625,0.11446554819121957,-8056740,18576144,-7094938,-2859224,20978592,31341273,-0.0013497094623744488,-0.0012230975553393364,-6.908085197210312e-05,-0.00057977344840765,-0.0056528449058532715,0.0033749043941497803,4.656612873077393e-10,0.0033739209175109863,9.834766387939453e-07,-0.0032216645777225494,-0.345962921778361,0.6109091440836588,90100.4580078125,0.00022006630888427026,2.4519144694010415,1.6363677978515625,289.2591247558594,291.7041015625,290.8170623779297,302.82098388671875,289.87928771972656,309.16737365722656,291.5975799560547,306.936767578125,295.922607421875,299.29042053222656,297.5338134765625,297.6343231201172,297.7234344482422,297.7290344238281,296.609619140625,297.385986328125,-5.746272341353786e-18,-1.8465323420022576e-19,273.1492614746094,273.1513977050781,0.8525390624999929,1.999999999999993,296.609619140625,298.837158203125,0.6486586928367615,0.6524047255516052,296.609619140625,298.368408203125,0.8800005316734314,0.8800005316734314,0,0,99.99998474121094,99.99998474121094,-7.3453647229951e-24,-7.3453647229951e-24,-7.345364920210326e-25,-7.345364920210326e-25,0,0,0,0,273.1585235595703,273.16123962402344,5.364418029785103e-07,4.774332046508784e-05,0.10498046875,0.11871337890625,0.179351806640625,0.1832427978515625,0.2122955322265625,0.2157745361328125,0.2953338623046875,0.2961883544921875,0.11433836445212364,0.11447107791900635,-971546,-57608.0,0,2645062,-491670,-160112.0,-472492,74536,0,2987190,1214796.0,1394020.0,-0.00020636199042201042,0.0,-0.00018126517534255981,0.0,-2.9373448342084885e-05,4.21423465013504e-06,-4.146364517509937e-05,-6.542541086673737e-07,-0.0007110722362995148,-2.2999942302703857e-05,0.00013843178749084473,0.00014275312423706055,-1.4551915228366852e-11,4.656612873077393e-10,0.0001384243369102478,0.0001427680253982544,-1.4901161193847656e-08,2.60770320892334e-07,-0.00038849422708153725,-2.3035332560539246e-05,-1.4122314453125,0.76495361328125,-1.60650634765625,1.7802886962890625,89781.94921875,90386.9921875,-1.4901161193847656e-08,5.766749382019043e-05,2.451904296875,2.4521484375,1.6363525390625,1.63671875
123,20200104,36.01795131677221,0.6063628167806769,1578096000000,289.4077256520589,297.7909412384033,298.6868184407552,298.79593149820965,298.21554374694824,297.6432520548503,297.7230866750081,297.9410807291667,-1.0895671625409468e-18,273.14996337890625,1.9886067708333262,297.970947265625,0.6501623392105103,297.9684143066406,0.8800005316734314,0,99.99998474121094,-7.3453647229951e-24,-7.345364920210326e-25,0,0,273.15985679626465,1.0744978984196954e-05,0.1000518798828125,0.17701085408528647,0.21040471394856772,0.2948595682779948,0.11458364222198725,-8900888,21220532,-8091052,-3448448,23966516,30710700,-0.0015607550740242004,-0.0013135415501892567,-4.9347057938575745e-05,-0.000635574571788311,-0.006801426410675049,0.0032663941383361816,6.984919309616089e-10,0.0032657310366630554,6.556510925292969e-07,-0.003559216856956482,-0.819448192914327,0.31417572498321533,89973.76220703125,0.0001487141535108094,2.4516703287760415,1.6360015869140625,286.5155944824219,291.3125,290.98377990722656,304.0953369140625,290.14247131347656,310.8331756591797,291.73760986328125,308.4048156738281,296.3123474121094,299.8855438232422,297.5890808105469,297.7285614013672,297.72186279296875,297.7241973876953,296.927978515625,298.847900390625,-2.9273466928914745e-18,-1.4230158683751074e-19,273.14947509765625,273.150634765625,1.859374999999993,1.999999999999993,296.927978515625,298.847900390625,0.6500014662742615,0.651451051235199,296.927978515625,298.847900390625,0.8800005316734314,0.8800005316734314,0,0,99.99998474121094,99.99998474121094,-7.3453647229951e-24,-7.3453647229951e-24,-7.345364920210326e-25,-7.345364920210326e-25,0,0,0,0,273.158203125,273.1613464355469,2.980232238766452e-08,3.665685653686519e-05,0.093109130859375,0.1084747314453125,0.175018310546875,0.1792755126953125,0.2087554931640625,0.212188720703125,0.2944183349609375,0.2953033447265625,0.11447107791900635,0.11458853632211685,-1118962,-61988.0,0,2999826,-526854,-197986.125,-625956,84776,0,3387952,1199798.0,1374132.0,-0.00023360783234238625,0.0,-0.0001950133591890335,0.0,-2.3043714463710785e-05,4.456029273569584e-06,-4.120706580579281e-05,-1.7634592950344086e-06,-0.0008990168571472168,-2.4788081645965576e-05,0.00013393163681030273,0.00013825297355651855,0.0,4.656612873077393e-10,0.0001339241862297058,0.00013825297355651855,0.0,4.0978193283081055e-07,-0.00044744089245796204,-2.4788081645965576e-05,-1.40087890625,0.289886474609375,-1.6923751831054688,1.8038787841796875,89687.453125,90225.00390625,-1.2548298400361091e-08,9.463727474212646e-05,2.45166015625,2.451904296875,1.635986328125,1.6363525390625
124,20200105,36.01795131677221,0.6063628167806769,1578182400000,288.0205663045247,297.7953103383382,298.92229080200195,298.99817339579266,298.45828374226886,297.7478898366292,297.7223873138428,297.38177490234375,-1.0718500911934032e-18,273.1499938964844,1.7301839192708262,298.2279866536458,0.6499900221824646,298.0928649902344,0.8800005316734314,0,99.99998474121094,-7.3453647229951e-24,-7.345364920210326e-25,0,0,273.1601206461589,6.30567471186317e-06,0.08925628662109375,0.17272186279296875,0.20694986979166666,0.29394785563151044,0.11470110062509775,-8536364,20122674,-8070530,-3303072,22729852,30839289,-0.0015217345207929611,-0.001083234790712595,-1.300964504480362e-05,-0.0007954742759466171,-0.006885610520839691,0.003159269690513611,-2.3283064365386963e-10,0.0031591281294822693,1.341104507446289e-07,-0.0034134555608034134,-0.5289718310038248,0.5130443572998047,89868.61686197917,3.086860982648432e-05,2.451543172200521,1.6356353759765625,285.42132568359375,290.58030700683594,290.55406188964844,304.3551788330078,289.8374481201172,311.72215270996094,291.4956512451172,309.2182159423828,296.62501525878906,300.0785827636719,297.69403076171875,297.8360595703125,297.72119140625,297.7239074707031,297.191162109375,297.883544921875,-3.0086618558278874e-18,-8.470334642421832e-20,273.149169921875,273.15087890625,1.363281249999993,1.999999999999993,297.190673828125,299.350830078125,0.6487197279930115,0.651634156703949,297.190673828125,298.922119140625,0.8800005316734314,0.8800005316734314,0,0,99.99998474121094,99.99998474121094,-7.3453647229951e-24,-7.3453647229951e-24,-7.345364920210326e-25,-7.345364920210326e-25,0,0,0,0,273.1594696044922,273.1608123779297,-4.5970178032896647e-20,2.503395080566404e-05,0.08349609375,0.0964202880859375,0.1707763671875,0.1749420166015625,0.20538330078125,0.208648681640625,0.29351806640625,0.294403076171875,0.11458853632211685,0.11470599472522736,-1053655,-85136.0,0,3089186,-558632,-158129.0,-625736,75444,0,3489584,1197377.1875,1365872.0,-0.0002447967417538166,0.0,-0.0001747775822877884,0.0,-1.6232719644904137e-05,4.321045707911253e-06,-6.017275154590607e-05,-8.181668817996979e-07,-0.0008913613855838776,-3.4049153327941895e-05,0.00012955069541931152,0.00013375282287597656,-2.3283064365386963e-10,2.3283064365386963e-10,0.00012953579425811768,0.00013376027345657349,0.0,6.705522537231445e-08,-0.00042132753878831863,-3.404542803764343e-05,-1.3623170852661133,1.2202568054199219,-1.540130615234375,2.0167236328125,89527.2890625,90171.54296875,0.0,1.3932585716247559e-05,2.4515380859375,2.45166015625,1.6356201171875,1.635986328125
125,20200106,36.01795131677221,0.6063628167806769,1578268800000,288.4205029805501,298.26626777648926,299.7969601949056,299.8852647145589,298.87977536519367,297.87149747212726,297.7246316274007,297.187744140625,-1.6366094121727845e-18,273.14996337890625,1.815551757812493,298.0146077473958,0.6505835056304932,297.9332580566406,0.8800005316734314,0,99.99998474121094,-7.3453647229951e-24,-7.345364920210326e-25,0,0,273.1601098378499,3.436456123987831e-05,0.08486366271972656,0.16863377888997397,0.20366287231445312,0.2930310567220052,0.11481855902820826,-7966836,20453594,-8003214,-3867932,23107684,31368303,-0.0014379979111254215,-0.000807726290076971,-0.0001248316839337349,-0.0008151615038514137,-0.00716710090637207,0.0030595213174819946,4.656612873077393e-10,0.0030554980039596558,4.038214683532715e-06,-0.0031857145950198174,-0.6168810129165649,-0.026038487752278645,89881.2001953125,0.0008993923663069836,2.4513041178385415,1.6351521809895833,286.9404754638672,290.42295837402344,290.6349182128906,304.64292907714844,289.76806640625,311.92645263671875,291.4540252685547,309.7531433105469,296.88629150390625,300.5070343017578,297.811279296875,297.98265075683594,297.72288513183594,297.7268981933594,296.950927734375,297.825927734375,-2.9273466928914745e-18,-1.5754817988808815e-19,273.1492919921875,273.1507568359375,1.611328124999993,1.999999999999993,296.951416015625,298.972900390625,0.6495208144187927,0.653221070766449,296.951416015625,298.734619140625,0.8800005316734314,0.8800005316734314,0,0,99.99998474121094,99.99998474121094,-7.3453647229951e-24,-7.3453647229951e-24,-7.345364920210326e-25,-7.345364920210326e-25,0,0,0,0,273.1591339111328,273.1609344482422,1.1920928955077848e-06,0.0001027286052703857,0.08148193359375,0.087799072265625,0.1669769287109375,0.1707000732421875,0.202178955078125,0.2052764892578125,0.2926025390625,0.2934722900390625,0.11470599472522736,0.11482345312833786,-918239,-82972.0,0,2988010,-560661,-200384.0,-687700,79130,0,3375520,1203550.5,1414842.0,-0.00022538378834724426,0.0,-0.00013315677642822266,-1.1641532182693481e-10,-3.7915538996458054e-05,2.8454232960939407e-06,-5.769357085227966e-05,-7.539056241512299e-07,-0.0008666664361953735,-3.641098737716675e-05,0.0001252889633178711,0.0001293867826461792,-2.3283064365386963e-10,4.656612873077393e-10,0.0001252889633178711,0.0001293867826461792,0.0,1.043081283569336e-06,-0.0003671781159937382,-3.317743539810181e-05,-1.1531190872192383,0.2704315185546875,-2.6296539306640625,1.905731201171875,89567.60546875,90138.640625,0.0,0.00022877007722854614,2.4512939453125,2.4515380859375,1.6351318359375,1.6356201171875
126,20200107,36.01795131677221,0.6063628167806769,1578355200000,289.84668731689453,298.15026664733887,299.30661074320477,299.67684237162274,299.1633523305257,298.035057703654,297.729918162028,297.2084147135417,-6.371101208224039e-19,273.14996337890625,1.7726643880208262,297.9630940755208,0.6499162912368774,297.8622741699219,0.8800005316734314,0,99.99998474121094,-7.3453647229951e-24,-7.345364920210326e-25,0,0,273.160005569458,7.873401045799254e-05,0.09381103515625,0.16530736287434897,0.20061365763346353,0.29212315877278644,0.11493601743131876,-7223228,18208422,-7148048,-3539624,20574100,32004523,-0.0012470991350710392,-0.0006939158774912357,-0.00025488249957561493,-0.0006924690678715706,-0.006139196455478668,0.0029654502868652344,0.0,0.0029562190175056458,9.2238187789917e-06,-0.002888367511332035,-0.5816903114318848,0.10778999328613281,89917.82340494792,0.001949697732925415,2.451176961263021,1.6347808837890625,288.0536651611328,292.4344940185547,291.8302764892578,303.82843017578125,290.8640594482422,311.0516357421875,292.6368713378906,309.0897521972656,297.6221923828125,300.5431823730469,297.9811096191406,298.1344299316406,297.72662353515625,297.7339630126953,296.913818359375,297.704833984375,-2.818926475642924e-18,-1.0842026894733873e-19,273.1492919921875,273.1507568359375,1.315429687499993,1.999999999999993,296.913330078125,298.983642578125,0.6484984755516052,0.6514129042625427,296.913818359375,298.637939453125,0.8800005316734314,0.8800005316734314,0,0,99.99998474121094,99.99998474121094,-7.3453647229951e-24,-7.3453647229951e-24,-7.345364920210326e-25,-7.345364920210326e-25,0,0,0,0,273.15916442871094,273.16078186035156,6.169080734252882e-06,0.0001725256443023681,0.084625244140625,0.1048736572265625,0.1640625,0.16693115234375,0.1992645263671875,0.20208740234375,0.2917022705078125,0.2925567626953125,0.11482345312833786,0.11494091153144836,-808046,-48724.0,0,2617562,-490402,-179053.0,-651680,86652,0,2957810,1233749.5,1437747.0,-0.00019307062029838562,-8.847564458847046e-09,-0.00010694749653339386,-9.96515154838562e-08,-5.390681326389313e-05,2.989545464515686e-07,-5.593005334958434e-05,-7.431954145431519e-07,-0.0007827654480934143,-1.9490718841552734e-05,0.00012126564979553223,0.00012977421283721924,-2.3283064365386963e-10,2.3283064365386963e-10,0.00012125074863433838,0.00012513995170593262,0.0,7.338821887969971e-06,-0.00032311584800481796,-1.948326826095581e-05,-1.8345794677734375,0.1908721923828125,-1.479736328125,1.89385986328125,89599.3828125,90163.9140625,0.0,0.0014953911304473877,2.451171875,2.4512939453125,1.634765625,1.6351318359375
127,20200108,36.01795131677221,0.6063628167806769,1578441600000,290.91243743896484,298.2645854949951,298.7324110666911,299.05093638102215,298.9952449798584,298.16534932454425,297.7389036814372,298.1548665364583,-1.7849107984870838e-18,273.1500549316406,1.9952799479166596,298.1845703125,0.6501216292381287,298.1835021972656,0.8800005316734314,0,99.99998474121094,-7.3453647229951e-24,-7.345364920210326e-25,0,0,273.15999539693195,5.2598615487416574e-05,0.10175387064615886,0.16284688313802084,0.1978308359781901,0.2912362416585286,0.11506809884061416,-7164668,16245852,-6393190,-2535840,18358360,32468196,-0.0010872031562030315,-0.0009784442372620106,-0.00022531487047672272,-0.000573987141251564,-0.005410097539424896,0.0028644204139709473,0.0,0.0028619468212127686,2.4884939193725586e-06,-0.0028649503365159035,-0.6815414428710938,-0.022754669189453125,89949.08447265625,0.0006107240915298462,2.4509379069010415,1.6344146728515625,288.7400360107422,292.2155456542969,293.803466796875,302.87010192871094,292.01519775390625,308.0863037109375,293.8416442871094,306.5069885253906,297.7765808105469,300.1751403808594,298.1267852783203,298.2324676513672,297.73455810546875,297.743896484375,297.440185546875,298.873291015625,-2.9273466928914745e-18,-1.8126510241120856e-19,273.1492919921875,273.15069580078125,1.932617187499993,1.999999999999993,297.440673828125,298.873291015625,0.6500014662742615,0.6511229872703552,297.440673828125,298.872802734375,0.8800005316734314,0.8800005316734314,0,0,99.99998474121094,99.99998474121094,-7.3453647229951e-24,-7.3453647229951e-24,-7.345364920210326e-25,-7.345364920210326e-25,0,0,0,0,273.1592712402344,273.1609191894531,7.212162017822221e-06,0.00012007355690002436,0.097381591796875,0.10601806640625,0.1617889404296875,0.1640472412109375,0.1965789794921875,0.1991729736328125,0.2908172607421875,0.2916717529296875,0.11494091153144836,0.11507362872362137,-802686,-51566.0,0,2134918,-441383,-123432.875,-412310,85688,0,2412450,1249684.0,1408406.0,-0.00016321102157235146,0.0,-0.0001392359845340252,0.0,-7.038656622171402e-05,2.491287887096405e-06,-3.159884363412857e-05,-1.0760501027107239e-05,-0.0006637237966060638,-2.094358205795288e-05,0.00011740624904632568,0.0001211017370223999,-2.3283064365386963e-10,2.3283064365386963e-10,0.00011741369962692261,0.00012110918760299683,0.0,4.3958425521850586e-07,-0.0003209710121154785,-2.062041312456131e-05,-1.34930419921875,0.44476318359375,-1.391845703125,1.324951171875,89651.30859375,90163.7734375,0.0,0.00011043250560760498,2.450927734375,2.451171875,1.6343994140625,1.634765625
128,20200109,36.01795131677221,0.6063628167806769,1578528000000,289.24908447265625,297.49647013346356,298.63556989034015,298.84664980570477,298.66406122843426,298.2202777862549,297.7499643961589,297.951171875,-1.6363975505383944e-18,273.1500244140625,1.889648437499993,298.2352294921875,0.6501820087432861,298.1873779296875,0.8800005316734314,0,99.99998474121094,-7.3453647229951e-24,-7.345364920210326e-25,0,0,273.1600259145101,2.237906058629352e-05,0.09366607666015625,0.16033109029134116,0.1951421101888021,0.29033851623535156,0.11518619302660227,-8179084,18885722,-7589308,-3308952,21346164,31191450,-0.0013063871301710606,-0.0010516569018363953,-0.00011058803647756577,-0.0008019553497433662,-0.006483212113380432,0.0027712881565093994,0.0,0.0027701258659362793,1.1473894119262695e-06,-0.003270586021244526,-0.7387440999348959,0.4754492441813151,89884.59814453125,0.00028693079948283184,2.450810750325521,1.6340484619140625,286.9160919189453,291.2412109375,290.6766815185547,303.2762451171875,289.825439453125,309.83351135253906,291.66358947753906,307.73704528808594,297.0141296386719,300.1194305419922,298.1800842285156,298.26979064941406,297.7446746826172,297.75596618652344,297.326416015625,298.393310546875,-3.0086618558278874e-18,-1.1180840073635593e-19,273.14923095703125,273.1507568359375,1.619140624999993,1.999999999999993,297.326416015625,299.073486328125,0.6495208144187927,0.6512908339500427,297.326416015625,298.957275390625,0.8800005316734314,0.8800005316734314,0,0,99.99998474121094,99.99998474121094,-7.3453647229951e-24,-7.3453647229951e-24,-7.345364920210326e-25,-7.345364920210326e-25,0,0,0,0,273.15936279296875,273.160888671875,2.6226043701171735e-06,7.006525993347165e-05,0.088348388671875,0.0998687744140625,0.159088134765625,0.161773681640625,0.1938934326171875,0.196502685546875,0.2899169921875,0.2907867431640625,0.11507362872362137,0.11519108712673187,-859765,-33052.0,0,2556174,-463383,-183684.0,-535952,100076,-2,2889314,1186645.8125,1407582.0,-0.00018698489293456078,0.0,-0.00014709727838635445,0.0,-3.900565207004547e-05,6.0265883803367615e-06,-5.529634654521942e-05,-9.834766387939453e-07,-0.0007266215980052948,-1.3329088687896729e-05,0.00011360645294189453,0.00011727213859558105,-2.3283064365386963e-10,2.3283064365386963e-10,0.00011360645294189453,0.00011726468801498413,-7.450580596923828e-09,2.905726432800293e-07,-0.0003437972627580166,-1.3216398656368256e-05,-1.2845306396484375,0.1019287109375,-2.1237030029296875,1.9913787841796875,89551.4375,90216.5390625,0.0,7.389485836029053e-05,2.4508056640625,2.450927734375,1.634033203125,1.6343994140625
129,20200110,36.01795131677221,0.6063628167806769,1578614400000,287.9071222941081,298.39244588216144,299.68303235371906,299.7960376739502,298.96228408813477,298.2653802235921,297.76156679789227,297.2784423828125,-2.7265998843922053e-18,273.150146484375,1.735717773437493,298.1295166015625,0.6508346796035767,297.9939270019531,0.8800005316734314,0,99.99998474121094,-7.3453647229951e-24,-7.345364920210326e-25,0,0,273.1601142883301,7.407118876775064e-06,0.08283360799153645,0.15735435485839844,0.19244956970214844,0.2894204457600911,0.11531827443589766,-8584224,21698116,-8752718,-3955272,24526184,30545113,-0.0015343469567596912,-0.0009993622079491615,-2.3086555302143097e-05,-0.0008757943287491798,-0.007638722658157349,0.002679571509361267,0.0,0.0026791617274284363,4.172325134277344e-07,-0.003432590514421463,-0.5107701619466146,-0.41623814900716144,89873.96044921875,9.678304195404053e-05,2.4505716959635415,1.6336822509765625,286.2624816894531,290.50498962402344,289.8953552246094,305.0032958984375,289.12730407714844,312.2750549316406,291.006103515625,310.0148010253906,296.9524688720703,300.6157531738281,298.2161560058594,298.34022521972656,297.7566833496094,297.7666473388672,297.068603515625,297.799560546875,-5.8546925586023365e-18,-5.556536650976093e-19,273.1492614746094,273.1512451171875,1.322265624999993,1.999999999999993,297.068603515625,299.320556640625,0.6495208144187927,0.6535415053367615,297.068603515625,298.845947265625,0.8800005316734314,0.8800005316734314,0,0,99.99998474121094,99.99998474121094,-7.3453647229951e-24,-7.3453647229951e-24,-7.345364920210326e-25,-7.345364920210326e-25,0,0,0,0,273.1591491699219,273.16065979003906,7.45058059692359e-07,2.5421380996704054e-05,0.0770721435546875,0.0898895263671875,0.1558837890625,0.1590576171875,0.191192626953125,0.193817138671875,0.2889862060546875,0.2898712158203125,0.11519108712673187,0.11532380431890488,-972030,-61980.0,0,2992700,-580967,-236704.0,-744124,87880,-2,3382740,1162377.875,1352726.0,-0.00022247573360800743,0.0,-0.00014554057270288467,0.0,-1.8982216715812683e-05,5.353940650820732e-06,-6.175506860017776e-05,-1.0691583156585693e-06,-0.0009351633489131927,-2.530217170715332e-05,0.00010989606380462646,0.0001134723424911499,0.0,0.0,0.00010982900857925415,0.00011346489191055298,-7.450580596923828e-09,6.705522537231445e-08,-0.0003886884078383446,-2.4784356355667114e-05,-1.1779632568359375,0.4036102294921875,-3.1259918212890625,1.654815673828125,89521.89453125,90165.48828125,0.0,1.6227364540100098e-05,2.4505615234375,2.4508056640625,1.6336669921875,1.634033203125
130,20200111,36.01795131677221,0.6063628167806769,1578700800000,289.03075981140137,298.2479674021403,300.19732157389325,300.39704577128094,299.46238644917804,298.37003898620605,297.77480697631836,297.5487467447917,-1.2013755115785144e-18,273.14996337890625,1.844970703124993,298.0045166015625,0.6503826379776001,297.9403076171875,0.8800005316734314,0,99.99998474121094,-7.3453647229951e-24,-7.345364920210326e-25,0,0,273.1600863138835,2.5779008865356415e-05,0.07555961608886719,0.1542364756266276,0.18984095255533853,0.2884960174560547,0.11543636862188578,-7553280,20353010,-7953268,-4259036,23010164,31617264,-0.0014450098387897015,-0.0007119146175682545,-5.463697016239166e-05,-0.0008087856695055962,-0.007169313728809357,0.002592533826828003,0.0,0.0025905072689056396,2.0116567611694336e-06,-0.0030203480273485184,-0.8072999318440756,0.3377501169840495,89904.49544270833,0.0005162358283996582,2.450444539388021,1.6333160400390625,287.5569152832031,290.8562316894531,291.69642639160156,304.7382507324219,290.89756774902344,312.851318359375,292.45030212402344,310.7935485839844,297.7052764892578,300.99546813964844,298.31849670410156,298.46429443359375,297.76731872558594,297.7820129394531,296.988525390625,298.096923828125,-4.8789106033653825e-18,-2.744387266091816e-19,273.14910888671875,273.1504821777344,0.9472656249999929,1.999999999999993,296.988525390625,298.866455078125,0.6492003798484802,0.6517714858055115,296.988525390625,298.760009765625,0.8800005316734314,0.8800005316734314,0,0,99.99998474121094,99.99998474121094,-7.3453647229951e-24,-7.3453647229951e-24,-7.345364920210326e-25,-7.345364920210326e-25,0,0,0,0,273.15924072265625,273.1608581542969,1.788139343261679e-06,8.37147235870361e-05,0.071044921875,0.0793609619140625,0.152862548828125,0.1558685302734375,0.18865966796875,0.1911163330078125,0.288055419921875,0.2889404296875,0.11532380431890488,0.11544126272201538,-825892,-47156.0,0,2894382,-597330,-171167.0,-754392,55660,-4,3272428,1249380.125,1381183.0,-0.0002174680121243,-5.471520125865936e-08,-0.00010538240894675255,-4.654284566640854e-07,-1.7481856048107147e-05,9.955838322639465e-07,-5.360972136259079e-05,-1.2088567018508911e-06,-0.0008579865097999573,-3.583729267120361e-05,0.00010627508163452148,0.00010973215103149414,-2.3283064365386963e-10,2.3283064365386963e-10,0.00010620057582855225,0.00010970234870910645,0.0,7.152557373046875e-07,-0.00033025164157152176,-1.8853694200515747e-05,-1.51544189453125,0.2902679443359375,-2.6878509521484375,2.0137481689453125,89509.21484375,90147.1171875,8.307397365570068e-07,0.0001856982707977295,2.450439453125,2.4505615234375,1.63330078125,1.6336669921875
131,20200112,36.01795131677221,0.6063628167806769,1578787200000,289.6720612843831,297.6020800272624,299.4114634195964,300.01792017618817,299.591734568278,298.5028444925944,297.7900759379069,297.87774658203125,-2.722011720329527e-18,273.1501159667969,1.999999999999993,297.8778483072917,0.6500014662742615,297.8777770996094,0.8800005316734314,0,99.99998474121094,-7.3453647229951e-24,-7.345364920210326e-25,0,0,273.16001955668133,0.00011258820692698159,0.08843104044596355,0.15150960286458334,0.18742942810058594,0.2875925699869792,0.11555382702499628,-7325460,18145418,-6897608,-4084752,20517124,32319828,-0.0012254728935658932,-0.0005895965732634068,-0.00023996643722057343,-0.0008742073550820351,-0.006772980093955994,0.0025295913219451904,6.984919309616089e-10,0.002506263554096222,2.3365020751953125e-05,-0.002929244190454483,-0.08926244576772054,0.08599722385406494,89990.04671223958,0.005061060190200806,2.4502054850260415,1.6329498291015625,287.3112030029297,291.94366455078125,293.130126953125,303.0195770263672,292.2984161376953,310.39215087890625,293.7764434814453,309.02149963378906,298.3016052246094,300.84117126464844,298.46165466308594,298.57945251464844,297.78265380859375,297.7986297607422,297.148681640625,298.648681640625,-5.204171255111034e-18,-1.6432444346612255e-19,273.1494140625,273.1509094238281,1.999999999999993,1.999999999999993,297.148681640625,298.648681640625,0.6500014662742615,0.6500014662742615,297.148681640625,298.648681640625,0.8800005316734314,0.8800005316734314,0,0,99.99998474121094,99.99998474121094,-7.3453647229951e-24,-7.3453647229951e-24,-7.345364920210326e-25,-7.345364920210326e-25,0,0,0,0,273.1592559814453,273.16065979003906,1.2814998626708516e-06,0.000302046537399292,0.070709228515625,0.1342315673828125,0.1504669189453125,0.15283203125,0.1863555908203125,0.1885986328125,0.28717041015625,0.28802490234375,0.11544126272201538,0.11555872112512589,-710470,-61256.0,0,2403104,-521173,-165047.25,-662664,97136,0,2717338,1278023.5,1446241.0,-0.00017458666115999222,-9.313225746154785e-10,-8.223205804824829e-05,6.752088665962219e-07,-5.6605786085128784e-05,1.471489667892456e-07,-6.943382322788239e-05,-5.330424755811691e-06,-0.0007686316967010498,-2.4624168872833252e-05,0.00010380148887634277,0.00011317431926727295,-2.3283064365386963e-10,4.656612873077393e-10,0.00010278820991516113,0.00010608881711959839,1.1175870895385742e-08,9.760260581970215e-06,-0.00028409622609615326,-2.4491921067237854e-05,-0.890838623046875,1.543243408203125,-3.5325164794921875,1.8889923095703125,89516.71484375,90263.171875,2.4810433387756348e-06,0.002067461609840393,2.4501953125,2.450439453125,1.6329345703125,1.63330078125
132,20200113,36.01795131677221,0.6063628167806769,1578873600000,290.1321506500244,296.173002243042,297.0542214711507,297.8794682820638,298.69091924031574,298.55760192871094,297.8076864878337,297.3673502604167,-1.436144879057549e-18,273.14996337890625,1.867797851562493,297.574951171875,0.6502020359039307,297.5325927734375,0.8800005316734314,0,99.99998474121094,-7.3453647229951e-24,-7.345364920210326e-25,0,0,273.1599540710449,0.00018008922537167868,0.15997950236002603,0.1513080596923828,0.18534151713053384,0.2867279052734375,0.11567128542810678,-8063644,14225090,-5490086,-1782276,16086656,32542808,-0.0008410639129579067,-0.0010996446944773197,-0.0005629472434520721,-0.0007207700982689857,-0.004975497722625732,0.0024514496326446533,2.3283064365386963e-10,0.0024282485246658325,2.3171305656433105e-05,-0.0032244250178337097,-0.20595423380533853,0.2848829428354899,90020.12939453125,0.004802188277153618,2.4499613444010415,1.6324666341145833,288.31353759765625,291.48687744140625,291.56809997558594,300.6959228515625,291.3462219238281,305.48512268066406,293.7088623046875,303.9414367675781,297.82891845703125,299.57176208496094,298.5392303466797,298.5803680419922,297.79920959472656,297.8155059814453,296.953369140625,297.691650390625,-4.065758974001254e-18,-7.623301695167532e-20,273.1493835449219,273.1504211425781,1.616210937499993,1.999999999999993,296.953369140625,298.264892578125,0.649650514125824,0.6513747572898865,296.953369140625,298.123779296875,0.8800005316734314,0.8800005316734314,0,0,99.99998474121094,99.99998474121094,-7.3453647229951e-24,-7.3453647229951e-24,-7.345364920210326e-25,-7.345364920210326e-25,0,0,0,0,273.1593017578125,273.1607208251953,6.616115570068349e-06,0.0003026127815246582,0.137664794921875,0.167724609375,0.15057373046875,0.152862548828125,0.1844482421875,0.1862945556640625,0.2863311767578125,0.287139892578125,0.11555872112512589,0.11567617952823639,-926522,-58814.0,0,2134724,-366949,-101182.0,-352484,68180,0,2413958,1258326.3125,1425639.0,-0.00015905918553471565,0.0,-0.0001905728131532669,1.3598473742604256e-06,-0.00017077196389436722,1.1641532182693481e-10,-4.2914412915706635e-05,-3.382563591003418e-06,-0.000628206878900528,-2.35140323638916e-05,0.0001001209020614624,0.00010512024164199829,0.0,2.3283064365386963e-10,9.970366954803467e-05,0.00010267645120620728,6.705522537231445e-08,2.9243528842926025e-06,-0.0003704903647303581,-2.3517757654190063e-05,-1.2670745849609375,0.6097259521484375,-1.6521549224853516,1.7958526611328125,89680.3515625,90271.6015625,1.4886260032653809e-05,0.0005487948656082153,2.449951171875,2.4501953125,1.6324462890625,1.6329345703125
133,20200114,36.01795131677221,0.6063628167806769,1578960000000,290.6168835957845,296.7185465494792,298.0354296366374,298.44066429138184,298.3677285512288,298.48978360493976,297.8239326477051,297.31349690755206,-1.0074753804069232e-18,273.14996337890625,1.908935546874993,297.59814453125,0.6503428816795349,297.5589599609375,0.8800005316734314,0,99.99998474121094,-7.3453647229951e-24,-7.345364920210326e-25,0,0,273.15992228190106,0.00011901309092839558,0.1557928721110026,0.15377044677734375,0.1833655039469401,0.2858715057373047,0.11578874383121729,-10230016,19920040,-6641122,-2878096,22530104,31888155,-0.0013071689754724503,-0.001690451055765152,-0.00034767575562000275,-0.0007454035803675652,-0.0065450891852378845,0.002358466386795044,0.0,0.002353668212890625,4.783272743225098e-06,-0.0040906984359025955,-0.2545483907063802,0.18287976582845053,89927.45686848958,0.0010762959718704224,2.4497172037760415,1.6320953369140625,289.1267547607422,291.1958312988281,291.2417755126953,302.84373474121094,290.7677307128906,308.780517578125,292.9888153076172,306.4033203125,296.87168884277344,299.810546875,298.4569091796875,298.5464782714844,297.8160095214844,297.8300476074219,296.681884765625,297.810302734375,-4.824700494741107e-18,-8.300928052970972e-20,273.14935302734375,273.150634765625,1.636718749999993,1.999999999999993,296.681884765625,298.510009765625,0.649681031703949,0.6516112685203552,296.681884765625,298.407958984375,0.8800005316734314,0.8800005316734314,0,0,99.99998474121094,99.99998474121094,-7.3453647229951e-24,-7.3453647229951e-24,-7.345364920210326e-25,-7.345364920210326e-25,0,0,0,0,273.15919494628906,273.1605987548828,1.4305114746093513e-06,0.00030252337455749506,0.1422271728515625,0.1713409423828125,0.153076171875,0.1544342041015625,0.1824188232421875,0.18438720703125,0.28546142578125,0.2863006591796875,0.11567617952823639,0.1157936379313469,-1235124,-68382.0,0,2928186,-453183,-151555.0,-536556,116200,-2,3311870,1237277.8125,1402422.0,-0.00021942611783742905,1.1641532182693481e-10,-0.0002646893262863159,2.8139911592006683e-06,-0.00013902410864830017,4.6100467443466187e-07,-6.019696593284607e-05,-9.462237358093262e-07,-0.0008294619619846344,-2.755969762802124e-05,9.655952453613281e-05,0.00010052323341369629,-2.3283064365386963e-10,2.3283064365386963e-10,9.656697511672974e-05,9.957700967788696e-05,0.0,9.387731552124023e-07,-0.0004938915371894836,-2.734363079071045e-05,-1.2081146240234375,0.56304931640625,-3.253753662109375,1.9440155029296875,89590.30859375,90192.30078125,0.0,0.00021007657051086426,2.44970703125,2.449951171875,1.632080078125,1.6324462890625
134,20200115,36.01795131677221,0.6063628167806769,1579046400000,289.2070509592692,297.457758585612,297.95584805806476,298.3122952779134,298.415584564209,298.4432544708252,297.83890469868976,297.5348307291667,-2.280213314394036e-18,273.14996337890625,1.919677734374993,297.7043050130208,0.6500415205955505,297.6763916015625,0.8800005316734314,0,99.99998474121094,-7.3453647229951e-24,-7.345364920210326e-25,0,0,273.16004435221356,3.962094585100808e-05,0.1328907012939453,0.1531963348388672,0.18137995402018228,0.28500111897786456,0.11592082524051268,-9398280,19361022,-7303302,-2567192,21899412,31140510,-0.0012963158078491688,-0.0015799831598997116,-0.0001998627558350563,-0.0006819451227784157,-0.006435796618461609,0.0022811293601989746,0.0,0.002279914915561676,1.1920928955078125e-06,-0.0037581082433462143,-0.43504969278971356,0.3146497805913289,89902.82421875,0.0003023624419142834,2.449590047200521,1.6317291259765625,286.17189025878906,290.82733154296875,291.68540954589844,303.2615051269531,291.1508026123047,308.5416259765625,292.96002197265625,306.5459747314453,296.9472351074219,299.85865783691406,298.4116516113281,298.4876403808594,297.8323974609375,297.8464660644531,296.796142578125,298.093994140625,-5.529431906856685e-18,-3.7947081206871484e-19,273.14935302734375,273.1508483886719,1.714843749999993,1.999999999999993,296.796142578125,298.627197265625,0.6495208144187927,0.6508025527000427,296.796142578125,298.523681640625,0.8800005316734314,0.8800005316734314,0,0,99.99998474121094,99.99998474121094,-7.3453647229951e-24,-7.3453647229951e-24,-7.345364920210326e-25,-7.345364920210326e-25,0,0,0,0,273.1592102050781,273.1608428955078,8.940696716303866e-08,0.00013905763626098627,0.12213134765625,0.14532470703125,0.1524810791015625,0.154083251953125,0.18048095703125,0.1823577880859375,0.2845916748046875,0.285430908203125,0.1157936379313469,0.1159263551235199,-1085018,-52480.0,0,2701314,-484130,-160823.9375,-481444,144072,0,3055352,1228315.0,1376720.0,-0.00019847741350531578,0.0,-0.0002267090603709221,-6.239861249923706e-08,-7.438682951033115e-05,2.0798761397600174e-06,-4.535354673862457e-05,-1.6656704246997833e-06,-0.0007775463163852692,-2.2172927856445312e-05,9.354948997497559e-05,9.655952453613281e-05,0.0,0.0,9.354948997497559e-05,9.64626669883728e-05,-7.450580596923828e-09,3.5762786865234375e-07,-0.00043386872857809067,-2.0985491573810577e-05,-1.371002197265625,1.6833038330078125,-1.757232666015625,2.033843994140625,89556.3125,90184.73828125,0.0,9.158551682730831e-05,2.4495849609375,2.44970703125,1.6317138671875,1.632080078125
135,20200116,36.01795131677221,0.6063628167806769,1579132800000,289.5940367380778,298.1753069559733,298.95092519124347,298.9890785217285,298.52957344055176,298.4068247477214,297.8522834777832,297.3511149088542,-2.797468376577533e-18,273.1498718261719,1.708129882812493,298.091064453125,0.6504175662994385,297.9639587402344,0.8800005316734314,0,99.99998474121094,-7.3453647229951e-24,-7.345364920210326e-25,0,0,273.15995025634766,3.360211849212621e-06,0.11118570963541667,0.15144920349121094,0.17946434020996094,0.2841345469156901,0.11590504180639982,-7871472,18149822,-6761724,-2656556,20529272,32176732,-0.0012838728725910187,-0.001330336555838585,-4.361383616924286e-06,-0.0005290117114782333,-0.005984500050544739,0.0022086799144744873,2.3283064365386963e-10,0.0022086352109909058,5.960464477539063e-08,-0.0031475815922021866,-0.5611016352971395,0.20554471015930176,89913.16585286458,1.8105676019786188e-05,2.448883056640625,1.6308949788411458,287.16998291015625,291.76702880859375,292.5295104980469,303.5294647216797,291.20310974121094,309.2747039794922,292.6374206542969,307.1068115234375,296.8447265625,299.99932861328125,298.3704833984375,298.4465026855469,297.8468017578125,297.85931396484375,297.053955078125,297.787841796875,-5.963112775850887e-18,-9.215726737932913e-19,273.149169921875,273.1510009765625,1.328124999999993,1.999999999999993,297.053955078125,299.110595703125,0.6488494277000427,0.6530150771141052,297.053955078125,298.765869140625,0.8800005316734314,0.8800005316734314,0,0,99.99998474121094,99.99998474121094,-7.3453647229951e-24,-7.3453647229951e-24,-7.345364920210326e-25,-7.345364920210326e-25,0,0,0,0,273.1593933105469,273.1607971191406,1.7881393432614781e-07,1.290440559387205e-05,0.102081298828125,0.1222076416015625,0.1505126953125,0.1525421142578125,0.1785888671875,0.180419921875,0.283721923828125,0.2845611572265625,0.11590411514043808,0.1159263551235199,-989176,-20526.0,0,2655456,-438789,-128117.0,-477372,93380,0,3003884,1226623.5,1443118.0,-0.0001981542445719242,0.0,-0.00019631488248705864,0.0,-7.192371413111687e-06,2.8978101909160614e-06,-4.127342253923416e-05,-9.252689778804779e-07,-0.0007580369710922241,-1.0445713996887207e-05,9.062886238098145e-05,9.34302806854248e-05,-1.4551915228366852e-11,2.3283064365386963e-10,9.063631296157837e-05,9.345263242721558e-05,0.0,3.725290298461914e-08,-0.0003955438733100891,-8.208677172660828e-06,-1.4188451766967773,0.9389801025390625,-1.664459228515625,1.5613126754760742,89556.5546875,90189.87890625,-2.2524375253851758e-08,1.0594725608825684e-05,2.4488525390625,2.4495849609375,1.630859375,1.6317138671875
136,20200117,36.01795131677221,0.6063628167806769,1579219200000,288.9634208679199,298.8414929707845,299.880277633667,299.84939765930176,299.03994687398273,298.42623202006024,297.8652089436849,297.60121663411456,-3.577867996382777e-18,273.15008544921875,1.723144531249993,298.4371337890625,0.6503492593765259,298.3033752441406,0.8800005316734314,0,99.99998474121094,-7.3453647229951e-24,-7.345364920210326e-25,0,0,273.16010665893555,5.128482977549198e-06,0.0941009521484375,0.14925384521484375,0.17759259541829428,0.2832647959391276,0.11588280539338787,-7552396,18210110,-6696904,-3139164,20597320,32740297,-0.0012950445525348186,-0.0010862378403544426,-1.2786127626895905e-05,-0.0006259242072701454,-0.006497733294963837,0.002139747142791748,-2.3283064365386963e-10,0.002139545977115631,2.086162567138672e-07,-0.0030199922621250153,-0.8587743838628134,0.14221111933390299,89851.40218098958,5.3531036371623486e-05,2.448150634765625,1.6300404866536458,285.6567840576172,291.8016052246094,291.8780975341797,304.55206298828125,291.1293640136719,311.5980682373047,292.59104919433594,308.93548583984375,297.29673767089844,300.475341796875,298.3839111328125,298.48680114746094,297.85955810546875,297.8704528808594,297.387939453125,298.032470703125,-5.963112775850887e-18,-3.252607034444396e-19,273.149169921875,273.15093994140625,1.406249999999993,1.999999999999993,297.387939453125,299.462158203125,0.6492003798484802,0.6524962782859802,297.387939453125,299.084228515625,0.8800005316734314,0.8800005316734314,0,0,99.99998474121094,99.99998474121094,-7.3453647229951e-24,-7.3453647229951e-24,-7.345364920210326e-25,-7.345364920210326e-25,0,0,0,0,273.15911865234375,273.16082763671875,9.238719940185083e-07,1.677870750427244e-05,0.0873565673828125,0.1025390625,0.148193359375,0.1505126953125,0.1767425537109375,0.1785430908203125,0.2828521728515625,0.28369140625,0.11588187888264656,0.11590411514043808,-1007364,-73074.0,0,3014260,-497072,-149649.0,-623300,57124,0,3409264,1262225.375,1512258.0,-0.00022081797942519188,0.0,-0.00018016481772065163,0.0,-1.1574942618608475e-05,3.300607204437256e-06,-5.05717471241951e-05,-9.271316230297089e-07,-0.0008683204650878906,-2.9221177101135254e-05,8.779764175415039e-05,9.050965309143066e-05,-2.3283064365386963e-10,2.3283064365386963e-10,8.779764175415039e-05,9.052455425262451e-05,0.0,4.470348358154297e-08,-0.0004028165712952614,-2.9220362193882465e-05,-1.5232467651367188,0.05065155029296875,-1.7127227783203125,1.1902809143066406,89513.5,90152.05078125,-1.1920917586394353e-08,9.939074516296387e-06,2.4481201171875,2.4488525390625,1.6300048828125,1.630859375
137,20200118,36.01795131677221,0.6063628167806769,1579305600000,287.3219636281331,299.99523544311523,300.64435958862305,300.72201855977374,299.7002747853597,298.52027702331543,297.8786226908366,298.4015299479167,-4.127874861330005e-18,273.15008544921875,1.995239257812493,298.4198811848958,0.650101900100708,298.4189758300781,0.8800005316734314,0,99.99998474121094,-7.3453647229951e-24,-7.345364920210326e-25,0,0,273.16000175476074,1.894930998484267e-06,0.08113479614257812,0.14674504597981772,0.1757532755533854,0.2823950449625651,0.1158459425593416,-7865408,19687694,-7991082,-3532164,22268392,31868378,-0.0014088619500398636,-0.0008711330592632294,-3.884546458721161e-06,-0.0008612750098109245,-0.0076721832156181335,0.0020723938941955566,4.656612873077393e-10,0.002072371542453766,1.4901161193847656e-08,-0.003145156428217888,-0.7733925580978394,-0.6164305210113525,89796.51708984375,3.837006602225301e-06,2.447301228841146,1.6290690104166667,283.97962951660156,291.1777648925781,292.4853820800781,306.2506866455078,291.4686279296875,312.77723693847656,292.95965576171875,310.7021789550781,297.9344177246094,301.1997375488281,298.4698944091797,298.6143493652344,297.8706359863281,297.8861541748047,297.566650390625,299.194580078125,-5.746272341353786e-18,-2.6291910954579608e-18,273.14886474609375,273.1513671875,1.918945312499993,1.999999999999993,297.566650390625,299.194580078125,0.6500014662742615,0.6512908339500427,297.566650390625,299.194580078125,0.8800005316734314,0.8800005316734314,0,0,99.99998474121094,99.99998474121094,-7.3453647229951e-24,-7.3453647229951e-24,-7.345364920210326e-25,-7.345364920210326e-25,0,0,0,0,273.1592712402344,273.16090393066406,2.9802322387647607e-08,8.225440979003877e-06,0.0756072998046875,0.0879364013671875,0.1455230712890625,0.1481781005859375,0.1749114990234375,0.17669677734375,0.281982421875,0.2828369140625,0.11584438011050224,0.11588187888264656,-883186,-71332.0,0,2889258,-560030,-192873.625,-687528,83640,0,3267622,1222632.0,1470240.0,-0.00020702555775642395,0.0,-0.00012729736045002937,-2.5134067982435226e-07,-5.975132808089256e-06,1.614564098417759e-06,-7.019052281975746e-05,-2.1918676793575287e-06,-0.0009263493120670319,-3.524869680404663e-05,8.502602577209473e-05,8.77082347869873e-05,-2.3283064365386963e-10,4.656612873077393e-10,8.503347635269165e-05,8.769333362579346e-05,0.0,7.450580596923828e-09,-0.0003531612455844879,-2.8524547815322876e-05,-1.6685028076171875,0.4748687744140625,-3.0855712890625,1.553863525390625,89451.703125,90053.796875,-3.0240698833949864e-09,9.909272193908691e-07,2.447265625,2.4481201171875,1.6290283203125,1.6300048828125
138,20200119,36.01795131677221,0.6063628167806769,1579392000000,286.4324137369792,299.5870882670085,300.8745257059733,301.0724220275879,300.01005935668945,298.6536127726237,297.89540735880536,298.2574869791667,-1.424533538003989e-18,273.14996337890625,1.9739583333333262,298.2981363932292,0.6499811410903931,298.2911376953125,0.8800005316734314,0,99.99998474121094,-7.3453647229951e-24,-7.345364920210326e-25,0,0,273.16003036499023,1.3373792171477897e-06,0.07110150655110677,0.14389737447102866,0.17391077677408853,0.28151575724283856,0.11582307036345203,-8006424,21995918,-8960714,-4616672,24878148,30982444,-0.0015374859794974327,-0.0007080980576574802,-2.2444874048233032e-07,-0.0009557390585541725,-0.00827363133430481,0.00200653076171875,-2.3283064365386963e-10,0.002006523311138153,0.0,-0.003201546147465706,-0.9936243693033854,-0.5917319059371948,89839.69938151042,8.52346317969932e-07,2.446563720703125,1.628326416015625,283.37486267089844,289.6256561279297,290.7894592285156,306.8011779785156,289.9414520263672,313.996337890625,291.7173156738281,311.9080352783203,298.07733154296875,301.64215087890625,298.59832763671875,298.758544921875,297.8863067626953,297.9033508300781,297.343017578125,299.092041015625,-2.8460315299550617e-18,-5.675125916482641e-20,273.149169921875,273.1508483886719,1.542968749999993,1.999999999999993,297.343017578125,299.092041015625,0.6497573256492615,0.6500014662742615,297.343017578125,299.092041015625,0.8800005316734314,0.8800005316734314,0,0,99.99998474121094,99.99998474121094,-7.3453647229951e-24,-7.3453647229951e-24,-7.345364920210326e-25,-7.345364920210326e-25,0,0,0,0,273.15936279296875,273.16078186035156,-9.540985528522186e-20,7.569789886474565e-06,0.0666656494140625,0.0764617919921875,0.1425323486328125,0.1454925537109375,0.1730499267578125,0.17486572265625,0.281097412109375,0.281951904296875,0.11582214385271072,0.11584438011050224,-866990,-54818.0,0,3115550,-604045,-225136.0,-844182,75148,-2,3523870,1197203.0,1388814.0,-0.00022404221817851067,1.1641532182693481e-10,-0.00010361336171627045,-4.470348358154297e-08,-5.663838237524033e-06,2.510729245841503e-06,-6.299931555986404e-05,-1.5720725059509277e-06,-0.0009840317070484161,-4.5843422412872314e-05,8.228421211242676e-05,8.493661880493164e-05,-2.3283064365386963e-10,2.3283064365386963e-10,8.230656385421753e-05,8.492171764373779e-05,0.0,0.0,-0.0003466852940618992,-2.1920539438724518e-05,-1.705963134765625,0.076171875,-3.0474367141723633,1.64678955078125,89482.31640625,90119.3359375,-7.450580596923828e-09,8.597968985668558e-07,2.446533203125,2.447265625,1.6282958984375,1.6290283203125
139,20200120,36.01795131677221,0.6063628167806769,1579478400000,286.3514931996663,299.2113571166992,300.9467379252116,301.3211313883464,300.3787670135498,298.8103561401367,297.9142837524414,298.25767008463544,-9.478654367439019e-19,273.1499328613281,1.999999999999993,298.2578125,0.6500014662742615,298.2577819824219,0.8800005316734314,0,99.99998474121094,-7.3453647229951e-24,-7.345364920210326e-25,0,0,273.1598587036133,1.5124678611755026e-06,0.06339327494303386,0.14086786905924478,0.17207845052083334,0.2806282043457031,0.11580083410566051,-7650800,22943878,-9716465,-5237268,25949456,30264137,-0.001556281466037035,-0.0005930368788540363,8.568167686462402e-08,-0.0009101061150431633,-0.008175455033779144,0.0019423067569732666,4.656612873077393e-10,0.001942276954650879,0.0,-0.0030593406409025192,-0.614367405573527,-0.3512452443440755,89857.97298177083,4.261732051702438e-07,2.445831298828125,1.6274770100911458,282.8288879394531,289.7139892578125,290.5748291015625,306.1720733642578,289.7371520996094,314.718505859375,291.6591796875,312.9686737060547,298.48114013671875,302.02540588378906,298.75306701660156,298.92198181152344,297.90545654296875,297.9243469238281,297.234130859375,299.123779296875,-2.9815568015157497e-18,-3.472835406860058e-20,273.1495056152344,273.150634765625,1.999999999999993,1.999999999999993,297.234619140625,299.124267578125,0.6500014662742615,0.6500014662742615,297.234619140625,299.123779296875,0.8800005316734314,0.8800005316734314,0,0,99.99998474121094,99.99998474121094,-7.3453647229951e-24,-7.3453647229951e-24,-7.345364920210326e-25,-7.345364920210326e-25,0,0,0,0,273.1591491699219,273.16038513183594,-4.813858354109039e-20,8.940696716308548e-06,0.0598297119140625,0.067718505859375,0.1394805908203125,0.1425018310546875,0.1712493896484375,0.1730194091796875,0.28021240234375,0.28106689453125,0.1157999075949192,0.11582214385271072,-849448,-62112.0,0,3146882,-658018,-241311.0,-934274,93668,0,3559190,1167065.5,1361467.0,-0.00022301729768514633,0.0,-8.581113070249557e-05,0.0,-6.879214197397232e-06,3.185821697115898e-06,-5.0910166464746e-05,-1.2880191206932068e-06,-0.0010061413049697876,-2.787262201309204e-05,7.967650890350342e-05,8.222460746765137e-05,-2.3283064365386963e-10,4.656612873077393e-10,7.966160774230957e-05,8.220970630645752e-05,0.0,0.0,-0.0003396710380911827,-2.483651041984558e-05,-1.378997802734375,0.33374500274658203,-2.6012725830078125,1.6256256103515625,89553.57421875,90131.3828125,0.0,4.261732051702438e-07,2.44580078125,2.446533203125,1.62744140625,1.6282958984375
140,20200121,36.01795131677221,0.6063628167806769,1579564800000,286.74246152242023,299.37536811828613,300.93520164489746,301.3812363942464,300.4862511952718,298.9656054178874,297.9363950093587,298.134521484375,-1.2496563895720096e-18,273.1499328613281,1.999999999999993,298.134521484375,0.6500014662742615,298.1345520019531,0.8800005316734314,0,99.99998474121094,-7.3453647229951e-24,-7.345364920210326e-25,0,0,273.1600093841553,2.2935370604196886e-06,0.05766741434733073,0.13789240519205728,0.17031478881835938,0.27975209554036456,0.11577859427779913,-7338328,22211678,-9368235,-5253364,25121948,30583838,-0.00148021150380373,-0.00047815823927521706,-3.419816493988037e-06,-0.0009726034477353096,-0.008249066770076752,0.0018804669380187988,2.3283064365386963e-10,0.0018804296851158142,4.470348358154297e-08,-0.0029343925416469574,-0.6959455808003744,-0.2156569560368856,89774.849609375,1.4442205326758994e-05,2.444981892903646,1.6265055338541667,284.2401123046875,289.0565185546875,290.7765808105469,306.1686248779297,289.6513977050781,314.44972229003906,291.5559387207031,312.77406311035156,298.633056640625,302.0526428222656,298.9120788574219,299.0685119628906,297.92449951171875,297.94822692871094,297.169677734375,298.911865234375,-5.5836420154809604e-18,-1.4399565273201934e-19,273.1491394042969,273.150634765625,1.999999999999993,1.999999999999993,297.170166015625,298.911376953125,0.6500014662742615,0.6500014662742615,297.170166015625,298.911865234375,0.8800005316734314,0.8800005316734314,0,0,99.99998474121094,99.99998474121094,-7.3453647229951e-24,-7.3453647229951e-24,-7.345364920210326e-25,-7.345364920210326e-25,0,0,0,0,273.15916442871094,273.1607208251953,8.940696716306403e-08,1.0639429092407184e-05,0.0550537109375,0.060882568359375,0.1365814208984375,0.1394500732421875,0.169525146484375,0.17120361328125,0.2793426513671875,0.280181884765625,0.11577766761183739,0.1157999075949192,-802700,-33360.0,0,3161666,-630760,-222651.0,-949686,83396,-2,3575646,1166802.4375,1395426.0,-0.00021731946617364883,0.0,-7.187807932496071e-05,-2.8870999813079834e-08,-7.715076208114624e-06,3.0747614800930023e-06,-5.80688938498497e-05,-3.3190008252859116e-06,-0.0010010972619056702,-1.5974044799804688e-05,7.715821266174316e-05,7.957220077514648e-05,-2.3283064365386963e-10,2.3283064365386963e-10,7.714331150054932e-05,7.958710193634033e-05,0.0,2.9802322387695312e-08,-0.0003209766000509262,-1.3339333236217499e-05,-1.63641357421875,0.522552490234375,-3.023980140686035,1.8948822021484375,89476.80859375,90027.9921875,0.0,7.286667823791504e-06,2.4449462890625,2.44580078125,1.62646484375,1.62744140625
141,20200122,36.01795131677221,0.6063628167806769,1579651200000,286.74088859558105,300.061097462972,301.5657075246175,301.93542035420734,300.695769627889,299.11383565266925,297.9612553914388,297.98708089192706,-7.211076753889613e-19,273.15008544921875,1.999999999999993,297.987060546875,0.6500014662742615,297.987060546875,0.8800005316734314,0,99.99998474121094,-7.3453647229951e-24,-7.345364920210326e-25,0,0,273.16010030110675,6.233652432759286e-07,0.05380058288574219,0.1351470947265625,0.16866238911946616,0.2788880666097005,0.11575635786478718,-6373452,19396012,-7667148,-4468628,21937348,32610419,-0.0013411506079137325,-0.00037605082616209984,-6.722286343574524e-06,-0.0008246405050158501,-0.007840164005756378,0.0018216371536254883,-2.3283064365386963e-10,0.0018215179443359375,8.940696716308594e-08,-0.002548566088080406,-0.5607219537099203,-0.5608841180801392,89758.60514322917,2.716205790420645e-05,2.444244384765625,1.625762939453125,284.26499938964844,288.73316955566406,291.44712829589844,306.0819854736328,290.45518493652344,314.9911346435547,292.20542907714844,313.55787658691406,298.9273376464844,302.05859375,299.0627899169922,299.21669006347656,297.9483947753906,297.97393798828125,297.038818359375,298.697021484375,-2.8731365842671993e-18,-1.6940664114964835e-19,273.1491394042969,273.1507568359375,1.999999999999993,1.999999999999993,297.039306640625,298.697509765625,0.6500014662742615,0.6500014662742615,297.039306640625,298.697021484375,0.8800005316734314,0.8800005316734314,0,0,99.99998474121094,99.99998474121094,-7.3453647229951e-24,-7.3453647229951e-24,-7.345364920210326e-25,-7.345364920210326e-25,0,0,0,0,273.1592559814453,273.16082763671875,-4.6837538297469584e-20,3.039836883544916e-06,0.0520172119140625,0.0560150146484375,0.1339874267578125,0.136566162109375,0.167938232421875,0.16949462890625,0.2784881591796875,0.2793121337890625,0.11575543135404587,0.11577766761183739,-716412,-26080.0,0,2914940,-593341,-141847.0,-921372,73160,-2,3297162,1189975.1875,1497026.0,-0.00020534545183181763,-1.2991949915885925e-07,-5.55897131562233e-05,-1.3457611203193665e-07,-2.8614886105060577e-06,5.764886736869812e-07,-6.0790625866502523e-05,-1.3797543942928314e-06,-0.0009638778865337372,-1.5184283256530762e-05,7.477402687072754e-05,7.706880569458008e-05,-2.3283064365386963e-10,2.3283064365386963e-10,7.475912570953369e-05,7.706135511398315e-05,0.0,4.0978193283081055e-08,-0.00028647342696785927,-1.0429881513118744e-05,-1.1851835250854492,0.6826057434082031,-2.7105255126953125,1.8295745849609375,89405.09375,90030.26953125,0.0,1.2190639967712968e-05,2.4442138671875,2.4449462890625,1.625732421875,1.62646484375
142,20200123,36.01795131677221,0.6063628167806769,1579737600000,288.6372896830241,298.2465025583903,299.5810743967692,300.2076765696208,300.55738194783527,299.2645263671875,297.9893550872803,297.77919514973956,-3.3658987251154245e-19,273.1499938964844,1.999999999999993,297.7791341145833,0.6500014662742615,297.7792053222656,0.8800005316734314,0,99.99998474121094,-7.3453647229951e-24,-7.345364920210326e-25,0,0,273.1600621541341,3.853191932042409e-06,0.052591959635416664,0.13312149047851562,0.16729863484700522,0.27808507283528644,0.11573411803692579,-4671204,11353860,-5504776,-2482500,12838776,33785285,-0.0007785637862980366,-0.00020144926384091377,-2.886168658733368e-05,-0.0008590091019868851,-0.005437672138214111,0.0017682760953903198,2.3283064365386963e-10,0.0017678290605545044,4.6193599700927734e-07,-0.0018678847700357437,0.04966163635253906,0.5283374786376953,89904.65152994792,0.0001389920710153092,2.443394978841146,1.6247965494791667,287.4158020019531,289.60789489746094,295.48155212402344,301.63807678222656,294.78167724609375,307.96315002441406,296.02703857421875,307.4267578125,299.8754577636719,301.2249298095703,299.22386169433594,299.31578063964844,297.97605895996094,298.00299072265625,297.389404296875,298.187255859375,-2.141300117839484e-18,-8.809147821323552e-20,273.14898681640625,273.15069580078125,1.999999999999993,1.999999999999993,297.388916015625,298.186767578125,0.6500014662742615,0.6500014662742615,297.388916015625,298.186767578125,0.8800005316734314,0.8800005316734314,0,0,99.99998474121094,99.99998474121094,-7.3453647229951e-24,-7.3453647229951e-24,-7.345364920210326e-25,-7.345364920210326e-25,0,0,0,0,273.1594543457031,273.1608428955078,3.8743019104000047e-07,1.2487173080444314e-05,0.05230712890625,0.0528717041015625,0.1323699951171875,0.13397216796875,0.1667327880859375,0.16790771484375,0.2777099609375,0.2784576416015625,0.11573319137096405,0.11575543135404587,-455522,-62140.0,0,1727806,-411358,-122596.0,-511732,36736,0,1954286,1373874.0,1445098.0,-0.0001160958781838417,-1.5557743608951569e-06,-2.4491455405950546e-05,-1.178588718175888e-06,-8.164439350366592e-06,-1.6763806343078613e-08,-4.871096462011337e-05,-2.095382660627365e-05,-0.0006211511790752411,-4.798918962478638e-05,7.265806198120117e-05,7.465481758117676e-05,-2.3283064365386963e-10,2.3283064365386963e-10,7.264316082000732e-05,7.467716932296753e-05,0.0,1.4901161193847656e-07,-0.00018215086311101913,-2.4848617613315582e-05,-0.7659454345703125,1.2060546875,-1.837615966796875,1.919921875,89637.7890625,90114.875,-3.725290298461914e-09,4.33996319770813e-05,2.443359375,2.4442138671875,1.624755859375,1.625732421875
143,20200124,36.01795131677221,0.6063628167806769,1579824000000,288.473087310791,298.5572973887126,300.11788749694824,300.6639175415039,300.1899045308431,299.3151111602783,298.01871554056805,296.84698486328125,-1.2177515163579564e-18,273.14996337890625,1.7462972005208262,297.4991861979167,0.6507370471954346,297.4075012207031,0.8800005316734314,0,99.99998474121094,-7.3453647229951e-24,-7.345364920210326e-25,0,0,273.1600519816081,3.136694431304895e-06,0.05205090840657552,0.13131841023763022,0.1660302480061849,0.2772973378499349,0.11571188162391384,-4859832,15034910,-6839946,-3330404,17002356,32744165,-0.0010415203869342804,-0.0002592192031443119,-1.6459263861179352e-05,-0.0006261104717850685,-0.005979321897029877,0.0017172545194625854,0.0,0.0017171204090118408,1.1920928955078125e-07,-0.0019433097913861275,-0.14945475260416666,0.6450735727945963,89998.54833984375,4.0397047996520996e-05,2.442657470703125,1.6239369710286458,286.3158874511719,290.22650146484375,294.29527282714844,304.0312042236328,293.1202697753906,312.54339599609375,294.7837829589844,311.28688049316406,298.9825134277344,301.4257354736328,299.28529357910156,299.3578643798828,298.0050811767578,298.0316619873047,296.657470703125,297.268310546875,-4.662070168868282e-18,-3.8963518804872083e-20,273.14923095703125,273.1508483886719,1.257812499999993,1.999999999999993,296.657470703125,298.359619140625,0.6495818495750427,0.6535338759422302,296.657470703125,298.118408203125,0.8800005316734314,0.8800005316734314,0,0,99.99998474121094,99.99998474121094,-7.3453647229951e-24,-7.3453647229951e-24,-7.345364920210326e-25,-7.345364920210326e-25,0,0,0,0,273.1594543457031,273.1606750488281,-9.454250471417173e-20,1.2069940567016593e-05,0.050811767578125,0.0534515380859375,0.130401611328125,0.132354736328125,0.1654052734375,0.1667022705078125,0.27691650390625,0.2776947021484375,0.11571095511317253,0.11573319137096405,-516544,-8944.0,0,2349812,-528474,-117349.75,-660422,66420,0,2657412,1288068.0,1423326.0,-0.00016540475189685822,-3.8370490074157715e-07,-3.9319973438978195e-05,-4.591420292854309e-07,-5.608424544334412e-06,3.3527612686157227e-08,-4.473235458135605e-05,-8.880160748958588e-07,-0.0007240772247314453,-3.170222043991089e-05,7.052719593048096e-05,7.256865501403809e-05,-2.3283064365386963e-10,2.3283064365386963e-10,7.052719593048096e-05,7.256865501403809e-05,-7.450580596923828e-09,2.421438694000244e-08,-0.00020655151456594467,-3.5762786865234375e-06,-0.9773406982421875,0.809661865234375,-2.1005859375,2.121063232421875,89678.3125,90239.75390625,0.0,8.11740756034851e-06,2.442626953125,2.443359375,1.6239013671875,1.624755859375
144,20200125,36.01795131677221,0.6063628167806769,1579910400000,290.49870618184406,297.8814894358317,300.1252384185791,300.99239857991535,300.32321802775067,299.36049969991046,298.0480537414551,297.0779215494792,-2.2278385127538627e-18,273.1500244140625,1.8515218098958262,297.6510416666667,0.6502341628074646,297.59832763671875,0.8800005316734314,0,99.99998474121094,-7.3453647229951e-24,-7.345364920210326e-25,0,0,273.15994453430176,9.982039531071978e-05,0.06016349792480469,0.12936846415201822,0.1647160847981771,0.2765013376871745,0.11568964536612232,-4958724,16212912,-6392127,-4280276,18334660,33229571,-0.0010350942611694336,-0.00020170165225863457,-0.0001712939701974392,-0.0005747638642787933,-0.0057395100593566895,0.0016752183437347412,0.0,0.0016670376062393188,8.195638656616211e-06,-0.001982852816581726,-0.19064966837565103,0.46039573351542157,90059.03515625,0.002410396933555603,2.441925048828125,1.6230824788411458,287.8123321533203,294.14869689941406,293.6135711669922,304.2412872314453,292.89752197265625,312.83929443359375,294.1206359863281,311.9355926513672,298.98179626464844,301.6359405517578,299.3270263671875,299.4100646972656,298.03375244140625,298.06195068359375,296.763427734375,297.696533203125,-5.6378521241052356e-18,-2.574980676640956e-19,273.14910888671875,273.1509704589844,1.450195312499993,1.999999999999993,296.763916015625,298.529541015625,0.6491698622703552,0.6519240736961365,296.763916015625,298.385009765625,0.8800005316734314,0.8800005316734314,0,0,99.99998474121094,99.99998474121094,-7.3453647229951e-24,-7.3453647229951e-24,-7.345364920210326e-25,-7.345364920210326e-25,0,0,0,0,273.1591796875,273.1605682373047,2.9802322387618117e-08,0.0002785027027130127,0.050079345703125,0.0778045654296875,0.1285858154296875,0.1303863525390625,0.1641387939453125,0.165374755859375,0.276123046875,0.2769012451171875,0.11568871885538101,0.11571095511317253,-504372,-51986.0,0,2394438,-522195,-129290.875,-692572,44188,0,2707808,1312459.0,1450378.0,-0.00016584061086177826,0.0,-3.3233314752578735e-05,4.968605935573578e-07,-3.9159320294857025e-05,4.0605664253234863e-07,-4.594726487994194e-05,-9.57399606704712e-07,-0.0007290244102478027,-2.0869076251983643e-05,6.848573684692383e-05,7.130205631256104e-05,-2.3283064365386963e-10,2.3283064365386963e-10,6.848573684692383e-05,7.045269012451172e-05,0.0,2.3096799850463867e-06,-0.00020168349146842957,-2.078711986541748e-05,-2.1623992919921875,0.851409912109375,-2.396453857421875,1.8302001953125,89691.58203125,90252.4921875,0.0,0.0006784349679946899,2.44189453125,2.442626953125,1.623046875,1.6239013671875
145,20200126,36.01795131677221,0.6063628167806769,1579996800000,292.11064020792645,296.9827569325765,298.7710043589274,299.67506472269696,299.87374178568524,299.38841756184894,298.07774988810223,297.40911865234375,-2.1676991734988074e-18,273.1499328613281,1.771362304687493,297.9086100260417,0.6506089568138123,297.8229064941406,0.8800005316734314,0,99.99998474121094,-7.3453647229951e-24,-7.345364920210326e-25,0,0,273.16004943847656,0.0001822151243686676,0.09318288167317708,0.12788518269856772,0.16353352864583334,0.2757314046223958,0.11566740553826094,-6180782,15280200,-5912748,-3145356,17279452,32999254,-0.0008475235663354397,-0.0006941277533769608,-0.0004187370650470257,-0.0005111377686262131,-0.004934154450893402,0.0016363412141799927,4.656612873077393e-10,0.0016199424862861633,1.6391277313232422e-05,-0.0024715233594179153,-0.20739237467447916,0.5976575215657552,90032.25862630208,0.004354827279996698,2.441192626953125,1.6222279866536458,290.2557373046875,294.5168914794922,292.2150115966797,303.0835418701172,291.8479309082031,310.1466522216797,293.89561462402344,308.54498291015625,298.8095703125,300.92369079589844,299.36639404296875,299.4114074707031,298.06402587890625,298.09178161621094,297.050537109375,297.824462890625,-5.258381363735309e-18,-3.7608268027969764e-19,273.14874267578125,273.1512451171875,1.263671874999993,1.999999999999993,297.050048828125,298.761962890625,0.6493605971336365,0.6526870131492615,297.050048828125,298.530517578125,0.8800005316734314,0.8800005316734314,0,0,99.99998474121094,99.99998474121094,-7.3453647229951e-24,-7.3453647229951e-24,-7.345364920210326e-25,-7.345364920210326e-25,0,0,0,0,273.1591033935547,273.16090393066406,1.2814998626708747e-06,0.00027641654014587397,0.0700836181640625,0.1237030029296875,0.1273040771484375,0.1285858154296875,0.16302490234375,0.1641082763671875,0.2753753662109375,0.2761077880859375,0.1156664788722992,0.11568871885538101,-736682,-45226.0,0,2528910,-415520,-158761.0,-563486,33216,0,2859968,1281673.1875,1475767.0,-0.00016129668802022934,0.0,-0.00013086432591080666,1.5010591596364975e-06,-0.00010213605128228664,1.448206603527069e-06,-3.7467340007424355e-05,-2.1420419216156006e-07,-0.0006977804005146027,-1.868605613708496e-05,6.659328937530518e-05,7.46995210647583e-05,-2.3283064365386963e-10,4.656612873077393e-10,6.659328937530518e-05,6.841868162155151e-05,-3.725290298461914e-09,7.569789886474609e-06,-0.00029457779601216316,-1.8085353076457977e-05,-1.8151397705078125,0.66448974609375,-1.000640869140625,1.6940765380859375,89675.26171875,90250.390625,0.0,0.0019434899091947955,2.441162109375,2.44189453125,1.6221923828125,1.623046875
146,20200127,36.01795131677221,0.6063628167806769,1580083200000,292.31047503153485,296.21594556172687,297.1780751546224,298.0836982727051,298.98273277282715,299.3290417989095,298.1065260569255,297.77378336588544,-1.4892960931001798e-18,273.1499938964844,1.9980875651041596,297.7817789713542,0.6500818729400635,297.7814636230469,0.8800005316734314,0,99.99998474121094,-7.3453647229951e-24,-7.345364920210326e-25,0,0,273.16006660461426,0.0002057527502377828,0.13646507263183594,0.1271800994873047,0.16255633036295572,0.27500661214192706,0.11564516912524898,-6496446,12524154,-4809375,-2266572,14163552,33312514,-0.0005740756168961525,-0.0007976843044161797,-0.0006103105843067169,-0.0006156777963042259,-0.004221804440021515,0.0015921741724014282,4.656612873077393e-10,0.0015766695141792297,1.5497207641601562e-05,-0.0025977473706007004,0.021935145060221355,-0.04874738057454427,90024.47639973958,0.004112976789372169,2.440460205078125,1.6213734944661458,291.6854248046875,293.00865173339844,292.7085876464844,300.22950744628906,292.5065002441406,305.2218780517578,294.4537353515625,303.96522521972656,298.28504943847656,299.7088928222656,299.2798767089844,299.3956756591797,298.0938415527344,298.1185607910156,297.344482421875,298.218017578125,-5.5836420154809604e-18,-1.0503213715832153e-19,273.1488952636719,273.1510314941406,1.954101562499993,1.999999999999993,297.343994140625,298.218017578125,0.6500014662742615,0.6519317030906677,297.343994140625,298.218017578125,0.8800005316734314,0.8800005316734314,0,0,99.99998474121094,99.99998474121094,-7.3453647229951e-24,-7.3453647229951e-24,-7.345364920210326e-25,-7.345364920210326e-25,0,0,0,0,273.1593780517578,273.1607360839844,2.3066997528076148e-05,0.0003014802932739258,0.12371826171875,0.1591644287109375,0.126861572265625,0.1274261474609375,0.1621551513671875,0.162994384765625,0.2746734619140625,0.2753448486328125,0.11564424261450768,0.1156664788722992,-817212,-53828.0,0,2042650,-313344,-129020.0,-450680,29264,0,2309900,1293825.0,1458743.0,-0.00011965585872530937,0.0,-0.0001585814170539379,1.2216041795909405e-06,-0.00012876279652118683,1.7174170352518559e-06,-3.9023347198963165e-05,-1.648860052227974e-05,-0.0006166808307170868,-2.1517276763916016e-05,6.505846977233887e-05,6.876140832901001e-05,0.0,4.656612873077393e-10,6.48796558380127e-05,6.653368473052979e-05,0.0,3.4421682357788086e-06,-0.00032678060233592987,-2.1525658667087555e-05,-1.2119903564453125,0.8822021484375,-2.848968505859375,1.3987274169921875,89739.73828125,90240.08203125,0.0,0.0009180307388305664,2.4404296875,2.441162109375,1.621337890625,1.6221923828125
147,20200128,36.01795131677221,0.6063628167806769,1580169600000,292.15717061360675,295.4205462137858,296.6637719472249,297.4093831380208,298.12240409851074,299.16136805216473,298.13191413879395,297.45355224609375,-5.65994663525441e-19,273.15008544921875,1.9706217447916596,297.4847005208333,0.6499947905540466,297.4810485839844,0.8800005316734314,0,99.99998474121094,-7.3453647229951e-24,-7.345364920210326e-25,0,0,273.1599547068278,0.00019690642754236856,0.17427889506022134,0.12823168436686197,0.16171773274739584,0.27431488037109375,0.1156229292973876,-6370556,12513892,-4768521,-2125436,14149908,33077003,-0.0005810600705444813,-0.0008274698629975319,-0.0006026914343237877,-0.0005361847579479218,-0.003837503492832184,0.0015608370304107666,0.0,0.0015363693237304688,2.44826078414917e-05,-0.0025474075227975845,0.3785101572672526,0.3143060604731242,90040.82210286458,0.005867409706183935,2.439610799153646,1.6205190022786458,291.3222961425781,293.0787353515625,292.12713623046875,299.81373596191406,291.9013671875,304.72137451171875,293.77540588378906,303.17063903808594,297.33641052246094,299.00270080566406,299.08050537109375,299.2713623046875,298.1206512451172,298.1419982910156,297.011962890625,297.864501953125,-2.5749809868336856e-18,-8.385631347696402e-20,273.1492919921875,273.15087890625,1.807617187499993,1.999999999999993,297.011962890625,298.037353515625,0.649681031703949,0.650321900844574,297.011962890625,298.009033203125,0.8800005316734314,0.8800005316734314,0,0,99.99998474121094,99.99998474121094,-7.3453647229951e-24,-7.3453647229951e-24,-7.345364920210326e-25,-7.345364920210326e-25,0,0,0,0,273.15928649902344,273.16094970703125,1.0699033737182597e-05,0.0003014802932739258,0.156707763671875,0.208892822265625,0.1273651123046875,0.130645751953125,0.1613311767578125,0.1621246337890625,0.27398681640625,0.2746429443359375,0.11562200263142586,0.11564424261450768,-886854,-48172.0,0,2173204,-321852,-131422.25,-409716,45432,0,2457328,1315878.0,1450782.0,-0.00013688579201698303,0.0,-0.0001812167465686798,2.0747538655996323e-06,-0.0001105600968003273,3.8836151361465454e-07,-2.867821604013443e-05,-6.245449185371399e-06,-0.0006104260683059692,-1.9274652004241943e-05,6.361305713653564e-05,7.264316082000732e-05,-4.656612873077393e-10,2.3283064365386963e-10,6.321817636489868e-05,6.481260061264038e-05,9.12696123123169e-08,8.83638858795166e-06,-0.0003546280786395073,-1.9263476133346558e-05,-1.3111724853515625,1.3836669921875,-0.8897066116333008,1.2839851379394531,89759.77734375,90232.90234375,2.0734965801239014e-05,0.002093195915222168,2.4395751953125,2.4404296875,1.6204833984375,1.621337890625
148,20200129,36.01795131677221,0.6063628167806769,1580256000000,291.9543291727702,295.56779352823895,297.3546899159749,297.87422370910645,297.9969965616862,298.9610131581624,298.1524143218994,297.45770263671875,-1.1303657783035935e-18,273.1500244140625,1.999999999999993,297.457763671875,0.6500014662742615,297.457763671875,0.8800005316734314,0,99.99998474121094,-7.3453647229951e-24,-7.345364920210326e-25,0,0,273.1600964864095,0.00018863379955291748,0.23798243204752603,0.1408532460530599,0.16085942586263022,0.2736136118570964,0.11558606987819076,-8943438,17308238,-5193228,-3056636,19570320,32994243,-0.0009596752934157848,-0.0014327075332403183,-0.0005253041163086891,-0.0006585419178009033,-0.005341030657291412,0.001598954200744629,2.3283064365386963e-10,0.0014968737959861755,0.00010207295417785645,-0.003576229326426983,0.5149491628011068,-0.05070797602335612,90095.05029296875,0.019120221464618226,2.438873291015625,1.6196645100911458,290.702880859375,293.13511657714844,292.0545349121094,300.5398864746094,292.06829833984375,306.1255645751953,293.9601593017578,303.995361328125,296.75341796875,299.20945739746094,298.90220642089844,299.06939697265625,298.1441345214844,298.1600646972656,296.745361328125,298.150634765625,-5.963112775850887e-18,-1.7110070704415695e-19,273.1492919921875,273.1510009765625,1.999999999999993,1.999999999999993,296.745361328125,298.150634765625,0.6500014662742615,0.6500014662742615,296.745361328125,298.150634765625,0.8800005316734314,0.8800005316734314,0,0,99.99998474121094,99.99998474121094,-7.3453647229951e-24,-7.3453647229951e-24,-7.345364920210326e-25,-7.345364920210326e-25,0,0,0,0,273.1597595214844,273.16075134277344,1.361966133117671e-05,0.00030139088630676264,0.20703125,0.321197509765625,0.131134033203125,0.1720428466796875,0.1604766845703125,0.16131591796875,0.2732696533203125,0.273956298828125,0.11558450758457184,0.11562200263142586,-1211020,-55998.0,0,2799228,-386853,-92618.0,-526632,47808,0,3165370,1319601.0,1421675.0,-0.00019015884026885033,0.0,-0.0002601169981062412,1.0244548320770264e-06,-0.00013683619908988476,0.0,-4.779687151312828e-05,-1.8153106793761253e-05,-0.0007540099322795868,-2.253800630569458e-05,6.254017353057861e-05,7.836520671844482e-05,0.0,2.3283064365386963e-10,6.159394979476929e-05,6.317347288131714e-05,1.1175870895385742e-08,1.6592442989349365e-05,-0.00048425281420350075,-2.2392719984054565e-05,-0.5294036865234375,1.5292816162109375,-2.936187744140625,1.3108673095703125,89735.26171875,90270.4296875,3.46451997756958e-06,0.003098312020256344,2.4388427734375,2.4395751953125,1.61962890625,1.6204833984375
149,20200130,36.01795131677221,0.6063628167806769,1580342400000,291.9684003194173,296.467342376709,297.7545623779297,298.3103624979655,298.32072257995605,298.8131103515625,298.16870880126953,297.30145263671875,-1.3285010742114562e-18,273.1499938964844,1.8191731770833262,297.7900797526042,0.6501054167747498,297.7251892089844,0.8800005316734314,0,99.99998474121094,-7.3453647229951e-24,-7.345364920210326e-25,0,0,273.1599858601888,0.00017162412405014038,0.27496592203776044,0.2137012481689453,0.16065470377604166,0.27291297912597656,0.11557781727363665,-10305620,19509698,-6204628,-2564316,22060004,32215106,-0.0013704714365303516,-0.0017713108099997044,-0.00039320439100265503,-0.0005859443917870522,-0.0057801902294158936,0.0015521049499511719,0.0,0.0014580786228179932,9.402632713317871e-05,-0.004120929166674614,-0.04363210995992025,0.4780978759129842,90072.91031901042,0.014276897906427166,2.438140869140625,1.6188100179036458,291.02439880371094,293.2065887451172,292.12513732910156,301.54144287109375,292.0252227783203,307.48138427734375,294.1000213623047,305.0609893798828,296.86944580078125,299.7889709472656,298.77955627441406,298.89373779296875,298.16221618652344,298.17588806152344,296.832763671875,297.796630859375,-4.6078600602440064e-18,-9.656180768577852e-20,273.1494140625,273.15069580078125,1.187499999999993,1.999999999999993,296.832275390625,298.791259765625,0.6491698622703552,0.6517333388328552,296.832275390625,298.563720703125,0.8800005316734314,0.8800005316734314,0,0,99.99998474121094,99.99998474121094,-7.3453647229951e-24,-7.3453647229951e-24,-7.345364920210326e-25,-7.345364920210326e-25,0,0,0,0,273.15911865234375,273.16075134277344,6.258487701415612e-07,0.00030130147933959956,0.2390899658203125,0.324554443359375,0.1818389892578125,0.2267913818359375,0.1604766845703125,0.1610565185546875,0.2725830078125,0.27325439453125,0.11557752639055252,0.11558450758457184,-1359306,-57858.0,0,2975594,-436462,-128511.6875,-456326,80856,-2,3364706,1251003.5,1385644.0,-0.00024547288194298744,0.0,-0.00029655126854777336,4.6354252845048904e-06,-0.0001657470129430294,6.202608346939087e-07,-3.3706892281770706e-05,-9.60659235715866e-07,-0.0007801651954650879,-2.3126602172851562e-05,6.046891212463379e-05,7.614493370056152e-05,0.0,0.0,5.9992074966430664e-05,6.152689456939697e-05,1.4901161193847656e-08,1.461803913116455e-05,-0.0005435477942228317,-2.3134984076023102e-05,-1.2944669723510742,0.773956298828125,-1.6740703582763672,1.9175872802734375,89673.66796875,90327.66796875,1.8477439880371094e-06,0.0023213356726046186,2.4381103515625,2.4388427734375,1.6187744140625,1.61962890625
150,20200101,36.098799692342965,0.6063628167806769,1577836800000,289.5029233296712,296.2075672149658,297.849271774292,297.5665162404378,297.7811361948649,298.18432935078937,298.59909375508624,297.8736165364583,-3.070777536361485e-18,273.14984130859375,1.4665120442708262,298.8317464192708,0.6499617099761963,298.5457763671875,0.8800005316734314,0,99.99998474121094,-7.3453647229951e-24,-7.345364920210326e-25,0,0,273.1599547068278,8.912136157353687e-06,0.18897247314453125,0.22499656677246094,0.2135645548502604,0.3042856852213542,0.10391632933169603,-10588504,20639492,-9037222,-1407404,23032908,29365424,-0.00036680838093161583,-0.002155789639800787,-1.675635576248169e-05,-0.0016946922987699509,-0.004885688424110413,0.004571497440338135,2.3283064365386963e-10,0.004570290446281433,1.2367963790893555e-06,-0.004234046675264835,-0.8956160942713419,0.7065728505452474,89878.71012369792,0.000184923410358806,2.403569539388021,1.5542043050130208,287.5089874267578,292.14306640625,289.8182373046875,302.2293701171875,291.38682556152344,305.6921081542969,291.12884521484375,305.3992004394531,295.7493896484375,299.6258544921875,298.1188507080078,298.2262420654297,298.5631866455078,298.64393615722656,297.659423828125,298.022705078125,-5.800482449978061e-18,-7.86046626750779e-19,273.14825439453125,273.15069580078125,0.8154296874999929,1.999999999999993,297.659423828125,300.286376953125,0.6479567885398865,0.6525344252586365,297.659423828125,299.375244140625,0.8800005316734314,0.8800005316734314,0,0,99.99998474121094,99.99998474121094,-7.3453647229951e-24,-7.3453647229951e-24,-7.345364920210326e-25,-7.345364920210326e-25,0,0,0,0,273.1592102050781,273.1605987548828,5.06639480590787e-07,3.141164779663082e-05,0.177734375,0.2017974853515625,0.2219696044921875,0.2277374267578125,0.2119903564453125,0.2151641845703125,0.30377197265625,0.3047943115234375,0.10380376502871513,0.10392122343182564,-1019008,-151450.0,0,2679162,-472058,-316456.0,-169234,46836,0,2989792,1122631.1875,1324197.0,-5.2140094339847565e-05,0.0,-0.0003111930564045906,0.0,-2.3737316951155663e-05,4.44136094301939e-06,-9.56548610702157e-05,-1.9788742065429688e-05,-0.0005006194114685059,-6.062537431716919e-05,0.00018690526485443115,0.0001939833164215088,-2.3283064365386963e-10,2.3283064365386963e-10,0.00018691271543502808,0.0001939907670021057,0.0,4.0978193283081055e-07,-0.00040747271850705147,-6.056111305952072e-05,-1.7329845428466797,0.9606475830078125,-1.130157470703125,1.902099609375,89570.9921875,90311.10546875,0.0,6.157904863357544e-05,2.403564453125,2.4036865234375,1.55419921875,1.5543212890625
151,20200102,36.098799692342965,0.6063628167806769,1577923200000,290.48736635843915,296.14649136861163,297.7071654001872,297.37616475423175,297.5710048675537,298.1249415079753,298.5829493204753,297.70404052734375,-2.0849017029046996e-18,273.1500549316406,1.423217773437493,298.6981201171875,0.650148332118988,298.3911437988281,0.8800005316734314,0,99.99998474121094,-7.3453647229951e-24,-7.345364920210326e-25,0,0,273.1600456237793,1.2839833895365363e-05,0.17770894368489584,0.21906344095865884,0.21032396952311197,0.30321693420410156,0.10401916472862165,-9216940,18220742,-8086854,-1292852,20335952,30232585,-0.00029772426933050156,-0.0017736321315169334,-4.148110747337341e-05,-0.001572759822010994,-0.004288665950298309,0.004400819540023804,0.0,0.0043970197439193726,3.814697265625e-06,-0.003685598261654377,-1.0923234621683757,0.635534922281901,89934.97135416667,0.0005936294792832086,2.403447469075521,1.5540822347005208,288.80030822753906,292.5045928955078,289.6933898925781,301.52244567871094,291.4230499267578,305.5902557373047,291.04454040527344,305.09474182128906,295.59063720703125,299.2971496582031,298.0675354003906,298.1778259277344,298.5522155761719,298.62339782714844,297.573486328125,298.196533203125,-5.0957510378624834e-18,-1.3044312557595054e-19,273.1490783691406,273.151123046875,0.7998046874999929,1.999999999999993,297.573486328125,300.015869140625,0.6481170058250427,0.6530608534812927,297.573486328125,299.134033203125,0.8800005316734314,0.8800005316734314,0,0,99.99998474121094,99.99998474121094,-7.3453647229951e-24,-7.3453647229951e-24,-7.345364920210326e-25,-7.345364920210326e-25,0,0,0,0,273.15911865234375,273.1606750488281,2.0563602447509287e-06,3.090500831603999e-05,0.1712799072265625,0.1846923828125,0.216400146484375,0.2217559814453125,0.2088165283203125,0.21185302734375,0.302703857421875,0.3037261962890625,0.10392122343182564,0.10402342304587364,-809420,-162834.0,0,2464866,-423957,-272314.0,-163386,41676,0,2750986,1151679.0625,1367285.0,-4.4425949454307556e-05,0.0,-0.00025999080389738083,0.0,-2.2123567759990692e-05,4.621688276529312e-06,-9.440333815291524e-05,-1.1692289263010025e-05,-0.00040686875581741333,-6.508082151412964e-05,0.00017982721328735352,0.00018662214279174805,0.0,0.0,0.00017983466386795044,0.00018662214279174805,0.0,1.087784767150879e-06,-0.0003236653283238411,-6.511155515909195e-05,-1.6894102096557617,-0.4377784729003906,-1.58807373046875,1.5632781982421875,89663.7578125,90125.109375,0.0,0.00017352402210235596,2.4034423828125,2.403564453125,1.5540771484375,1.55419921875
152,20200103,36.098799692342965,0.6063628167806769,1578009600000,290.84420585632324,296.98452695210773,298.2092577616374,297.8968588511149,297.79491488138837,298.086861928304,298.5754273732503,297.66680908203125,-2.0599140241655446e-18,273.15008544921875,1.352172851562493,298.8493245442708,0.6499449014663696,298.4645690917969,0.8800005316734314,0,99.99998474121094,-7.3453647229951e-24,-7.345364920210326e-25,0,0,273.1599038441976,9.797513484954798e-06,0.1676788330078125,0.21371078491210938,0.20721308390299478,0.3021507263183594,0.10413598377878468,-8980616,18512580,-7557590,-1227372,20663968,31022693,-0.00032277312129735947,-0.0018774913623929024,-2.5131739675998688e-05,-0.0013656998053193092,-0.004209339618682861,0.00423237681388855,4.656612873077393e-10,0.00423073023557663,1.6689300537109375e-06,-0.0035910960286855698,-0.918472687403361,0.5802694956461588,90009.04134114583,0.0002636075018926931,2.4034423828125,1.5538431803385417,289.6829528808594,292.1190643310547,291.0006561279297,302.45379638671875,292.29335021972656,306.34510803222656,291.9354705810547,305.9528503417969,295.799560546875,299.59510803222656,298.01817321777344,298.1330261230469,298.54066467285156,298.6179656982422,297.597900390625,297.889892578125,-5.746272341353786e-18,-1.8465323420022576e-19,273.1492614746094,273.1513977050781,0.6416015624999929,1.999999999999993,297.597900390625,300.311767578125,0.647575318813324,0.6534804701805115,297.597900390625,299.269775390625,0.8800005316734314,0.8800005316734314,0,0,99.99998474121094,99.99998474121094,-7.3453647229951e-24,-7.3453647229951e-24,-7.345364920210326e-25,-7.345364920210326e-25,0,0,0,0,273.1585235595703,273.16123962402344,3.2782554626464314e-07,2.9474496841430617e-05,0.15869140625,0.1787567138671875,0.21112060546875,0.216217041015625,0.2057647705078125,0.2086944580078125,0.3016510009765625,0.3026580810546875,0.10402342304587364,0.10414087772369385,-881278,-116634.0,0,2626516,-448191,-207796.0,-173238,46472,0,2931756,1202254.0,1376264.0,-5.098292604088783e-05,0.0,-0.0002934234216809273,0.0,-2.6470748707652092e-05,3.141351044178009e-06,-0.0001005236990749836,-4.360917955636978e-06,-0.00044225528836250305,-4.673004150390625e-05,0.00017306208610534668,0.00017955899238586426,-1.4551915228366852e-11,4.656612873077393e-10,0.00017304718494415283,0.00017956644296646118,0.0,4.023313522338867e-07,-0.00035239802673459053,-4.663877189159393e-05,-1.8604736328125,0.05108642578125,-1.71881103515625,1.7412261962890625,89676.94921875,90289.9921875,0.0,6.540119647979736e-05,2.4034423828125,2.4034423828125,1.5538330078125,1.5540771484375
153,20200104,36.098799692342965,0.6063628167806769,1578096000000,289.9205837249756,297.35205777486163,298.39271036783856,298.2350591023763,298.14311536153156,298.1124903361003,298.5765209197998,298.6825764973958,-1.0895671625409468e-18,273.14996337890625,1.9486897786458262,298.7994384765625,0.6503584384918213,298.7803955078125,0.8800005316734314,0,99.99998474121094,-7.3453647229951e-24,-7.345364920210326e-25,0,0,273.15985679626465,6.470829248428317e-06,0.1503143310546875,0.2082678476969401,0.20421663920084634,0.30108642578125,0.10423881902048986,-10857684,21581198,-8428758,-1248612,24092836,30238428,-0.00039280345663428307,-0.002369088586419821,-8.79727303981781e-06,-0.0015709949657320976,-0.005269631743431091,0.004071027040481567,6.984919309616089e-10,0.00407060980796814,4.172325134277344e-07,-0.004341684281826019,-1.443837841351827,0.34251638253529865,89882.67887369792,7.361230109381722e-05,2.403325398763021,1.5537160237630208,287.2089538574219,291.560546875,290.99159240722656,303.76478576660156,292.39247131347656,306.9503631591797,291.97784423828125,306.8716125488281,296.1072692871094,299.9734344482422,298.0296325683594,298.1716766357422,298.53565979003906,298.6278991699219,297.661376953125,299.601318359375,-2.9273466928914745e-18,-1.4230158683751074e-19,273.14947509765625,273.150634765625,1.629882812499993,1.999999999999993,297.806884765625,299.696533203125,0.6499175429344177,0.6533812880516052,297.806884765625,299.659912109375,0.8800005316734314,0.8800005316734314,0,0,99.99998474121094,99.99998474121094,-7.3453647229951e-24,-7.3453647229951e-24,-7.345364920210326e-25,-7.345364920210326e-25,0,0,0,0,273.158203125,273.1613464355469,-3.0791345937888965e-20,2.3812055587768507e-05,0.1378631591796875,0.1651458740234375,0.2054443359375,0.2109375,0.20281982421875,0.2056427001953125,0.300567626953125,0.301605224609375,0.10414087772369385,0.10424307733774185,-1177014,-146580.0,0,3068176,-474059,-250818.0,-211236,70252,0,3425274,1188554.0,1352882.0,-6.165402010083199e-05,0.0,-0.0003693629987537861,0.0,-1.815659925341606e-05,3.579072654247284e-06,-9.409338235855103e-05,-3.435742110013962e-05,-0.0006117373704910278,-5.860626697540283e-05,0.00016649067401885986,0.00017276406288146973,0.0,4.656612873077393e-10,0.00016649067401885986,0.00017277151346206665,0.0,2.60770320892334e-07,-0.00047065503895282745,-5.8613717555999756e-05,-2.25439453125,-0.4134521484375,-1.5639572143554688,1.7872772216796875,89589.453125,90125.15625,0.0,4.553794860839844e-05,2.4033203125,2.4034423828125,1.5537109375,1.5538330078125
154,20200105,36.098799692342965,0.6063628167806769,1578182400000,289.1894302368164,297.5001443227132,298.69263585408527,298.38684527079266,298.24392827351886,298.1517798105876,298.5683345794678,298.1899007161458,-1.0718500911934032e-18,273.1499938964844,1.4634195963541596,299.3050944010417,0.6497859358787537,298.9862365722656,0.8800005316734314,0,99.99998474121094,-7.3453647229951e-24,-7.345364920210326e-25,0,0,273.1601206461589,6.711731354395518e-06,0.1330591837565104,0.20253435770670572,0.20135052998860678,0.3000265757242839,0.10435564164072275,-10414240,20400114,-8323766,-1269952,22776928,30480247,-0.0003728526644408703,-0.0021084891632199287,-1.6318634152412415e-05,-0.0016667023301124573,-0.005069822072982788,0.003917902708053589,-2.3283064365386963e-10,0.003916896879673004,9.98377799987793e-07,-0.004164364188909531,-0.8053797086079916,0.4431387583414714,89781.7001953125,0.00017089482156507074,2.403203328450521,1.5535939534505208,286.39984130859375,291.3490295410156,290.80796813964844,303.7297058105469,292.3179168701172,307.79246520996094,291.7905731201172,307.6303253173828,296.20899963378906,300.08836364746094,298.0700988769531,298.21461486816406,298.53077697753906,298.61524963378906,298.087646484375,298.627197265625,-3.0086618558278874e-18,-8.470334642421832e-20,273.149169921875,273.15087890625,0.9443359374999929,1.999999999999993,298.088134765625,300.719970703125,0.6481170058250427,0.652152955532074,298.088134765625,299.829345703125,0.8800005316734314,0.8800005316734314,0,0,99.99998474121094,99.99998474121094,-7.3453647229951e-24,-7.3453647229951e-24,-7.345364920210326e-25,-7.345364920210326e-25,0,0,0,0,273.1594696044922,273.1608123779297,-4.5970178032896647e-20,2.413988113403318e-05,0.122711181640625,0.145233154296875,0.199798583984375,0.2052459716796875,0.2000274658203125,0.2027130126953125,0.299530029296875,0.3005218505859375,0.10424307733774185,0.10436053574085236,-1085198,-156440.0,0,3090098,-494319,-218512.0,-203566,60236,0,3450150,1184763.6875,1339095.0,-6.200140342116356e-05,0.0,-0.00034407712519168854,0.0,-1.9564060494303703e-05,3.744207788258791e-06,-0.00011162646114826202,-6.699003279209137e-06,-0.0005766972899436951,-6.286054849624634e-05,0.00016023218631744385,0.00016623735427856445,-2.3283064365386963e-10,2.3283064365386963e-10,0.00016023218631744385,0.00016622990369796753,0.0,4.76837158203125e-07,-0.00043393904343247414,-6.255600601434708e-05,-1.5908327102661133,0.5063896179199219,-1.550872802734375,1.8497314453125,89427.2890625,90075.54296875,0.0,7.939338684082031e-05,2.4031982421875,2.4033203125,1.5535888671875,1.5537109375
155,20200106,36.098799692342965,0.6063628167806769,1578268800000,290.4597282409668,297.50642077128094,299.20963923136395,299.0822048187256,298.60055987040204,298.21500333150226,298.5625222524007,298.1798502604167,-1.6366094121727845e-18,273.14996337890625,1.5320231119791596,299.2962646484375,0.6505320072174072,299.0412902832031,0.8800005316734314,0,99.99998474121094,-7.3453647229951e-24,-7.345364920210326e-25,0,0,273.1601098378499,4.329035679499305e-05,0.14225133260091147,0.19743792215983072,0.19863510131835938,0.2989756266276042,0.10445847703764836,-10163272,20390904,-8157102,-1543636,22769116,30940875,-0.0003116847947239876,-0.0018289415165781975,-0.00016214605420827866,-0.001761237159371376,-0.005167968571186066,0.0037957727909088135,4.656612873077393e-10,0.0037700384855270386,2.5734305381774902e-05,-0.0040640076622366905,-0.8691596587498983,-0.026770909627278645,89796.36686197917,0.004459160566227638,2.4031982421875,1.5533548990885417,289.17230224609375,291.94993591308594,290.9337463378906,303.48553466796875,292.32666015625,307.84832763671875,291.7626190185547,307.8097839355469,296.40386962890625,300.5067596435547,298.123779296875,298.29209899902344,298.5226593017578,298.6112823486328,298.112060546875,298.430419921875,-2.9273466928914745e-18,-1.5754817988808815e-19,273.1492919921875,273.1507568359375,1.016601562499993,1.999999999999993,298.111572265625,300.516845703125,0.6484832167625427,0.653007447719574,298.111572265625,299.866455078125,0.8800005316734314,0.8800005316734314,0,0,99.99998474121094,99.99998474121094,-7.3453647229951e-24,-7.3453647229951e-24,-7.345364920210326e-25,-7.345364920210326e-25,0,0,0,0,273.1591339111328,273.1609344482422,1.9073486328124723e-06,0.00011405348777770992,0.1231231689453125,0.1678619384765625,0.1959075927734375,0.199615478515625,0.1973876953125,0.199920654296875,0.2984771728515625,0.2994842529296875,0.10436053574085236,0.10446273535490036,-986387,-197332.0,0,3031786,-505311,-220727.0,-245406,67432,0,3385482,1195513.125,1390771.0,-5.571823567152023e-05,0.0,-0.0003063655458390713,1.1641532182693481e-10,-5.17810694873333e-05,3.3243559300899506e-06,-0.00010765157639980316,-5.495734512805939e-06,-0.0005504488945007324,-7.890909910202026e-05,0.00015425682067871094,0.00016439706087112427,-2.3283064365386963e-10,4.656612873077393e-10,0.00015424937009811401,0.0001599639654159546,0.0,7.4729323387146e-06,-0.0003944286145269871,-7.890723645687103e-05,-1.549494743347168,0.3104248046875,-2.5308685302734375,1.8303070068359375,89471.60546875,90043.640625,-3.725290298461914e-09,0.0012936294078826904,2.4031982421875,2.4031982421875,1.5533447265625,1.5535888671875
156,20200107,36.098799692342965,0.6063628167806769,1578355200000,290.95150502522785,297.4374574025472,298.6456406911214,298.63680330912274,298.6430072784424,298.303612391154,298.552427927653,298.26019287109375,-6.371101208224039e-19,273.14996337890625,1.4873860677083262,299.2287190755208,0.6494359374046326,298.9759826660156,0.8800005316734314,0,99.99998474121094,-7.3453647229951e-24,-7.345364920210326e-25,0,0,273.160005569458,6.579235196113585e-05,0.1691595713297526,0.19486681620279947,0.1960932413736979,0.2979393005371094,0.10457529965788126,-9774720,18274774,-7201774,-1212480,20408676,31619441,-0.00028765713796019554,-0.0018129306845366955,-0.00017898622900247574,-0.001629064790904522,-0.004627145826816559,0.003644093871116638,0.0,0.003630302846431732,1.3828277587890625e-05,-0.003908638842403889,-1.1609546343485515,0.20927111307779947,89830.07340494792,0.0024334490299224854,2.403081258138021,1.5532277425130208,289.3929138183594,293.2542266845703,290.9103546142578,303.13116455078125,292.8679656982422,306.0770263671875,292.9356994628906,305.9627990722656,296.9698486328125,300.1349792480469,298.2301940917969,298.365234375,298.51747131347656,298.5937805175781,298.152099609375,298.620361328125,-2.818926475642924e-18,-1.0842026894733873e-19,273.1492919921875,273.1507568359375,0.9218749999999929,1.999999999999993,298.152587890625,300.494384765625,0.6471557021141052,0.653099000453949,298.152099609375,299.717041015625,0.8800005316734314,0.8800005316734314,0,0,99.99998474121094,99.99998474121094,-7.3453647229951e-24,-7.3453647229951e-24,-7.345364920210326e-25,-7.345364920210326e-25,0,0,0,0,273.15916442871094,273.16078186035156,3.188848495483351e-06,0.0001167058944702148,0.154998779296875,0.1758880615234375,0.1940460205078125,0.1958465576171875,0.1949310302734375,0.1972808837890625,0.297454833984375,0.298431396484375,0.10446273535490036,0.10458019375801086,-977678,-123356.0,0,2582668,-400842,-214660.0,-176916,46340,0,2884206,1223486.0,1422643.0,-4.8671383410692215e-05,0.0,-0.0002973191440105438,0.0,-8.001783862709999e-05,1.205364242196083e-06,-0.00010543374810367823,-3.0517578125e-05,-0.000504419207572937,-4.932284355163574e-05,0.00014857947826385498,0.000157870352268219,-2.3283064365386963e-10,2.3283064365386963e-10,0.0001485571265220642,0.00015401095151901245,-7.450580596923828e-09,7.487833499908447e-06,-0.0003909468650817871,-4.9328431487083435e-05,-2.2115325927734375,-0.41522979736328125,-1.469970703125,1.74737548828125,89501.3828125,90067.9140625,0.0,0.0013231337070465088,2.403076171875,2.4031982421875,1.55322265625,1.5533447265625
157,20200108,36.098799692342965,0.6063628167806769,1578441600000,291.55851491292316,297.85304578145343,298.46060117085773,298.3357671101888,298.5167293548584,298.3619639078776,298.5477415720622,299.02089436848956,-1.7849107984870838e-18,273.1500549316406,1.960449218749993,299.1160888671875,0.6502611637115479,299.10516357421875,0.8800005316734314,0,99.99998474121094,-7.3453647229951e-24,-7.345364920210326e-25,0,0,273.15999539693195,3.0949711799621575e-05,0.170562744140625,0.19329706827799478,0.19372685750325522,0.2969156901041667,0.10467813505480687,-9145752,16531966,-6574520,-874592,18465068,32174316,-0.0002604108303785324,-0.0017523551359772682,-0.00012605171650648117,-0.0015183091163635254,-0.00432954728603363,0.003502383828163147,0.0,0.0034972205758094788,5.140900611877441e-06,-0.0036571286618709564,-1.4001693725585938,0.05532964070638021,89854.79280598958,0.0009016841650009155,2.402959187825521,1.5531056722005208,289.3123016357422,292.8280334472656,293.6352844238281,302.54978942871094,293.87261962890625,304.6234130859375,293.7283630371094,304.5675354003906,297.2023620605469,299.8470153808594,298.306640625,298.40467834472656,298.5211181640625,298.5823974609375,298.243896484375,299.700439453125,-2.9273466928914745e-18,-1.8126510241120856e-19,273.1492919921875,273.15069580078125,1.725585937499993,1.999999999999993,298.476806640625,299.760986328125,0.6499175429344177,0.6525649428367615,298.476806640625,299.740966796875,0.8800005316734314,0.8800005316734314,0,0,99.99998474121094,99.99998474121094,-7.3453647229951e-24,-7.3453647229951e-24,-7.345364920210326e-25,-7.345364920210326e-25,0,0,0,0,273.1592712402344,273.1609191894531,3.0994415283202646e-06,8.41915607452392e-05,0.162506103515625,0.1796417236328125,0.192474365234375,0.1940155029296875,0.1926422119140625,0.1948394775390625,0.2964324951171875,0.2974090576171875,0.10458019375801086,0.10468239337205887,-899060,-125446.0,0,2225904,-389863,-149852.5,-156626,71424,0,2486220,1227754.0,1389887.0,-4.095584154129028e-05,0.0,-0.00025625061243772507,0.0,-6.544869393110275e-05,2.800486981868744e-06,-8.410913869738579e-05,-4.998408257961273e-05,-0.00045729801058769226,-5.014985799789429e-05,0.00014314055442810059,0.00014841556549072266,-2.3283064365386963e-10,2.3283064365386963e-10,0.00014314055442810059,0.0001483336091041565,0.0,1.0505318641662598e-06,-0.000359509140253067,-5.016382783651352e-05,-2.2147216796875,-0.5424346923828125,-1.323486328125,1.371826171875,89544.30859375,90058.7734375,0.0,0.00018137693405151367,2.4029541015625,2.403076171875,1.5531005859375,1.55322265625
158,20200109,36.098799692342965,0.6063628167806769,1578528000000,290.45269775390625,296.8908386230469,298.2875067392985,297.9668483734131,298.12304560343426,298.3529275258382,298.5426890055339,298.45420328776044,-1.6363975505383944e-18,273.1500244140625,1.6059977213541596,299.2251383463542,0.6502313017845154,299.0447082519531,0.8800005316734314,0,99.99998474121094,-7.3453647229951e-24,-7.345364920210326e-25,0,0,273.1600259145101,1.2536843617757135e-05,0.15528488159179688,0.19133885701497397,0.1914952596028646,0.29590098063151044,0.10479495767503977,-10215660,18698934,-7776968,-1258612,20887080,30853152,-0.00031733838841319084,-0.0019380324520170689,-4.512723535299301e-05,-0.0017844578251242638,-0.0048481374979019165,0.0033732205629348755,0.0,0.0033700689673423767,3.159046173095703e-06,-0.0040849559009075165,-1.1146799723307292,0.45363934834798175,89798.63981119792,0.0005714237689957713,2.4029541015625,1.5528666178385417,288.8083038330078,292.35546875,290.65199279785156,302.68202209472656,292.2586669921875,306.24757385253906,291.77687072753906,305.9040832519531,296.2758483886719,299.79835510253906,298.2944793701172,298.3889617919922,298.50831604003906,298.58538818359375,298.257568359375,298.853759765625,-3.0086618558278874e-18,-1.1180840073635593e-19,273.14923095703125,273.1507568359375,0.9374999999999929,1.999999999999993,298.258056640625,300.322509765625,0.6484526991844177,0.6525878310203552,298.258056640625,299.807373046875,0.8800005316734314,0.8800005316734314,0,0,99.99998474121094,99.99998474121094,-7.3453647229951e-24,-7.3453647229951e-24,-7.345364920210326e-25,-7.345364920210326e-25,0,0,0,0,273.15936279296875,273.160888671875,2.2649765014648298e-06,3.674626350402829e-05,0.1452484130859375,0.165496826171875,0.190155029296875,0.192413330078125,0.190460205078125,0.19256591796875,0.29541015625,0.29638671875,0.10468239337205887,0.10479985177516937,-887148,-149650.0,-2,2503818,-407608,-207557.0,-168094,76848,0,2796872,1172915.3125,1384820.0,-4.643481224775314e-05,0.0,-0.0002673524431884289,0.0,-3.0354829505085945e-05,4.370464012026787e-06,-0.00010293349623680115,-1.652538776397705e-05,-0.00045535340905189514,-6.011873483657837e-05,0.00013796985149383545,0.00014291703701019287,-2.3283064365386963e-10,2.3283064365386963e-10,0.0001379549503326416,0.0001429244875907898,0.0,6.51925802230835e-07,-0.00035474542528390884,-5.9841200709342957e-05,-1.525299072265625,-0.3849029541015625,-2.079071044921875,1.9467010498046875,89457.4375,90118.5390625,0.0,0.000115908682346344,2.4029541015625,2.4029541015625,1.5528564453125,1.5531005859375
159,20200110,36.098799692342965,0.6063628167806769,1578614400000,289.3639907836914,297.7985331217448,298.8447348276774,298.5803801218669,298.32922744750977,298.3395989735921,298.5407009124756,298.1825764973958,-2.7265998843922053e-18,273.150146484375,1.559326171874993,299.2655436197917,0.6502872705459595,299.02032470703125,0.8800005316734314,0,99.99998474121094,-7.3453647229951e-24,-7.345364920210326e-25,0,0,273.1601142883301,9.501973787943481e-06,0.13629849751790366,0.18864059448242188,0.18936475118001303,0.29489390055338544,0.10489779307196538,-11387780,21981550,-8812956,-1244076,24557912,30068297,-0.0003848741762340069,-0.0023058680817484856,-3.069266676902771e-05,-0.0018322216346859932,-0.0055863335728645325,0.0032511651515960693,0.0,0.0032481998205184937,2.9653310775756836e-06,-0.004553655162453651,-0.7773717244466146,-0.3521919250488281,89790.00211588542,0.0005448758602142334,2.402837117513021,1.5527394612630208,287.7273254394531,291.6055145263672,289.9891052246094,304.0931396484375,291.65660095214844,307.8199768066406,291.125244140625,307.6495666503906,296.0911407470703,300.22718811035156,298.2644348144531,298.38844299316406,298.50042724609375,298.5925750732422,298.069091796875,298.667236328125,-5.8546925586023365e-18,-5.556536650976093e-19,273.1492614746094,273.1512451171875,1.042968749999993,1.999999999999993,298.068603515625,300.515869140625,0.6482009291648865,0.6527556777000427,298.068603515625,299.893798828125,0.8800005316734314,0.8800005316734314,0,0,99.99998474121094,99.99998474121094,-7.3453647229951e-24,-7.3453647229951e-24,-7.345364920210326e-25,-7.345364920210326e-25,0,0,0,0,273.1591491699219,273.16065979003906,1.1920928955077886e-06,2.920627593994136e-05,0.1240692138671875,0.1496124267578125,0.1870880126953125,0.1900634765625,0.188385009765625,0.1903839111328125,0.2944183349609375,0.295379638671875,0.10479985177516937,0.10490205138921738,-1156104,-158148.0,0,3042694,-506853,-276576.0,-219596,88176,0,3399354,1151853.875,1334244.0,-5.8609526604413986e-05,0.0,-0.0003532436676323414,4.656612873077393e-10,-2.6123598217964172e-05,4.333211109042168e-06,-0.00012269336730241776,-6.399117410182953e-06,-0.000615391880273819,-6.336718797683716e-05,0.00013324618339538574,0.00013779103755950928,0.0,0.0,0.00013297051191329956,0.00013774633407592773,-7.450580596923828e-09,5.103647708892822e-07,-0.0004622936248779297,-6.324052810668945e-05,-1.4924163818359375,0.1637420654296875,-3.0498199462890625,1.552276611328125,89425.89453125,90068.48828125,0.0,9.472668170928955e-05,2.40283203125,2.4029541015625,1.552734375,1.5528564453125
160,20200111,36.098799692342965,0.6063628167806769,1578700800000,290.8247865041097,297.50171089172363,299.2543690999349,299.14338366190594,298.7334639231364,298.38485018412274,298.5388043721517,298.40346272786456,-1.2013755115785144e-18,273.14996337890625,1.5607096354166596,299.3539632161458,0.6507129073143005,299.1396179199219,0.8800005316734314,0,99.99998474121094,-7.3453647229951e-24,-7.345364920210326e-25,0,0,273.1600863138835,2.8001765410105355e-05,0.12610308329264322,0.18548711140950522,0.1873448689778646,0.2939014434814453,0.10501461569219828,-10317720,20271200,-7790970,-1455048,22649340,31311004,-0.00034212367609143257,-0.0020036050118505955,-5.337316542863846e-05,-0.0017266664654016495,-0.00511641800403595,0.0031426697969436646,0.0,0.003131859004497528,1.0818243026733398e-05,-0.004125766456127167,-0.8599936167399088,0.3357156117757161,89820.37044270833,0.0020743906497955322,2.402715047200521,1.5526173909505208,289.43182373046875,292.0984191894531,291.41517639160156,303.3456726074219,292.93272399902344,307.999755859375,292.44444274902344,308.03773498535156,296.7423858642578,300.50030517578125,298.3051452636719,298.4500427246094,298.5011291503906,298.58714294433594,298.185791015625,298.556396484375,-4.8789106033653825e-18,-2.744387266091816e-19,273.14910888671875,273.1504821777344,0.9609374999999929,1.999999999999993,298.241455078125,300.538330078125,0.648582398891449,0.6534499526023865,298.241455078125,299.968017578125,0.8800005316734314,0.8800005316734314,0,0,99.99998474121094,99.99998474121094,-7.3453647229951e-24,-7.3453647229951e-24,-7.345364920210326e-25,-7.345364920210326e-25,0,0,0,0,273.15924072265625,273.1608581542969,2.2947788238524993e-06,8.812546730041501e-05,0.1133575439453125,0.1345672607421875,0.184051513671875,0.1869964599609375,0.1864166259765625,0.18829345703125,0.293426513671875,0.29437255859375,0.10490205138921738,0.10501950979232788,-959030,-142112.0,0,2868780,-508675,-193689.0,-221304,48780,0,3205404,1240045.4375,1359387.0,-5.421275272965431e-05,0.0,-0.0003097075968980789,0.0,-3.3787451684474945e-05,2.15042382478714e-06,-0.00010421033948659897,-1.744041219353676e-05,-0.000522267073392868,-5.704909563064575e-05,0.00012859702110290527,0.00013302266597747803,-2.3283064365386963e-10,2.3283064365386963e-10,0.00012823939323425293,0.00013278424739837646,3.3527612686157227e-08,2.3543834686279297e-06,-0.00038348883390426636,-5.682744085788727e-05,-1.51446533203125,0.5158538818359375,-2.3607025146484375,2.0117950439453125,89424.21484375,90056.1171875,6.573274731636047e-06,0.00045418739318847656,2.4027099609375,2.40283203125,1.5526123046875,1.552734375
161,20200112,36.098799692342965,0.6063628167806769,1578787200000,290.7914460500081,296.9854621887207,298.8682505289714,298.99912134806317,298.861998240153,298.45759709676105,298.53112411499023,298.64678955078125,-2.722011720329527e-18,273.1501159667969,1.666870117187493,299.2489827473958,0.6500701308250427,299.1172180175781,0.8800005316734314,0,99.99998474121094,-7.3453647229951e-24,-7.345364920210326e-25,0,0,273.16001955668133,8.912011981010436e-05,0.14682960510253906,0.18288485209147134,0.18545913696289062,0.2929248809814453,0.10511745108912389,-10007516,18055254,-6941026,-1392568,20176036,32002994,-0.000284471083432436,-0.0017465273849666119,-0.0001416187733411789,-0.0018291091546416283,-0.004893511533737183,0.0030611753463745117,6.984919309616089e-10,0.00302143394947052,3.972649574279785e-05,-0.00400172732770443,-0.2508225043614705,0.2297146717707316,89900.04671223958,0.0072976648807525635,2.4027099609375,1.5523783365885417,289.3561248779297,292.45115661621094,292.188720703125,302.1133270263672,293.8784942626953,306.16558837890625,293.7510528564453,306.36134338378906,297.3523864746094,300.30796813964844,298.3941955566406,298.5112762451172,298.50262451171875,298.5686492919922,298.415283203125,298.821044921875,-5.204171255111034e-18,-1.6432444346612255e-19,273.1494140625,273.1509094238281,1.224609374999993,1.999999999999993,298.415283203125,300.271728515625,0.6482390761375427,0.653099000453949,298.415283203125,299.835693359375,0.8800005316734314,0.8800005316734314,0,0,99.99998474121094,99.99998474121094,-7.3453647229951e-24,-7.3453647229951e-24,-7.345364920210326e-25,-7.345364920210326e-25,0,0,0,0,273.1592559814453,273.16065979003906,8.642673492431173e-07,0.00021845102310180664,0.1201324462890625,0.2082977294921875,0.182098388671875,0.1839752197265625,0.1845855712890625,0.18634033203125,0.2924652099609375,0.2933807373046875,0.10501950979232788,0.10512170940637589,-886620,-147140.0,0,2351048,-439744,-188839.0,-170932,43384,0,2627190,1278143.5,1427529.0,-4.3079257011413574e-05,0.0,-0.0002522212453186512,1.1543743312358856e-06,-7.27199949324131e-05,4.3958425521850586e-07,-0.00012964848428964615,-3.549037501215935e-05,-0.0004784800112247467,-5.883723497390747e-05,0.00012530386447906494,0.00013440847396850586,-2.3283064365386963e-10,4.656612873077393e-10,0.00012375414371490479,0.00012805312871932983,6.332993507385254e-08,9.566545486450195e-06,-0.00035453494638204575,-5.88390976190567e-05,-1.104705810546875,0.714141845703125,-3.0676727294921875,1.9294586181640625,89428.71484375,90160.171875,1.2576580047607422e-05,0.0018358081579208374,2.4027099609375,2.4027099609375,1.5523681640625,1.5526123046875
162,20200113,36.098799692342965,0.6063628167806769,1578873600000,290.8615614573161,295.968900680542,297.8850320180257,298.03116099039715,298.39770634969074,298.47972106933594,298.5175660451253,298.4268798828125,-1.436144879057549e-18,273.14996337890625,1.5756429036458262,298.9479166666667,0.6502246260643005,298.80743408203125,0.8800005316734314,0,99.99998474121094,-7.3453647229951e-24,-7.345364920210326e-25,0,0,273.1599540710449,0.00013836721579233804,0.24718030293782553,0.19006729125976562,0.18374252319335938,0.29197247823079425,0.1052196507031719,-8211488,14098178,-6135024,-1246676,15755384,32340754,-0.00016397750005126,-0.0010708682239055634,-0.00047163013368844986,-0.001577070914208889,-0.0037498772144317627,0.002975746989250183,2.3283064365386963e-10,0.002917185425758362,5.857646465301514e-05,-0.003283543512225151,-0.16514205932617188,0.45073580741882324,89928.62939453125,0.009671515226273186,2.402592976888021,1.5522511800130208,289.28228759765625,291.75445556640625,291.55442810058594,300.12571716308594,293.2036437988281,304.3775177001953,293.7498779296875,303.9355773925781,297.1855773925781,299.62449645996094,298.44322204589844,298.50233459472656,298.4973907470703,298.54331970214844,298.289794921875,298.829833984375,-4.065758974001254e-18,-7.623301695167532e-20,273.1493835449219,273.1504211425781,0.9091796874999929,1.999999999999993,298.290283203125,299.839111328125,0.6484526991844177,0.6525573134422302,298.290283203125,299.338134765625,0.8800005316734314,0.8800005316734314,0,0,99.99998474121094,99.99998474121094,-7.3453647229951e-24,-7.3453647229951e-24,-7.345364920210326e-25,-7.345364920210326e-25,0,0,0,0,273.1593017578125,273.1607208251953,7.987022399902334e-06,0.00021845102310180664,0.212615966796875,0.269378662109375,0.1824493408203125,0.2031097412109375,0.183013916015625,0.1845245361328125,0.291534423828125,0.29241943359375,0.10512170940637589,0.10522390902042389,-775358,-140452.0,0,2139262,-356046,-135160.0,-144624,12384,0,2390852,1245280.3125,1418169.0,-3.7906691431999207e-05,0.0,-0.00022409996017813683,1.6771955415606499e-06,-0.0001580212265253067,1.648440957069397e-07,-8.865533163771033e-05,-3.544893115758896e-05,-0.00037165358662605286,-5.6177377700805664e-05,0.00011979043483734131,0.00013530254364013672,0.0,2.3283064365386963e-10,0.00011955201625823975,0.00012358278036117554,1.341104507446289e-07,1.3850629329681396e-05,-0.0003100438043475151,-5.616340786218643e-05,-1.2924652099609375,0.7734375,-1.353628158569336,1.8788604736328125,89594.3515625,90171.90234375,2.199411392211914e-05,0.0023205578327178955,2.402587890625,2.4027099609375,1.55224609375,1.5523681640625
163,20200114,36.098799692342965,0.6063628167806769,1578960000000,291.2138074239095,296.5185139973958,298.4149055480957,298.39842796325684,298.3737506866455,298.46235847473145,298.5242093404134,298.08770751953125,-1.0074753804069232e-18,273.14996337890625,1.599487304687493,298.9774169921875,0.6505358219146729,298.7813720703125,0.8800005316734314,0,99.99998474121094,-7.3453647229951e-24,-7.345364920210326e-25,0,0,273.15992228190106,6.678824623425801e-05,0.23158645629882812,0.20790417989095053,0.1823253631591797,0.29103724161783856,0.1053218503172199,-10928604,19810054,-7139714,-1407572,22142140,31598007,-0.0003319019451737404,-0.002144221216440201,-0.00020366068929433823,-0.0016902592033147812,-0.004957035183906555,0.002826288342475891,0.0,0.002818159759044647,8.121132850646973e-06,-0.00437004491686821,-0.49498621622721356,0.17417208353678384,89837.66520182292,0.001332104206085205,2.402470906575521,1.5521291097005208,290.1033172607422,292.7548370361328,291.5835723876953,302.3688659667969,292.9220275878906,306.552001953125,293.3325653076172,306.0771484375,296.65489196777344,300.078125,298.3973846435547,298.50645446777344,298.48683166503906,298.5724334716797,297.979736328125,298.451416015625,-4.824700494741107e-18,-8.300928052970972e-20,273.14935302734375,273.150634765625,1.028320312499993,1.999999999999993,297.979736328125,300.132080078125,0.6485289931297302,0.6530837416648865,297.979736328125,299.588134765625,0.8800005316734314,0.8800005316734314,0,0,99.99998474121094,99.99998474121094,-7.3453647229951e-24,-7.3453647229951e-24,-7.345364920210326e-25,-7.345364920210326e-25,0,0,0,0,273.15919494628906,273.1605987548828,1.400709152221632e-06,0.00018391013145446772,0.2147216796875,0.2554779052734375,0.2039642333984375,0.20892333984375,0.181732177734375,0.182952880859375,0.2906036376953125,0.2914886474609375,0.10522390902042389,0.1053261086344719,-1125364,-158048.0,0,2902530,-437404,-202765.0625,-201744,64580,-2,3244224,1226506.8125,1395930.0,-5.651358515024185e-05,0.0,-0.00034893350675702095,4.624016582965851e-07,-0.00011554872617125511,1.4833640307188034e-06,-0.00012654252350330353,-2.4368520826101303e-05,-0.0005403608083724976,-6.323307752609253e-05,0.00011551380157470703,0.00011995341628789902,-2.3283064365386963e-10,2.3283064365386963e-10,0.00011549890041351318,0.0001193806529045105,0.0,1.3262033462524414e-06,-0.00045000109821558,-6.319954991340637e-05,-1.4551849365234375,0.37164306640625,-3.187347412109375,1.8033905029296875,89499.30859375,90093.30078125,0.0,0.00022459030151367188,2.4024658203125,2.402587890625,1.5521240234375,1.55224609375
164,20200115,36.098799692342965,0.6063628167806769,1579046400000,289.94614601135254,297.4581654866536,298.34964688618976,298.2034085591634,298.346492767334,298.4551359812419,298.52396329243976,298.51344807942706,-2.280213314394036e-18,273.14996337890625,1.6613362630208262,299.0320638020833,0.6500548720359802,298.90277099609375,0.8800005316734314,0,99.99998474121094,-7.3453647229951e-24,-7.345364920210326e-25,0,0,273.16004435221356,1.6935169696807824e-05,0.20270220438639322,0.2083911895751953,0.18109575907389322,0.29011090596516925,0.1054386729374528,-10616680,19727256,-7610424,-1079492,22052768,31067852,-0.000347992405295372,-0.0022385292686522007,-7.300823926925659e-05,-0.0015857825055718422,-0.0049018338322639465,0.0027251243591308594,0.0,0.0027233660221099854,1.7583370208740234e-06,-0.004245314747095108,-0.8506991068522135,0.2582736412684123,89810.90755208333,0.0003005743025710217,2.4024658203125,1.5518900553385417,286.79689025878906,291.7425842285156,292.68150329589844,303.3103332519531,293.7113494873047,305.9927978515625,293.55963134765625,305.7080841064453,296.7187194824219,300.03834533691406,298.39508056640625,298.49806213378906,298.4886169433594,298.5699920654297,298.089111328125,298.903564453125,-5.529431906856685e-18,-3.7947081206871484e-19,273.14935302734375,273.1508483886719,0.9960937499999929,1.999999999999993,298.089111328125,300.256103515625,0.6484221816062927,0.653434693813324,298.089111328125,299.733642578125,0.8800005316734314,0.8800005316734314,0,0,99.99998474121094,99.99998474121094,-7.3453647229951e-24,-7.3453647229951e-24,-7.345364920210326e-25,-7.345364920210326e-25,0,0,0,0,273.1592102050781,273.1608428955078,5.9604644775343357e-08,5.8263540267944295e-05,0.1886749267578125,0.2193450927734375,0.2072296142578125,0.2090911865234375,0.1805267333984375,0.1816864013671875,0.2896728515625,0.290557861328125,0.1053261086344719,0.1054435670375824,-1095635,-158660.0,0,2789352,-454674,-194376.375,-170934,88650,0,3118284,1217999.0,1355052.0,-5.5108219385147095e-05,0.0,-0.000337360892444849,0.0,-3.823917359113693e-05,1.541338860988617e-06,-9.617861360311508e-05,-1.5933066606521606e-05,-0.0005344711244106293,-6.362050771713257e-05,0.00011163949966430664,0.00011536478996276855,0.0,0.0,0.00011163949966430664,0.00011533498764038086,-7.450580596923828e-09,5.550682544708252e-07,-0.0004381141625344753,-6.344448775053024e-05,-1.741119384765625,1.1491241455078125,-1.888580322265625,1.807281494140625,89447.3125,90089.73828125,-1.4901161193847656e-08,9.249895811080933e-05,2.4024658203125,2.4024658203125,1.5518798828125,1.5521240234375
165,20200116,36.098799692342965,0.6063628167806769,1579132800000,290.4101988474528,297.90683364868164,298.88443756103516,298.5593096415202,298.3712075551351,298.4413299560547,298.5257860819499,298.46917724609375,-2.797468376577533e-18,273.1498718261719,1.4012044270833262,299.432861328125,0.6499575972557068,299.1015930175781,0.8800005316734314,0,99.99998474121094,-7.3453647229951e-24,-7.345364920210326e-25,0,0,273.15995025634766,3.445893526077245e-06,0.17617925008138022,0.20546340942382812,0.17991956075032553,0.2892017364501953,0.1054807457452019,-9405128,18281454,-7008336,-976776,20437208,31937650,-0.0003335746005177498,-0.002014636993408203,-1.753680408000946e-06,-0.0014108801260590553,-0.004396952688694,0.0026334524154663086,2.3283064365386963e-10,0.00263320654630661,2.384185791015625e-07,-0.003760845400393009,-0.8245904048283895,0.2526231606801351,89824.49918619792,4.161970838367779e-05,2.402348836263021,1.5514119466145833,287.8385467529297,292.54241943359375,292.8634948730469,303.2150115966797,293.61717224121094,306.0813446044922,293.1862487792969,305.7396240234375,296.5400390625,300.0406494140625,298.3793487548828,298.485107421875,298.49290466308594,298.5658721923828,298.298095703125,298.696533203125,-5.963112775850887e-18,-9.215726737932913e-19,273.149169921875,273.1510009765625,0.6914062499999929,1.999999999999993,298.298095703125,300.917236328125,0.647972047328949,0.652519166469574,298.298095703125,299.877197265625,0.8800005316734314,0.8800005316734314,0,0,99.99998474121094,99.99998474121094,-7.3453647229951e-24,-7.3453647229951e-24,-7.345364920210326e-25,-7.345364920210326e-25,0,0,0,0,273.1593933105469,273.1607971191406,1.7881393432612373e-07,1.2934207916259745e-05,0.1640625,0.1903533935546875,0.2035369873046875,0.2071380615234375,0.1793670654296875,0.18048095703125,0.2887725830078125,0.289642333984375,0.1054435670375824,0.10548236221075058,-935382,-119032.0,0,2607804,-387167,-177115.375,-152708,67532,0,2915274,1226695.0,1435243.0,-5.203532055020332e-05,0.0,-0.00029854709282517433,0.0,-8.48923809826374e-06,2.4870969355106354e-06,-8.917227387428284e-05,-7.896684110164642e-06,-0.00046134740114212036,-4.775822162628174e-05,0.00010797381401062012,0.00011149048805236816,-1.4551915228366852e-11,2.3283064365386963e-10,0.00010797381401062012,0.00011149048805236816,0.0,6.705522537231445e-08,-0.0003740321844816208,-4.759710282087326e-05,-1.743133544921875,0.5800933837890625,-1.643951416015625,1.5710783004760742,89456.5546875,90094.87890625,0.0,1.1160969734191895e-05,2.40234375,2.4024658203125,1.5513916015625,1.5518798828125
166,20200117,36.098799692342965,0.6063628167806769,1579219200000,290.3830172220866,298.25270716349286,299.2463258107503,298.94656562805176,298.6713759104411,298.46570142110187,298.53228251139325,298.60321044921875,-3.577867996382777e-18,273.15008544921875,1.3929036458333262,299.6621907552083,0.6499096155166626,299.3297119140625,0.8800005316734314,0,99.99998474121094,-7.3453647229951e-24,-7.345364920210326e-25,0,0,273.16010665893555,6.105750799179041e-06,0.15665308634440103,0.20132954915364584,0.17875289916992188,0.28831036885579425,0.10553416749462485,-9462632,18186186,-6755326,-1046024,20331448,32381703,-0.0003323894925415516,-0.001982897985726595,-1.7784535884857178e-05,-0.0014507714658975601,-0.004488505423069,0.002549082040786743,-2.3283064365386963e-10,0.0025474056601524353,1.6689300537109375e-06,-0.003783843480050564,-0.9213557640711466,0.22210613886515299,89769.69384765625,0.0002996386146492114,2.402226765950521,1.5508066813151042,287.3669891357422,292.7576141357422,291.9308319091797,303.73956298828125,293.2817077636719,307.6136932373047,292.85472106933594,307.16204833984375,296.74400329589844,300.27862548828125,298.3916015625,298.52076721191406,298.4955596923828,298.57374572753906,298.455322265625,298.725830078125,-5.963112775850887e-18,-3.252607034444396e-19,273.149169921875,273.15093994140625,0.8046874999999929,1.999999999999993,298.455322265625,301.061767578125,0.6477813124656677,0.6533583998680115,298.455322265625,300.113525390625,0.8800005316734314,0.8800005316734314,0,0,99.99998474121094,99.99998474121094,-7.3453647229951e-24,-7.3453647229951e-24,-7.345364920210326e-25,-7.345364920210326e-25,0,0,0,0,273.15911865234375,273.16082763671875,1.3411045074462653e-06,1.7642974853515605e-05,0.146697998046875,0.16827392578125,0.199188232421875,0.2033843994140625,0.1782073974609375,0.1793212890625,0.2878875732421875,0.288726806640625,0.10548236221075058,0.10553641989827156,-1025706,-159798.5,0,3054974,-448877,-201185.0,-196440,43440,0,3415400,1245175.125,1500932.0,-5.96814788877964e-05,0.0,-0.0003444054163992405,0.0,-1.527508720755577e-05,3.162538632750511e-06,-0.0001064687967300415,-4.754401743412018e-06,-0.0005208775401115417,-6.389804184436798e-05,0.00010448694229125977,0.00010782480239868164,-2.3283064365386963e-10,2.3283064365386963e-10,0.00010447949171066284,0.00010783225297927856,0.0,3.129243850708008e-07,-0.0004101507365703583,-6.389885675162077e-05,-1.7126445770263672,-0.037863731384277344,-1.3592071533203125,1.1585426330566406,89427.5,90061.05078125,-1.1920917586394353e-08,5.5924057960510254e-05,2.4022216796875,2.40234375,1.55078125,1.5513916015625
167,20200118,36.098799692342965,0.6063628167806769,1579305600000,289.0863679250081,299.1003786722819,299.22549565633136,299.04281934102374,298.95507621765137,298.52841504414874,298.5363375345866,298.8109537760417,-4.127874861330005e-18,273.15008544921875,1.614257812499993,299.6394856770833,0.6506003737449646,299.4543151855469,0.8800005316734314,0,99.99998474121094,-7.3453647229951e-24,-7.345364920210326e-25,0,0,273.16000175476074,2.5033950805663796e-06,0.13692156473795572,0.19677352905273438,0.17758560180664062,0.28742726643880206,0.10558822161207597,-11396380,19563532,-7615322,-664088,21872236,31512262,-0.00037389760836958885,-0.0022669797763228416,-4.684552550315857e-06,-0.0019115312024950981,-0.0055546835064888,0.002465561032295227,4.656612873077393e-10,0.002465486526489258,8.940696716308594e-08,-0.0045570917427539825,-0.8378660281499227,-0.5245522658030192,89714.47542317708,1.1227982554373739e-05,2.402104695638021,1.5503133138020833,285.97767639160156,291.91761779785156,292.2588195800781,305.1608428955078,293.4647216796875,307.33778381347656,293.05535888671875,307.3193664550781,297.1043395996094,300.56927490234375,298.45123291015625,298.58753967285156,298.4984893798828,298.5857696533203,298.617431640625,298.932861328125,-5.746272341353786e-18,-2.6291910954579608e-18,273.14886474609375,273.1513671875,1.229492187499993,1.999999999999993,298.617431640625,300.731689453125,0.6485976576805115,0.6530837416648865,298.617431640625,300.234619140625,0.8800005316734314,0.8800005316734314,0,0,99.99998474121094,99.99998474121094,-7.3453647229951e-24,-7.3453647229951e-24,-7.345364920210326e-25,-7.345364920210326e-25,0,0,0,0,273.1592712402344,273.16090393066406,-4.770490179321679e-20,1.132488250732419e-05,0.1242218017578125,0.1520233154296875,0.19439697265625,0.19903564453125,0.1770172119140625,0.17816162109375,0.287017822265625,0.2878570556640625,0.10553641989827156,0.10559047386050224,-1128842,-195711.0,0,2971494,-478965,-226639.0,-170991,101628,0,3322248,1202808.0,1455232.0,-5.7984609156847e-05,0.0,-0.00034780288115143776,0.0,-9.681563824415207e-06,2.169748768210411e-06,-0.000128802377730608,-1.676962710916996e-05,-0.0005975961685180664,-7.825996726751328e-05,0.00010113418102264404,0.00010436773300170898,-2.3283064365386963e-10,4.656612873077393e-10,0.00010114163160324097,0.00010433793067932129,-7.450580596923828e-09,2.9802322387695312e-08,-0.0004513915628194809,-7.825938519090414e-05,-1.7545318603515625,0.5373687744140625,-3.0181884765625,1.531402587890625,89365.703125,89959.796875,-8.654808425490046e-09,5.662441253662109e-06,2.402099609375,2.4022216796875,1.55029296875,1.55078125
168,20200119,36.098799692342965,0.6063628167806769,1579392000000,288.3402099609375,298.7380485534668,299.37297948201496,299.2108497619629,298.92835362752277,298.5786616007487,298.538392384847,298.7029215494792,-1.424533538003989e-18,273.14996337890625,1.6203206380208262,299.6055501302083,0.6507869958877563,299.3986511230469,0.8800005316734314,0,99.99998474121094,-7.3453647229951e-24,-7.345364920210326e-25,0,0,273.16003036499023,2.091129620869917e-06,0.11415608723958333,0.19176610310872397,0.1764068603515625,0.28656005859375,0.10561303313200672,-12128564,22016642,-8599404,-1097888,24616468,30554442,-0.0004122592508792877,-0.002381321508437395,-7.078051567077637e-08,-0.002056221477687359,-0.00614900141954422,0.002387002110481262,-2.3283064365386963e-10,0.0023869872093200684,0.0,-0.004849873483181,-1.0415573120117188,-0.5129151741663615,89760.99104817708,8.52346317969932e-07,2.401982625325521,1.549591064453125,285.03892517089844,290.8112030029297,290.5589904785156,305.8558654785156,292.3105926513672,308.248291015625,291.7407531738281,308.14874267578125,296.75701904296875,300.7929992675781,298.4954376220703,298.6388702392578,298.4944763183594,298.59539794921875,298.444580078125,299.104248046875,-2.8460315299550617e-18,-5.675125916482641e-20,273.149169921875,273.1508483886719,1.224609374999993,1.999999999999993,298.444580078125,300.808837890625,0.648948609828949,0.6537627577781677,298.444580078125,300.256591796875,0.8800005316734314,0.8800005316734314,0,0,99.99998474121094,99.99998474121094,-7.3453647229951e-24,-7.3453647229951e-24,-7.345364920210326e-25,-7.345364920210326e-25,0,0,0,0,273.15936279296875,273.16078186035156,-9.540985528522186e-20,1.1324882507324175e-05,0.10089111328125,0.1297760009765625,0.189239501953125,0.1942291259765625,0.17584228515625,0.1769866943359375,0.2861480712890625,0.2869720458984375,0.10559047386050224,0.10561401396989822,-1132196,-226188.0,0,3106298,-485715,-273168.0,-211152,96712,0,3473080,1180090.0,1381407.0,-6.191013380885124e-05,0.0,-0.0003581256605684757,0.0,-9.906012564897537e-06,3.1793024390935898e-06,-0.00011854246258735657,-6.884802132844925e-06,-0.0006249547004699707,-9.25213098526001e-05,9.79304313659668e-05,0.00010101497173309326,-2.3283064365386963e-10,2.3283064365386963e-10,9.793788194656372e-05,0.00010100007057189941,-7.450580596923828e-09,7.450580596923828e-09,-0.0004527345299720764,-9.044632315635681e-05,-2.013580322265625,0.1650390625,-3.0552492141723633,1.48370361328125,89390.31640625,90032.3359375,-7.450580596923828e-09,8.597968985668558e-07,2.4019775390625,2.402099609375,1.549560546875,1.55029296875
169,20200120,36.098799692342965,0.6063628167806769,1579478400000,288.057954788208,298.6077601114909,299.8059501647949,299.778325398763,299.2812735239665,298.64857228597003,298.5414810180664,298.7005208333333,-9.478654367439019e-19,273.1499328613281,1.5859781901041596,299.6876220703125,0.649954080581665,299.44549560546875,0.8800005316734314,0,99.99998474121094,-7.3453647229951e-24,-7.345364920210326e-25,0,0,273.1598587036133,2.2302071253458314e-06,0.092864990234375,0.1865692138671875,0.1752312978108724,0.285702387491862,0.1056658192537725,-11568684,22984004,-9444395,-1577996,25699732,29916519,-0.0004138522781431675,-0.002201555762439966,9.862706065177917e-07,-0.002011571079492569,-0.006212338805198669,0.0023117810487747192,4.656612873077393e-10,0.002311788499355316,0.0,-0.004625994712114334,-0.698107639948527,-0.3408285776774089,89775.09798177083,4.261732051702438e-07,2.401860555013021,1.5490926106770833,284.6394348144531,290.8897705078125,290.3013916015625,305.3972930908203,292.0555114746094,309.407958984375,291.4755859375,309.8983612060547,297.02215576171875,301.2424774169922,298.55857849121094,298.72605895996094,298.49591064453125,298.5968322753906,298.450927734375,298.964599609375,-2.9815568015157497e-18,-3.472835406860058e-20,273.1495056152344,273.150634765625,1.202148437499993,1.999999999999993,298.450439453125,301.046142578125,0.6482543349266052,0.654106080532074,298.450439453125,300.355712890625,0.8800005316734314,0.8800005316734314,0,0,99.99998474121094,99.99998474121094,-7.3453647229951e-24,-7.3453647229951e-24,-7.345364920210326e-25,-7.345364920210326e-25,0,0,0,0,273.1591491699219,273.16038513183594,-4.813858354109039e-20,1.2159347534179642e-05,0.0811767578125,0.1070709228515625,0.18408203125,0.189056396484375,0.1746826171875,0.1757965087890625,0.2852935791015625,0.286102294921875,0.10561401396989822,0.1056680716574192,-1137198,-202736.0,0,3135458,-550260,-293395.0,-257804,80120,-4,3505934,1150314.125,1354464.0,-6.110826507210732e-05,0.0,-0.0003322265110909939,0.0,-1.0735820978879929e-05,3.5229604691267014e-06,-0.00010525714606046677,-1.3677403330802917e-05,-0.0006849616765975952,-8.159130811691284e-05,9.484589099884033e-05,9.781122207641602e-05,-2.3283064365386963e-10,4.656612873077393e-10,9.48682427406311e-05,9.780377149581909e-05,0.0,0.0,-0.00045473407953977585,-8.106883615255356e-05,-1.704193115234375,0.3571147918701172,-2.4772491455078125,1.5084381103515625,89451.57421875,90035.4453125,0.0,4.261732051702438e-07,2.40185546875,2.4019775390625,1.549072265625,1.549560546875
170,20200121,36.098799692342965,0.6063628167806769,1579564800000,288.68215878804523,298.79138374328613,300.17079734802246,300.33175722757977,299.6271203358968,298.7522265116374,298.5436541239421,298.72357177734375,-1.2496563895720096e-18,273.1499328613281,1.6618245442708262,299.5908203125,0.6498701572418213,299.4159240722656,0.8800005316734314,0,99.99998474121094,-7.3453647229951e-24,-7.345364920210326e-25,0,0,273.1600093841553,4.061808188756276e-06,0.07663663228352864,0.18154462178548178,0.17407925923665366,0.2848548889160156,0.10571987337122361,-10649680,21821742,-9192455,-1837196,24400692,30355234,-0.00038530025631189346,-0.0017795776948332787,-5.261972546577454e-06,-0.002088370732963085,-0.006208352744579315,0.002240285277366638,2.3283064365386963e-10,0.002239912748336792,3.427267074584961e-07,-0.004258510656654835,-0.880678653717041,-0.23321473598480225,89691.39127604167,7.368922223349728e-05,2.401738484700521,1.5484873453776042,286.0428466796875,291.1427764892578,290.5011901855469,305.2544250488281,292.1201477050781,310.09815979003906,291.5012512207031,310.89830017089844,297.394775390625,301.5096740722656,298.6592102050781,298.8395690917969,298.50144958496094,298.59471130371094,298.486083984375,299.012451171875,-5.5836420154809604e-18,-1.4399565273201934e-19,273.1491394042969,273.150634765625,1.326171874999993,1.999999999999993,298.486572265625,300.735595703125,0.6482543349266052,0.652091920375824,298.486572265625,300.234619140625,0.8800005316734314,0.8800005316734314,0,0,99.99998474121094,99.99998474121094,-7.3453647229951e-24,-7.3453647229951e-24,-7.345364920210326e-25,-7.345364920210326e-25,0,0,0,0,273.15916442871094,273.1607208251953,1.1920928955075935e-07,1.841783523559566e-05,0.0682830810546875,0.08721923828125,0.17926025390625,0.1839141845703125,0.1735382080078125,0.1746368408203125,0.284454345703125,0.2852630615234375,0.1056680716574192,0.10572212561964989,-1016218,-164522.0,0,3156134,-532610,-271711.0,-318166,63320,-2,3529272,1155911.4375,1379112.0,-5.976902320981026e-05,0.0,-0.00028726039454340935,0.0,-1.6056932508945465e-05,4.339031875133514e-06,-0.00010947231203317642,-1.8756836652755737e-05,-0.0006795972585678101,-6.607919931411743e-05,9.194016456604004e-05,9.475648403167725e-05,-2.3283064365386963e-10,2.3283064365386963e-10,9.193271398544312e-05,9.473413228988647e-05,0.0,2.086162567138672e-07,-0.0004063565284013748,-6.578676402568817e-05,-1.7571563720703125,0.548919677734375,-2.990777015686035,1.790802001953125,89385.80859375,89932.9921875,0.0,4.0844082832336426e-05,2.4017333984375,2.40185546875,1.5484619140625,1.549072265625
171,20200122,36.098799692342965,0.6063628167806769,1579651200000,288.35758781433105,299.55629603068036,300.80211702982587,301.1569372812907,300.058562596639,298.88654073079425,298.54564666748047,298.6619466145833,-7.211076753889613e-19,273.15008544921875,1.5553792317708262,299.5696614583333,0.6497859358787537,299.33648681640625,0.8800005316734314,0,99.99998474121094,-7.3453647229951e-24,-7.345364920210326e-25,0,0,273.16010030110675,1.1747082074482922e-06,0.06684048970540364,0.17698351542154947,0.17296918233235678,0.2840251922607422,0.10575930789733927,-8890896,18944012,-7602818,-1621780,21184112,32287425,-0.00034379446879029274,-0.0013878014869987965,-9.081326425075531e-06,-0.0018145442008972168,-0.005552768707275391,0.002172112464904785,-2.3283064365386963e-10,0.002171441912651062,6.705522537231445e-07,-0.003555222414433956,-0.6788249810536703,-0.4783238967259725,89674.77180989583,0.0001463117428102123,2.401616414388021,1.5479939778645833,285.60679626464844,291.03363037109375,291.07798767089844,305.16856384277344,292.51573181152344,310.9950408935547,291.92222595214844,312.25514221191406,297.920654296875,301.7421875,298.792724609375,298.99208068847656,298.50396728515625,298.59132385253906,298.430908203125,298.951904296875,-2.8731365842671993e-18,-1.6940664114964835e-19,273.1491394042969,273.1507568359375,1.171874999999993,1.999999999999993,298.430908203125,300.681884765625,0.6479033827781677,0.652091920375824,298.430908203125,300.073486328125,0.8800005316734314,0.8800005316734314,0,0,99.99998474121094,99.99998474121094,-7.3453647229951e-24,-7.3453647229951e-24,-7.345364920210326e-25,-7.345364920210326e-25,0,0,0,0,273.1592559814453,273.16082763671875,-4.6837538297469584e-20,4.470348358154269e-06,0.061279296875,0.0737762451171875,0.1749725341796875,0.179107666015625,0.172454833984375,0.173492431640625,0.28363037109375,0.284423828125,0.10572212561964989,0.10576092451810837,-781336,-138440.0,0,2763300,-490077,-153307.0,-314792,57224,0,3089916,1176497.9375,1475256.0,-5.447911098599434e-05,0.0,-0.0002191830426454544,0.0,-4.023779183626175e-06,1.72504223883152e-06,-0.00011370331048965454,-1.4215707778930664e-05,-0.000604681670665741,-5.5886805057525635e-05,8.916854858398438e-05,9.182095527648926e-05,-2.3283064365386963e-10,2.3283064365386963e-10,8.91461968421936e-05,9.182840585708618e-05,-7.450580596923828e-09,3.129243850708008e-07,-0.0003124335780739784,-5.535874515771866e-05,-1.5338163375854492,0.3471841812133789,-2.4971466064453125,1.7431488037109375,89313.09375,89936.26953125,0.0,6.731748580435237e-05,2.401611328125,2.4017333984375,1.5479736328125,1.5484619140625
172,20200123,36.098799692342965,0.6063628167806769,1579737600000,290.4441744486491,297.70711453755695,299.40073585510254,299.8028914133708,300.06625239054364,299.0346272786458,298.5338700612386,298.78737386067706,-3.3658987251154245e-19,273.1499938964844,1.7828776041666596,299.1180013020833,0.6505498290061951,299.0698547363281,0.8800005316734314,0,99.99998474121094,-7.3453647229951e-24,-7.345364920210326e-25,0,0,273.1600621541341,4.885097344716359e-06,0.06666183471679688,0.17315355936686197,0.17194684346516928,0.28322092692057294,0.10579810322572787,-6932240,11776510,-5859338,-1219884,13170784,33361453,-0.00018665799871087074,-0.0007679243572056293,-3.38209792971611e-05,-0.0017836084589362144,-0.004037544131278992,0.002109915018081665,2.3283064365386963e-10,0.002106800675392151,3.11434268951416e-06,-0.0027720099315047264,-0.1834112803141276,0.5162932078043619,89817.23486328125,0.000698113441330861,2.401494344075521,1.5473887125651042,288.9587707519531,291.56752014160156,294.66412353515625,300.76698303222656,295.3135528564453,306.21119689941406,295.12078857421875,307.3740234375,299.1030578613281,301.0294952392578,298.98828125,299.091796875,298.51808166503906,298.5525360107422,298.609619140625,298.931396484375,-2.141300117839484e-18,-8.809147821323552e-20,273.14898681640625,273.15069580078125,1.458007812499993,1.999999999999993,298.710205078125,299.631103515625,0.648948609828949,0.6528014540672302,298.710205078125,299.472900390625,0.8800005316734314,0.8800005316734314,0,0,99.99998474121094,99.99998474121094,-7.3453647229951e-24,-7.3453647229951e-24,-7.345364920210326e-25,-7.345364920210326e-25,0,0,0,0,273.1594543457031,273.1608428955078,1.4901161193842974e-07,1.7523765563964823e-05,0.06365966796875,0.070220947265625,0.171600341796875,0.174835205078125,0.171478271484375,0.17242431640625,0.2828369140625,0.283599853515625,0.10576092451810837,0.10579971969127655,-531340,-127698.0,0,1733064,-374819,-155219.875,-215098,19940,-2,1938372,1347088.0,1431509.0,-2.781301736831665e-05,-2.039596438407898e-07,-9.892415255308151e-05,-2.692919224500656e-06,-1.1124182492494583e-05,-2.444721758365631e-09,-9.618850890547037e-05,-4.433095455169678e-05,-0.00040110573172569275,-5.200505256652832e-05,8.654594421386719e-05,8.90493392944336e-05,-2.3283064365386963e-10,2.3283064365386963e-10,8.653849363327026e-05,8.90493392944336e-05,0.0,1.1026859283447266e-06,-0.0002124682068824768,-5.1062554121017456e-05,-1.2024688720703125,1.23046875,-1.76287841796875,1.8564453125,89551.7890625,90012.875,-1.1920974429813214e-08,0.000245608389377594,2.4014892578125,2.401611328125,1.54736328125,1.5479736328125
173,20200124,36.098799692342965,0.6063628167806769,1579824000000,289.7947832743327,298.2015031178792,299.61674817403156,300.0214207967122,299.72278213500977,299.09693082173663,298.53775850931805,298.2034912109375,-1.2177515163579564e-18,273.14996337890625,1.5076090494791596,298.9598388671875,0.6499499678611755,298.7445983886719,0.8800005316734314,0,99.99998474121094,-7.3453647229951e-24,-7.345364920210326e-25,0,0,273.1600519816081,3.7662684917449583e-06,0.06758181254069011,0.17000579833984375,0.17097918192545572,0.28243255615234375,0.10585152497515082,-7056776,15071764,-6983088,-1291968,16855660,32333841,-0.0002576000988483429,-0.0010711024515330791,-1.7195940017700195e-05,-0.0014759115874767303,-0.004311025142669678,0.002045929431915283,0.0,0.0020452886819839478,6.407499313354492e-07,-0.0028218068182468414,-0.619873046875,0.5979544321695963,89907.00667317708,0.000143393874168396,2.401372273763021,1.5468953450520833,286.9373474121094,291.61907958984375,293.68394470214844,303.7831573486328,294.3722229003906,308.91839599609375,294.3247985839844,310.06813049316406,298.29774475097656,301.1991729736328,299.0418243408203,299.1492156982422,298.5096893310547,298.57537841796875,298.102783203125,298.614501953125,-4.662070168868282e-18,-3.8963518804872083e-20,273.14923095703125,273.1508483886719,0.8681640624999929,1.999999999999993,298.102783203125,300.119384765625,0.6479873061180115,0.6525039076805115,298.102783203125,299.432861328125,0.8800005316734314,0.8800005316734314,0,0,99.99998474121094,99.99998474121094,-7.3453647229951e-24,-7.3453647229951e-24,-7.345364920210326e-25,-7.345364920210326e-25,0,0,0,0,273.1594543457031,273.1606750488281,-9.454250471417173e-20,1.2814998626708956e-05,0.062469482421875,0.073211669921875,0.168548583984375,0.1714935302734375,0.1705169677734375,0.17144775390625,0.2820587158203125,0.2828216552734375,0.10579971969127655,0.10585377737879753,-562164,-138664.0,0,2340672,-466602,-148656.75,-236160,42724,0,2617760,1269890.0,1410665.0,-4.260195419192314e-05,0.0,-0.0001710895448923111,-3.4319236874580383e-07,-6.848480552434921e-06,3.3527612686157227e-08,-8.470937609672546e-05,-1.1099036782979965e-05,-0.0004513300955295563,-5.736202001571655e-05,8.401274681091309e-05,8.646957576274872e-05,-2.3283064365386963e-10,2.3283064365386963e-10,8.402019739151001e-05,8.643418550491333e-05,0.0,1.7136335372924805e-07,-0.00022479379549622536,-5.5448152124881744e-05,-1.4578094482421875,0.421295166015625,-2.08203125,2.094696044921875,89573.3125,90137.75390625,-7.450580596923828e-09,3.930181264877319e-05,2.4013671875,2.4014892578125,1.546875,1.54736328125
174,20200125,36.098799692342965,0.6063628167806769,1579910400000,291.5102621714274,297.49387550354004,300.0856876373291,300.84558868408203,299.9952557881673,299.16811688741046,298.5559476216634,298.1881103515625,-2.2278385127538627e-18,273.1500244140625,1.4692789713541596,299.06005859375,0.6504499912261963,298.8068542480469,0.8800005316734314,0,99.99998474121094,-7.3453647229951e-24,-7.345364920210326e-25,0,0,273.15994453430176,5.888069669405616e-05,0.08292516072591145,0.1671593983968099,0.17003504435221353,0.28165117899576825,0.10589095965648691,-6326542,15962928,-6677103,-2004092,17852568,32902527,-0.0002482365816831589,-0.0008942433632910252,-7.953168824315071e-05,-0.0013077976182103157,-0.00409352034330368,0.0020050853490829468,0.0,0.001986101269721985,1.8984079360961914e-05,-0.0025298064574599266,-0.623999277750651,0.5514805316925049,89970.49348958333,0.004300966858863831,2.401250203450521,1.5462900797526042,289.3084259033203,294.24830627441406,293.3147430419922,303.1514434814453,294.16510009765625,310.05413818359375,293.8393859863281,311.6582489013672,298.33335876464844,301.6222686767578,299.09796142578125,299.2407531738281,298.5187683105469,298.5980224609375,298.055419921875,298.420166015625,-5.6378521241052356e-18,-2.574980676640956e-19,273.14910888671875,273.1509704589844,0.6943359374999929,1.999999999999993,298.054931640625,300.225830078125,0.6483840346336365,0.6529235243797302,298.054931640625,299.541259765625,0.8800005316734314,0.8800005316734314,0,0,99.99998474121094,99.99998474121094,-7.3453647229951e-24,-7.3453647229951e-24,-7.345364920210326e-25,-7.345364920210326e-25,0,0,0,0,273.1591796875,273.1605682373047,2.9802322387618117e-08,0.00014466047286987302,0.0605926513671875,0.1134033203125,0.1661834716796875,0.1684417724609375,0.1696014404296875,0.1704864501953125,0.281280517578125,0.2820281982421875,0.10585377737879753,0.10589257627725601,-474316,-125048.0,0,2342656,-472176,-164736.0,-262856,2590,0,2619952,1298233.0,1427944.0,-4.153512418270111e-05,0.0,-0.0001428592950105667,2.4121254682540894e-07,-2.8355978429317474e-05,8.889473974704742e-07,-0.00010819686576724052,-3.5995617508888245e-06,-0.0004266388714313507,-5.0030648708343506e-05,8.161365985870361e-05,9.341537952423096e-05,-2.3283064365386963e-10,2.3283064365386963e-10,8.161365985870361e-05,8.392333984375e-05,0.0,1.0944902896881104e-05,-0.00018966617062687874,-5.000270903110504e-05,-2.6028289794921875,0.328948974609375,-1.953582763671875,1.7188720703125,89599.58203125,90153.4921875,0.0,0.002444639801979065,2.4012451171875,2.4013671875,1.5462646484375,1.546875
175,20200126,36.098799692342965,0.6063628167806769,1579996800000,292.36918512980145,296.7300713857015,298.97868665059406,299.5257320404053,299.71016756693524,299.2410380045573,298.57294845581055,298.3044840494792,-2.1676991734988074e-18,273.1499328613281,1.415039062499993,299.173095703125,0.6507119536399841,298.9008483886719,0.8800005316734314,0,99.99998474121094,-7.3453647229951e-24,-7.345364920210326e-25,0,0,273.16004943847656,0.0001098625361919403,0.1259021759033203,0.16548029581705728,0.16915194193522134,0.280886967976888,0.10594437799106042,-7352000,15256864,-6345942,-1496668,17064164,32666200,-0.00021074572578072548,-0.0012819119729101658,-0.0001966911368072033,-0.001250511035323143,-0.0037036463618278503,0.0019488483667373657,4.656612873077393e-10,0.0019297748804092407,1.9073486328125e-05,-0.0029398594051599503,-0.7351633707682291,0.6580619812011719,89942.75862630208,0.004230342979383295,2.401128133138021,1.5457967122395833,290.9178466796875,294.2216796875,291.9845428466797,302.4761199951172,293.7229309082031,306.9200897216797,294.15342712402344,307.48443603515625,298.4658203125,300.93345642089844,299.191162109375,299.2806854248047,298.53916931152344,298.6103973388672,298.212646484375,298.485107421875,-5.258381363735309e-18,-3.7608268027969764e-19,273.14874267578125,273.1512451171875,0.7187499999999929,1.999999999999993,298.212158203125,300.406494140625,0.6485289931297302,0.6534804701805115,298.212158203125,299.575439453125,0.8800005316734314,0.8800005316734314,0,0,99.99998474121094,99.99998474121094,-7.3453647229951e-24,-7.3453647229951e-24,-7.345364920210326e-25,-7.345364920210326e-25,0,0,0,0,273.1591033935547,273.16090393066406,3.8743019104001545e-07,0.0001688599586486816,0.100738525390625,0.1520233154296875,0.1650238037109375,0.1661529541015625,0.1687469482421875,0.1695709228515625,0.2805328369140625,0.28125,0.10589257627725601,0.1059466302394867,-720840,-106528.0,0,2468350,-370396,-191343.0,-191800,-536,0,2760664,1270521.1875,1450225.0,-4.0986109524965286e-05,0.0,-0.00022712070494890213,6.783520802855492e-07,-7.193279452621937e-05,1.7791753634810448e-06,-7.732445374131203e-05,-3.8994476199150085e-06,-0.0004123114049434662,-4.260241985321045e-05,7.931888103485107e-05,8.77678394317627e-05,-2.3283064365386963e-10,4.656612873077393e-10,7.931888103485107e-05,8.150935173034668e-05,0.0,7.644295692443848e-06,-0.000288243405520916,-4.2596831917762756e-05,-2.200927734375,0.1033935546875,-0.91729736328125,1.6222991943359375,89577.26171875,90157.390625,-3.725290298461914e-09,0.0017029047012329102,2.401123046875,2.4012451171875,1.5457763671875,1.5462646484375
176,20200127,36.098799692342965,0.6063628167806769,1580083200000,292.45988909403485,296.13082186381024,297.93816630045575,298.2887763977051,298.93764813741046,299.2139701843262,298.5803216298421,298.4573974609375,-1.4892960931001798e-18,273.1499938964844,1.8099772135416596,298.791259765625,0.650673508644104,298.7500305175781,0.8800005316734314,0,99.99998474121094,-7.3453647229951e-24,-7.345364920210326e-25,0,0,273.16006660461426,0.0001232326030731201,0.18938763936360678,0.16592788696289062,0.16834704081217447,0.2801475524902344,0.10598381251717608,-6882756,12169538,-5438287,-1322636,13612080,33080622,-0.00012372806668281555,-0.0009002466686069965,-0.00039066560566425323,-0.0013375822454690933,-0.003265395760536194,0.0019158273935317993,4.656612873077393e-10,0.0018764138221740723,3.93986701965332e-05,-0.0027522221207618713,-0.462704340616862,0.09641456604003906,89933.85139973958,0.007905277609722816,2.401006062825521,1.545074462890625,291.98223876953125,293.15904235839844,292.7632751464844,299.4282531738281,294.2018127441406,304.0011749267578,294.6588134765625,304.05311584472656,298.06089782714844,299.8768615722656,299.1763610839844,299.2628631591797,298.5610809326172,298.60340881347656,298.314697265625,298.692138671875,-5.5836420154809604e-18,-1.0503213715832153e-19,273.1488952636719,273.1510314941406,1.486328124999993,1.999999999999993,298.338134765625,299.295166015625,0.6489638686180115,0.653892457485199,298.338134765625,299.168212890625,0.8800005316734314,0.8800005316734314,0,0,99.99998474121094,99.99998474121094,-7.3453647229951e-24,-7.3453647229951e-24,-7.345364920210326e-25,-7.345364920210326e-25,0,0,0,0,273.1593780517578,273.1607360839844,1.1533498764038062e-05,0.000180363655090332,0.1520538330078125,0.2306365966796875,0.164794921875,0.1695404052734375,0.1679840087890625,0.1687164306640625,0.2798004150390625,0.2805023193359375,0.1059466302394867,0.10598542913794518,-738022,-112312.0,0,2010628,-300209,-162340.0,-189660,1956,0,2248998,1282283.25,1450482.0,-2.9779039323329926e-05,0.0,-0.00020011933520436287,5.103065632283688e-07,-8.177012205123901e-05,1.502747181802988e-06,-8.35806131362915e-05,-3.248639404773712e-05,-0.0003867149353027344,-4.491955041885376e-05,7.72327184677124e-05,9.28640365600586e-05,0.0,4.656612873077393e-10,7.715076208114624e-05,7.922202348709106e-05,0.0,1.4737248420715332e-05,-0.000295114703476429,-4.491116851568222e-05,-1.7202911376953125,0.65155029296875,-2.5536651611328125,1.3411102294921875,89650.73828125,90145.08203125,0.0,0.0029499083757400513,2.4010009765625,2.401123046875,1.5450439453125,1.5457763671875
177,20200128,36.098799692342965,0.6063628167806769,1580169600000,292.5359141031901,295.44675064086914,297.6391137440999,297.8467203776042,298.25773938496906,299.08006922403973,298.58560880025226,298.2786458333333,-5.65994663525441e-19,273.15008544921875,1.7762858072916596,298.5486246744792,0.6501489877700806,298.4960021972656,0.8800005316734314,0,99.99998474121094,-7.3453647229951e-24,-7.345364920210326e-25,0,0,273.1599547068278,0.00012701873977979025,0.23895136515299478,0.176025390625,0.16762860616048178,0.27942657470703125,0.10603723085174958,-6451300,12518920,-5479845,-1355932,14003120,32870503,-0.0001323586329817772,-0.0009534754790365696,-0.0003390396013855934,-0.0011548204347491264,-0.0029388219118118286,0.0018658638000488281,0.0,0.0018257200717926025,4.0143728256225586e-05,-0.0025796955451369286,-0.07005755106608073,0.4371901750564575,89947.15543619792,0.007481712102958227,2.400883992513021,1.5445760091145833,291.6924133300781,293.9259948730469,292.41619873046875,299.5209503173828,293.9638671875,303.83270263671875,294.19532775878906,303.4953918457031,297.17628479003906,299.42848205566406,299.01995849609375,299.1658935546875,298.5646057128906,298.6130828857422,298.033447265625,298.439697265625,-2.5749809868336856e-18,-8.385631347696402e-20,273.1492919921875,273.15087890625,1.258789062499993,1.999999999999993,298.033447265625,299.226806640625,0.648857057094574,0.6520385146141052,298.033447265625,299.006103515625,0.8800005316734314,0.8800005316734314,0,0,99.99998474121094,99.99998474121094,-7.3453647229951e-24,-7.3453647229951e-24,-7.345364920210326e-25,-7.345364920210326e-25,0,0,0,0,273.15928649902344,273.16094970703125,9.74535942077633e-06,0.0002106130123138427,0.2185821533203125,0.2624664306640625,0.1699981689453125,0.186859130859375,0.167327880859375,0.1679534912109375,0.279083251953125,0.2797698974609375,0.10598542913794518,0.10603948310017586,-750864,-104594.0,0,2164034,-332728,-171678.0,-155728,4148,0,2420560,1310438.0,1445335.0,-3.403518348932266e-05,0.0,-0.00021654972806572914,3.5297125577926636e-07,-6.148172542452812e-05,9.847572073340416e-07,-5.9829093515872955e-05,-2.320529893040657e-05,-0.00036498159170150757,-4.182010889053345e-05,7.547438144683838e-05,8.574128150939941e-05,-4.656612873077393e-10,2.3283064365386963e-10,7.508695125579834e-05,7.706880569458008e-05,4.470348358154297e-08,9.901821613311768e-06,-0.00030025001615285873,-4.1824765503406525e-05,-1.8424224853515625,1.1014404296875,-0.8304967880249023,1.3220710754394531,89662.77734375,90123.90234375,9.644031592870306e-06,0.001852184534072876,2.40087890625,2.4010009765625,1.5445556640625,1.5450439453125
178,20200129,36.098799692342965,0.6063628167806769,1580256000000,292.2378578186035,295.4344113667806,298.3478539784749,298.62625821431476,298.44540150960285,298.9505151112874,298.6020399729411,298.0506591796875,-1.1303657783035935e-18,273.1500244140625,1.6897379557291596,298.6661783854167,0.6502958536148071,298.5436096191406,0.8800005316734314,0,99.99998474121094,-7.3453647229951e-24,-7.345364920210326e-25,0,0,273.1600964864095,0.00016247108578681943,0.2850157419840495,0.2124913533528646,0.1671574910481771,0.278713862101237,0.10607666537786524,-8701176,17332324,-5967232,-2039356,19388732,32739173,-0.00021149171516299248,-0.0014111981727182865,-0.0004347320646047592,-0.0014219339936971664,-0.004055336117744446,0.0019524544477462769,2.3283064365386963e-10,0.0017770081758499146,0.0001754462718963623,-0.003479357808828354,0.20358848571777344,0.08035484949747722,90001.96695963542,0.025538211195453187,2.400761922200521,1.5439707438151042,291.42848205566406,293.236328125,292.3396911621094,299.9480895996094,293.99603271484375,305.3345489501953,294.5206298828125,304.79754638671875,296.89794921875,299.97117614746094,298.9061737060547,299.00689697265625,298.5669250488281,298.6427459716797,297.849853515625,298.258056640625,-5.963112775850887e-18,-1.7110070704415695e-19,273.1492919921875,273.1510009765625,1.306640624999993,1.999999999999993,297.849853515625,299.577392578125,0.6489104628562927,0.6527556777000427,297.849853515625,299.227783203125,0.8800005316734314,0.8800005316734314,0,0,99.99998474121094,99.99998474121094,-7.3453647229951e-24,-7.3453647229951e-24,-7.345364920210326e-25,-7.345364920210326e-25,0,0,0,0,273.1597595214844,273.16075134277344,4.798173904418898e-06,0.0002180933952331543,0.244140625,0.33172607421875,0.1880645751953125,0.2667388916015625,0.1670074462890625,0.16754150390625,0.27838134765625,0.279052734375,0.10603948310017586,0.10607828199863434,-999062,-135678.0,0,2724864,-393783,-131026.75,-224848,-4792,0,3048184,1314689.0,1407337.0,-4.82853502035141e-05,0.0,-0.0003050542436540127,2.7939677238464355e-07,-9.648292325437069e-05,5.122274160385132e-07,-9.931717067956924e-05,-3.635860048234463e-05,-0.0004782751202583313,-5.424767732620239e-05,7.452815771102905e-05,0.00010134279727935791,0.0,2.3283064365386963e-10,7.309764623641968e-05,7.500499486923218e-05,1.862645149230957e-08,2.7529895305633545e-05,-0.0003994968719780445,-5.42541965842247e-05,-0.86358642578125,1.3671722412109375,-2.740875244140625,1.4934844970703125,89645.26171875,90178.31640625,3.4347176551818848e-06,0.004156775772571564,2.4007568359375,2.40087890625,1.5439453125,1.5445556640625
179,20200130,36.098799692342965,0.6063628167806769,1580342400000,292.1436932881673,296.3175214131673,298.692143758138,299.0653266906738,298.91463534037274,298.9053141276042,298.61922963460285,298.11850992838544,-1.3285010742114562e-18,273.1499938964844,1.525756835937493,299.0255533854167,0.6504055261611938,298.7777404785156,0.8800005316734314,0,99.99998474121094,-7.3453647229951e-24,-7.345364920210326e-25,0,0,273.1599858601888,0.0001445437471071879,0.30648549397786456,0.2863763173421224,0.17228190104166666,0.27802085876464844,0.10613008371243875,-9682314,19298306,-6960460,-1641264,21589116,31933350,-0.0003105476498603821,-0.0018810015171766281,-0.0002887016162276268,-0.001391436904668808,-0.004378512501716614,0.0018734782934188843,0.0,0.0017309561371803284,0.00014252960681915283,-0.0038716858252882957,-0.31719168027242023,0.5689385334650675,89981.82698567708,0.016761755942468426,2.400639851888021,1.5434773763020833,291.2180938720703,293.4976501464844,292.26185607910156,301.52430725097656,293.7791290283203,306.65716552734375,294.6078338623047,306.1449737548828,297.23858642578125,300.5936584472656,298.83868408203125,298.9515380859375,298.5791473388672,298.66664123535156,297.945556640625,298.291748046875,-4.6078600602440064e-18,-9.656180768577852e-20,273.1494140625,273.15069580078125,0.9257812499999929,1.999999999999993,297.945556640625,300.305908203125,0.6484679579734802,0.653099000453949,297.945556640625,299.580322265625,0.8800005316734314,0.8800005316734314,0,0,99.99998474121094,99.99998474121094,-7.3453647229951e-24,-7.3453647229951e-24,-7.345364920210326e-25,-7.345364920210326e-25,0,0,0,0,273.15911865234375,273.16075134277344,2.980232238769128e-07,0.0002180933952331543,0.2669677734375,0.3327484130859375,0.2733001708984375,0.2966766357421875,0.1677703857421875,0.1771392822265625,0.2777099609375,0.278350830078125,0.10607828199863434,0.10613233596086502,-1035730,-144450.0,0,2915718,-417160,-168318.8125,-196432,17760,0,3261900,1231975.5,1381633.0,-5.950825288891792e-05,0.0,-0.00034535396844148636,2.4579931050539017e-06,-0.00010727136395871639,1.2023374438285828e-06,-7.475027814507484e-05,-7.528346031904221e-06,-0.000490192323923111,-5.7756900787353516e-05,7.165968418121338e-05,9.624660015106201e-05,0.0,0.0,7.127225399017334e-05,7.301568984985352e-05,2.9802322387695312e-08,2.4341046810150146e-05,-0.0004141591489315033,-5.776155740022659e-05,-1.4790372848510742,0.488800048828125,-1.767293930053711,1.9771575927734375,89582.66796875,90228.66796875,4.0978193283081055e-06,0.0029641389846801758,2.400634765625,2.4007568359375,1.54345703125,1.5439453125
180,20200101,36.01795131677221,0.6872111923514339,1577836800000,289.8368263244629,297.0039539337158,297.2346884409587,297.8490683237712,297.8956381479899,297.84757804870605,297.88953971862793,297.34645589192706,-3.070777536361485e-18,273.14984130859375,1.999999999999993,297.3464762369792,0.6500014662742615,297.3464660644531,0.8800005316734314,0,99.99998474121094,-7.3453647229951e-24,-7.345364920210326e-25,0,0,273.1599547068278,2.0614514748255386e-05,0.16176668802897134,0.21231396993001303,0.26166025797526044,0.3254801432291667,0.11484480121483405,-9519088,20497566,-8092530,-3057488,23157304,29958034,-0.002128021791577339,-0.0009644301608204842,-9.157322347164154e-05,-0.0006223907694220543,-0.007053963840007782,0.0029231905937194824,2.3283064365386963e-10,0.0029218196868896484,1.3560056686401367e-06,-0.0038064168766140938,-0.483140508333842,0.8856093088785807,90410.79345703125,0.00022864341730155502,1.97607421875,1.693359375,287.9308624267578,291.47174072265625,291.5135498046875,302.5535888671875,289.62901306152344,307.0749206542969,292.16595458984375,305.0339660644531,296.3626708984375,299.3041229248047,297.8092498779297,297.88446044921875,297.88807678222656,297.8909454345703,296.367431640625,298.224853515625,-5.800482449978061e-18,-7.86046626750779e-19,273.14825439453125,273.15069580078125,1.999999999999993,1.999999999999993,296.367431640625,298.224853515625,0.6500014662742615,0.6500014662742615,296.367431640625,298.224853515625,0.8800005316734314,0.8800005316734314,0,0,99.99998474121094,99.99998474121094,-7.3453647229951e-24,-7.3453647229951e-24,-7.345364920210326e-25,-7.345364920210326e-25,0,0,0,0,273.1592102050781,273.1605987548828,-6.8521677389938e-20,7.718801498413082e-05,0.1560516357421875,0.168548583984375,0.2104034423828125,0.214630126953125,0.2597503662109375,0.2637481689453125,0.3251495361328125,0.3258209228515625,0.11480535194277763,0.11484651640057564,-1080849,-46840.0,0,2685872,-477532,-243502.0,-559470,129976,0,3034832,1150141.5,1337224.0,-0.0002790326252579689,0.0,-0.00012391014024615288,0.0,-4.4172629714012146e-05,1.1603930033743382e-05,-4.213035572320223e-05,-1.1967495083808899e-06,-0.000849798321723938,-1.9818544387817383e-05,0.00012017786502838135,0.0001233518123626709,-2.3283064365386963e-10,2.3283064365386963e-10,0.00012017041444778442,0.00012333691120147705,0.0,5.289912223815918e-07,-0.00043220119550824165,-1.8728896975517273e-05,-1.4097423553466797,1.5719757080078125,-0.832305908203125,2.060302734375,90143.9921875,90666.78125,0.0,8.91759991645813e-05,1.97607421875,1.97607421875,1.693359375,1.693359375
181,20200102,36.01795131677221,0.6872111923514339,1577923200000,290.4096482594808,297.063809076945,297.1130084991455,297.6672617594401,297.7261969248454,297.8428777058919,297.8886133829753,296.9614664713542,-2.0849017029046996e-18,273.1500549316406,1.8970133463541596,297.2689615885417,0.6504099369049072,297.2406311035156,0.8800005316734314,0,99.99998474121094,-7.3453647229951e-24,-7.345364920210326e-25,0,0,273.1600456237793,3.067776560783384e-05,0.15597025553385416,0.20838419596354166,0.2577075958251953,0.3247826894124349,0.11487134266644716,-8310920,18267272,-7187492,-2729692,20638264,30798343,-0.001776477787643671,-0.0007767686620354652,-0.0002261688932776451,-0.0005438914522528648,-0.00630372017621994,0.0028480738401412964,0.0,0.0028443709015846252,3.725290298461914e-06,-0.003323306329548359,-0.6407853762308756,0.6918500264485677,90482.88802083333,0.0006498068569840143,1.97607421875,1.693359375,288.7076110839844,292.5174865722656,290.9863586425781,302.52561950683594,289.4894561767578,306.9379119873047,291.90586853027344,304.64161682128906,296.21173095703125,299.0650177001953,297.80796813964844,297.8789978027344,297.8876190185547,297.8896942138672,296.303955078125,297.506103515625,-5.0957510378624834e-18,-1.3044312557595054e-19,273.1490783691406,273.151123046875,1.532226562499993,1.999999999999993,296.303955078125,298.084228515625,0.6496581435203552,0.652030885219574,296.303955078125,297.998291015625,0.8800005316734314,0.8800005316734314,0,0,99.99998474121094,99.99998474121094,-7.3453647229951e-24,-7.3453647229951e-24,-7.345364920210326e-25,-7.345364920210326e-25,0,0,0,0,273.15911865234375,273.1606750488281,4.1723251342772363e-07,8.293986320495603e-05,0.1532745361328125,0.15899658203125,0.206817626953125,0.210357666015625,0.255950927734375,0.2596282958984375,0.3244476318359375,0.32513427734375,0.11484651640057564,0.11487242206931114,-963916,-38350.0,0,2482126,-412007,-224335.5,-514286,107948,0,2804532,1169789.5625,1393489.0,-0.00026784325018525124,0.0,-0.00010883854702115059,0.0,-6.697187200188637e-05,1.1716154403984547e-05,-4.231790080666542e-05,-6.314367055892944e-07,-0.0007592290639877319,-1.9073486328125e-05,0.0001170039176940918,0.00012005865573883057,0.0,0.0,0.0001170039176940918,0.00012006610631942749,0.0,1.296401023864746e-06,-0.00038544321432709694,-1.533515751361847e-05,-1.3793859481811523,0.6188621520996094,-1.76287841796875,1.6667938232421875,90223.80859375,90678.7890625,0.0,0.00022627413272857666,1.97607421875,1.97607421875,1.693359375,1.693359375
182,20200103,36.01795131677221,0.6872111923514339,1578009600000,290.94316418965656,297.7417697906494,297.685250600179,298.09225273132324,297.8828868865967,297.837350209554,297.8877646128337,297.0854899088542,-2.0599140241655446e-18,273.15008544921875,1.8375651041666596,297.4983723958333,0.6500253081321716,297.4294128417969,0.8800005316734314,0,99.99998474121094,-7.3453647229951e-24,-7.345364920210326e-25,0,0,273.1599038441976,2.0166238149007133e-05,0.15028699239095053,0.20470555623372397,0.25392913818359375,0.3240674336751302,0.1148972447651128,-8483900,18666486,-6713994,-2986092,21090576,31573609,-0.001966991927474737,-0.0008298298344016075,-9.042024612426758e-05,-0.0005052294582128525,-0.006394274532794952,0.002768784761428833,4.656612873077393e-10,0.0027675777673721313,1.1920928955078125e-06,-0.0033924728631973267,-0.372574249903361,0.7208131154378256,90562.99967447917,0.00021255612364257104,1.97607421875,1.693359375,289.61656188964844,292.6746520996094,292.1744842529297,303.36004638671875,290.4803466796875,308.05018615722656,292.6444549560547,305.700439453125,296.334716796875,299.29225158691406,297.79844665527344,297.8765106201172,297.8862762451172,297.8891906738281,296.475830078125,297.570068359375,-5.746272341353786e-18,-1.8465323420022576e-19,273.1492614746094,273.1513977050781,0.9130859374999929,1.999999999999993,296.475830078125,298.444580078125,0.6487883925437927,0.6513518691062927,296.475830078125,298.223876953125,0.8800005316734314,0.8800005316734314,0,0,99.99998474121094,99.99998474121094,-7.3453647229951e-24,-7.3453647229951e-24,-7.345364920210326e-25,-7.345364920210326e-25,0,0,0,0,273.1585235595703,273.16123962402344,2.9802322387690977e-07,5.289912223815916e-05,0.145660400390625,0.1561737060546875,0.2030181884765625,0.206787109375,0.252197265625,0.255828857421875,0.32373046875,0.324432373046875,0.11487242206931114,0.11489832401275635,-1048846,-16666.0,0,2647888,-456078,-160160.5,-537308,106332,0,2991686,1226030.0,1405568.0,-0.00029688049107789993,0.0,-0.00012193294242024422,0.0,-2.5815097615122795e-05,6.539863534271717e-06,-3.969552926719189e-05,-5.21540641784668e-08,-0.0008102394640445709,-1.2025237083435059e-05,0.0001137852668762207,0.00011688470840454102,-1.4551915228366852e-11,4.656612873077393e-10,0.00011377036571502686,0.00011688470840454102,-1.4901161193847656e-08,5.289912223815918e-07,-0.000419404823333025,-6.664544343948364e-06,-1.6339111328125,0.92120361328125,-1.79107666015625,1.8076324462890625,90244.94921875,90853.9921875,0.0,8.590519428253174e-05,1.97607421875,1.97607421875,1.693359375,1.693359375
183,20200104,36.01795131677221,0.6872111923514339,1578096000000,290.0063584645589,298.13827196757,298.3137715657552,298.69534556070965,298.28154309590656,297.8738021850586,297.8871491750081,297.83827718098956,-1.0895671625409468e-18,273.14996337890625,1.999999999999993,297.8382568359375,0.6500014662742615,297.8382873535156,0.8800005316734314,0,99.99998474121094,-7.3453647229951e-24,-7.345364920210326e-25,0,0,273.15985679626465,1.1657675107320127e-05,0.14101664225260416,0.2006810506184896,0.2501513163248698,0.3233165740966797,0.11493777328481276,-9562076,21210884,-7656780,-3394148,23965584,30945816,-0.0022411374375224113,-0.0009642094373703003,-4.322081804275513e-05,-0.0005750404670834541,-0.007729090750217438,0.002689838409423828,6.984919309616089e-10,0.002689257264137268,5.811452865600586e-07,-0.0038236062973737717,-0.931142528851827,0.36190521717071533,90435.55387369792,0.00011240002368140267,1.97607421875,1.693359375,286.8691101074219,292.203125,292.19862365722656,304.4176025390625,290.60340881347656,309.2394256591797,292.67315673828125,306.6470031738281,296.5896911621094,299.79017639160156,297.8282165527344,297.9414520263672,297.8860168457031,297.8880920410156,296.829345703125,298.714599609375,-2.9273466928914745e-18,-1.4230158683751074e-19,273.14947509765625,273.150634765625,1.999999999999993,1.999999999999993,296.829345703125,298.715087890625,0.6500014662742615,0.6500014662742615,296.829345703125,298.715087890625,0.8800005316734314,0.8800005316734314,0,0,99.99998474121094,99.99998474121094,-7.3453647229951e-24,-7.3453647229951e-24,-7.345364920210326e-25,-7.345364920210326e-25,0,0,0,0,273.158203125,273.1613464355469,-6.8521677389938e-20,4.41968441009521e-05,0.1350250244140625,0.1483001708984375,0.1988067626953125,0.2030029296875,0.2484130859375,0.2520751953125,0.3229522705078125,0.323699951171875,0.11489832401275635,0.11493948847055435,-1187666,-47200.0,0,2998788,-479011,-187758.125,-672372,125652,0,3388286,1210997.5,1381468.0,-0.0003213784657418728,0.0,-0.0001362524926662445,0.0,-2.4246983230113983e-05,6.3141342252492905e-06,-3.948388621211052e-05,-3.095250576734543e-06,-0.0010027140378952026,-1.8872320652008057e-05,0.00011046230792999268,0.00011366605758666992,0.0,4.656612873077393e-10,0.0001104697585105896,0.00011366605758666992,0.0,3.5762786865234375e-07,-0.0004749130457639694,-1.8874183297157288e-05,-1.77587890625,0.413909912109375,-1.5703048706054688,1.8468475341796875,90149.453125,90692.00390625,-1.2548298400361091e-08,6.865710020065308e-05,1.97607421875,1.97607421875,1.693359375,1.693359375
184,20200105,36.01795131677221,0.6872111923514339,1578182400000,288.7930272420247,298.3723773956299,298.38957595825195,298.8027795155843,298.48359298706055,297.9484920501709,297.8871822357178,297.56740315755206,-1.0718500911934032e-18,273.1499938964844,1.870483398437493,298.0135904947917,0.6497935652732849,297.9520263671875,0.8800005316734314,0,99.99998474121094,-7.3453647229951e-24,-7.345364920210326e-25,0,0,273.1601206461589,9.192774693171152e-06,0.1305675506591797,0.19650840759277344,0.24646313985188803,0.3225390116373698,0.11496431473642588,-9529808,20179716,-7514798,-3092864,22801468,31109697,-0.0021690926514565945,-0.0008894549682736397,-1.2112781405448914e-05,-0.0007400419563055038,-0.007840171456336975,0.0026106983423233032,-2.3283064365386963e-10,0.0026106834411621094,0.0,-0.003810705617070198,-0.6168624560038248,0.5163606007893881,90325.28352864583,1.9603571104198636e-06,1.97607421875,1.693359375,285.82196044921875,291.61936950683594,291.70249938964844,304.73585510253906,290.3179168701172,309.76512145996094,292.5366668701172,307.1283721923828,296.87306213378906,299.9457702636719,297.9039001464844,298.0196533203125,297.8859100341797,297.8888854980469,297.062255859375,297.877685546875,-3.0086618558278874e-18,-8.470334642421832e-20,273.149169921875,273.15087890625,1.677734374999993,1.999999999999993,297.061767578125,298.954345703125,0.6488723158836365,0.6506804823875427,297.061767578125,298.746826171875,0.8800005316734314,0.8800005316734314,0,0,99.99998474121094,99.99998474121094,-7.3453647229951e-24,-7.3453647229951e-24,-7.345364920210326e-25,-7.345364920210326e-25,0,0,0,0,273.1594696044922,273.1608123779297,-4.770490179321679e-20,4.509091377258299e-05,0.1249237060546875,0.1374969482421875,0.1946563720703125,0.198760986328125,0.2447967529296875,0.2483062744140625,0.322174072265625,0.3229217529296875,0.11493948847055435,0.11496539413928986,-1173427,-60678.0,0,3060532,-498387,-159309.0,-639752,128332,0,3457872,1209012.5625,1375242.0,-0.0003362596035003662,0.0,-0.0001315474510192871,0.0,-2.3549655452370644e-05,8.223461918532848e-06,-5.629099905490875e-05,-1.0170042514801025e-06,-0.0010048598051071167,-2.578645944595337e-05,0.00010721385478973389,0.00011037290096282959,-2.3283064365386963e-10,2.3283064365386963e-10,0.00010721385478973389,0.00011037290096282959,0.0,0.0,-0.0004692203365266323,-2.4263747036457062e-05,-1.4540252685546875,1.2827568054199219,-1.505950927734375,2.0802001953125,89982.2890625,90637.54296875,0.0,8.550277925678529e-07,1.97607421875,1.97607421875,1.693359375,1.693359375
185,20200106,36.01795131677221,0.6872111923514339,1578268800000,289.0232861836751,298.81794420878094,299.2205441792806,299.5511989593506,298.80222002665204,298.03775723775226,297.88999621073407,297.7566324869792,-1.6366094121727845e-18,273.14996337890625,1.999999999999993,297.756591796875,0.6500014662742615,297.7566223144531,0.8800005316734314,0,99.99998474121094,-7.3453647229951e-24,-7.345364920210326e-25,0,0,273.1601098378499,9.78012879689531e-06,0.12131182352701823,0.19235801696777344,0.2429040273030599,0.3217480977376302,0.11500484341134627,-9468516,20441344,-7408260,-3140612,23096600,31635313,-0.002170234452933073,-0.0008216644637286663,-9.647570550441742e-06,-0.0007846513763070107,-0.008375383913516998,0.0025336146354675293,4.656612873077393e-10,0.0025329291820526123,7.152557373046875e-07,-0.0037861960008740425,-0.7368557850519816,-0.07527351379394531,90340.24186197917,0.00014426112164755978,1.97607421875,1.693359375,286.75498962402344,291.21202087402344,291.6310119628906,304.91831970214844,290.16650390625,309.7052307128906,292.4598846435547,307.4660339355469,297.04058837890625,300.2218780517578,297.9890441894531,298.12522888183594,297.88792419433594,297.8920135498047,296.824462890625,298.545654296875,-2.9273466928914745e-18,-1.5754817988808815e-19,273.1492919921875,273.1507568359375,1.999999999999993,1.999999999999993,296.824462890625,298.545166015625,0.6500014662742615,0.6500014662742615,296.824462890625,298.545654296875,0.8800005316734314,0.8800005316734314,0,0,99.99998474121094,99.99998474121094,-7.3453647229951e-24,-7.3453647229951e-24,-7.345364920210326e-25,-7.345364920210326e-25,0,0,0,0,273.1591339111328,273.1609344482422,-4.813858354109039e-20,4.845857620239254e-05,0.116363525390625,0.1271820068359375,0.190521240234375,0.1946258544921875,0.241302490234375,0.2447052001953125,0.3213653564453125,0.3221435546875,0.11496539413928986,0.11500655859708786,-1059416,-64914.0,0,2971386,-502980,-192600.0,-663170,163592,0,3357284,1210416.0,1432478.0,-0.000312641728669405,0.0,-0.00011094566434621811,1.1641532182693481e-10,-9.444309398531914e-06,6.7178625613451e-06,-5.313381552696228e-05,-8.656643331050873e-07,-0.0009918101131916046,-3.246031701564789e-05,0.00010398030281066895,0.00010710954666137695,-2.3283064365386963e-10,4.656612873077393e-10,0.00010399520397186279,0.0001071244478225708,-7.450580596923828e-09,4.172325134277344e-07,-0.0004236306995153427,-2.5955960154533386e-05,-1.2613677978515625,0.2504119873046875,-2.6755523681640625,2.0187835693359375,90026.60546875,90605.640625,-1.4901161193847656e-08,7.936358451843262e-05,1.97607421875,1.97607421875,1.693359375,1.693359375
186,20200107,36.01795131677221,0.6872111923514339,1578355200000,290.32943471272785,298.59110323588055,298.8052272796631,299.45679028828937,299.0968647003174,298.1662425994873,297.8950386047363,297.2470296223958,-6.371101208224039e-19,273.14996337890625,1.8943684895833262,297.6697998046875,0.6499769687652588,297.6285095214844,0.8800005316734314,0,99.99998474121094,-7.3453647229951e-24,-7.345364920210326e-25,0,0,273.160005569458,5.997344851493833e-05,0.12598228454589844,0.18862787882486978,0.23957379659016928,0.32095781962076825,0.11503138486295938,-8169000,18208358,-6588026,-3175140,20575452,32289977,-0.001803761813789606,-0.0005989540368318558,-0.0002641649916768074,-0.0005996730178594589,-0.0069720447063446045,0.002473384141921997,0.0,0.002457529306411743,1.583993434906006e-05,-0.0032665543258190155,-0.6316170692443848,0.19490750630696616,90379.44840494792,0.0023175030946731567,1.97607421875,1.693359375,288.2724151611328,293.6289367675781,292.9259796142578,304.26202392578125,291.3757781982422,308.9344482421875,293.5079650878906,307.0995178222656,297.7393798828125,300.3185729980469,298.1217346191406,298.2496643066406,297.89173889160156,297.8991241455078,296.667236328125,297.762451171875,-2.818926475642924e-18,-1.0842026894733873e-19,273.1492919921875,273.1507568359375,1.539062499999993,1.999999999999993,296.667236328125,298.525634765625,0.6490935683250427,0.6511306166648865,296.667236328125,298.398193359375,0.8800005316734314,0.8800005316734314,0,0,99.99998474121094,99.99998474121094,-7.3453647229951e-24,-7.3453647229951e-24,-7.345364920210326e-25,-7.345364920210326e-25,0,0,0,0,273.15916442871094,273.16078186035156,8.940696716303824e-08,0.00019219517707824702,0.1149139404296875,0.1403350830078125,0.18731689453125,0.19049072265625,0.238128662109375,0.2411956787109375,0.320587158203125,0.32135009765625,0.11500655859708786,0.11503246426582336,-924254,-36552.0,0,2597730,-431810,-162088.0,-651896,164104,0,2935294,1246759.0,1452545.0,-0.0002672262489795685,-4.656612873077393e-10,-8.204253390431404e-05,-8.847564458847046e-09,-7.016770541667938e-05,1.1920928955078125e-07,-5.0954928155988455e-05,-8.149072527885437e-07,-0.0008791685104370117,-1.459568738937378e-05,0.00010095536708831787,0.00011549144983291626,-2.3283064365386963e-10,2.3283064365386963e-10,0.00010094046592712402,0.00010389089584350586,0.0,1.3709068298339844e-05,-0.00036958325654268265,-1.461803913116455e-05,-2.1548919677734375,0.2729034423828125,-1.372650146484375,1.94659423828125,90059.3828125,90629.9140625,0.0,0.0019019097089767456,1.97607421875,1.97607421875,1.693359375,1.693359375
187,20200108,36.01795131677221,0.6872111923514339,1578441600000,291.28060150146484,298.6835308074951,298.4842014312744,299.03335825602215,298.9684708913167,298.27171325683594,297.9027220408122,298.05344645182294,-1.7849107984870838e-18,273.1500549316406,1.999999999999993,298.0535074869792,0.6500014662742615,298.0534973144531,0.8800005316734314,0,99.99998474121094,-7.3453647229951e-24,-7.345364920210326e-25,0,0,273.15999539693195,5.2608549594879144e-05,0.13695653279622397,0.18600781758626303,0.2365849812825521,0.32019297281901044,0.11505729053169489,-7450476,16105498,-6009352,-2417652,18199712,32727734,-0.0016212300397455692,-0.0006960919126868248,-0.0001953309401869774,-0.0004665842279791832,-0.006027601659297943,0.0023886114358901978,0.0,0.00238654762506485,2.0712614059448242e-06,-0.0029792357236146927,-0.7247543334960938,0.015982309977213543,90412.54280598958,0.0004243403673171997,1.97607421875,1.693359375,288.8279266357422,292.7018737792969,294.100341796875,303.29588317871094,292.02691650390625,307.0589599609375,294.4803161621094,305.3995666503906,297.8547058105469,300.04173278808594,298.2381134033203,298.3301239013672,297.89862060546875,297.907958984375,297.308349609375,298.764404296875,-2.9273466928914745e-18,-1.8126510241120856e-19,273.1492919921875,273.15069580078125,1.999999999999993,1.999999999999993,297.307861328125,298.764892578125,0.6500014662742615,0.6500014662742615,297.307861328125,298.764404296875,0.8800005316734314,0.8800005316734314,0,0,99.99998474121094,99.99998474121094,-7.3453647229951e-24,-7.3453647229951e-24,-7.345364920210326e-25,-7.345364920210326e-25,0,0,0,0,273.1592712402344,273.1609191894531,3.963708877563432e-06,0.00011557340621948237,0.1327056884765625,0.1412200927734375,0.184906005859375,0.1873321533203125,0.2352447509765625,0.2380523681640625,0.31982421875,0.3205718994140625,0.11503246426582336,0.11505836993455887,-840900,-41304.0,-2,2144516,-400980,-112698.625,-454074,139032,0,2423732,1254336.0,1421689.0,-0.00023190956562757492,0.0,-9.475275874137878e-05,0.0,-6.767315790057182e-05,3.875233232975006e-06,-3.262516111135483e-05,-3.939494490623474e-06,-0.0007346309721469879,-1.652538776397705e-05,9.804964065551758e-05,0.00010083615779876709,-2.3283064365386963e-10,2.3283064365386963e-10,9.804964065551758e-05,0.00010085105895996094,0.0,6.854534149169922e-07,-0.0003362530842423439,-1.6516074538230896e-05,-1.4431610107421875,0.50628662109375,-1.365478515625,1.342529296875,90113.30859375,90634.7734375,0.0,0.00014206767082214355,1.97607421875,1.97607421875,1.693359375,1.693359375
188,20200109,36.01795131677221,0.6872111923514339,1578528000000,289.71775309244794,297.9626159667969,298.1759344736735,298.7415879567464,298.6695137023926,298.31663195292157,297.9119923909505,298.05169677734375,-1.6363975505383944e-18,273.1500244140625,1.999999999999993,298.0517578125,0.6500014662742615,298.0517272949219,0.8800005316734314,0,99.99998474121094,-7.3453647229951e-24,-7.345364920210326e-25,0,0,273.1600259145101,2.6756276686986283e-05,0.12951787312825522,0.18330764770507812,0.2336552937825521,0.3194109598795573,0.11509781920661528,-8872840,19017248,-7141722,-3223556,21491148,31394686,-0.0018971432000398636,-0.0007979199290275574,-0.00013324618339538574,-0.000719691626727581,-0.007388077676296234,0.002317458391189575,0.0,0.0023165345191955566,9.238719940185547e-07,-0.0035480018705129623,-0.8418121337890625,0.49298667907714844,90342.93147786458,0.0001943349838242625,1.97607421875,1.693359375,286.4278106689453,291.8662109375,290.91761779785156,303.7957763671875,290.1258544921875,308.38038635253906,292.61085510253906,306.21751403808594,297.2172546386719,299.9885711669922,298.2816467285156,298.35768127441406,297.9067840576172,297.91664123535156,297.215087890625,298.805419921875,-3.0086618558278874e-18,-1.1180840073635593e-19,273.14923095703125,273.1507568359375,1.999999999999993,1.999999999999993,297.215087890625,298.805908203125,0.6500014662742615,0.6500014662742615,297.215087890625,298.805419921875,0.8800005316734314,0.8800005316734314,0,0,99.99998474121094,99.99998474121094,-7.3453647229951e-24,-7.3453647229951e-24,-7.345364920210326e-25,-7.345364920210326e-25,0,0,0,0,273.15936279296875,273.160888671875,4.17232513427691e-07,0.00010100007057189939,0.1247100830078125,0.1351470947265625,0.1819915771484375,0.184906005859375,0.2322845458984375,0.2351531982421875,0.31903076171875,0.3198089599609375,0.11505836993455887,0.11509953439235687,-931182,-5664.0,0,2528054,-417769,-187820.0,-576048,172944,0,2857126,1200792.0,1411856.0,-0.00025233393535017967,0.0,-0.0001017274335026741,0.0,-5.243346095085144e-05,9.351293556392193e-06,-5.2492134273052216e-05,-5.112960934638977e-07,-0.0008204765617847443,-3.904104232788086e-06,9.512901306152344e-05,9.794533252716064e-05,-2.3283064365386963e-10,2.3283064365386963e-10,9.511411190032959e-05,9.794533252716064e-05,0.0,3.46451997756958e-07,-0.0003723539412021637,-2.2649765014648438e-06,-1.4456634521484375,0.0599365234375,-2.0201873779296875,2.1527557373046875,90010.4375,90683.5390625,0.0,7.340312004089355e-05,1.97607421875,1.97607421875,1.693359375,1.693359375
189,20200110,36.01795131677221,0.6872111923514339,1578614400000,288.4166437784831,298.94078572591144,299.19418144226074,299.6034921010335,298.92053604125977,298.3496087392171,297.92147890726727,297.7911783854167,-2.7265998843922053e-18,273.150146484375,1.999999999999993,297.7913004557292,0.6500014662742615,297.7911682128906,0.8800005316734314,0,99.99998474121094,-7.3453647229951e-24,-7.345364920210326e-25,0,0,273.1601142883301,5.2774945894876695e-06,0.11907704671223958,0.1800994873046875,0.23067410786946616,0.3185984293619792,0.1151243606582284,-9635480,21512560,-8222174,-3448096,24310148,30800283,-0.002159607131034136,-0.000838711392134428,-2.414919435977936e-06,-0.0008522272109985352,-0.008975185453891754,0.002245858311653137,0.0,0.0022458359599113464,2.9802322387695312e-08,-0.0038529597222805023,-0.6009394327799479,-0.5062853495279948,90335.12711588542,5.170702934265137e-06,1.97607421875,1.693359375,286.15419006347656,291.34678649902344,290.9480895996094,305.3372802734375,289.53160095214844,310.2711486816406,292.037353515625,307.8741760253906,297.1165313720703,300.3989562988281,298.3059997558594,298.41444396972656,297.9168395996094,297.9268035888672,296.920166015625,298.619384765625,-5.8546925586023365e-18,-5.556536650976093e-19,273.1492614746094,273.1512451171875,1.999999999999993,1.999999999999993,296.920166015625,298.619384765625,0.6500014662742615,0.6500014662742615,296.920166015625,298.619384765625,0.8800005316734314,0.8800005316734314,0,0,99.99998474121094,99.99998474121094,-7.3453647229951e-24,-7.3453647229951e-24,-7.345364920210326e-25,-7.345364920210326e-25,0,0,0,0,273.1591491699219,273.16065979003906,-6.8521677389938e-20,3.093481063842769e-05,0.113494873046875,0.1258697509765625,0.178558349609375,0.1819915771484375,0.2292938232421875,0.2322235107421875,0.318206787109375,0.3190155029296875,0.11509953439235687,0.11512544006109238,-1111304,-25828.0,0,2979816,-522647,-227426.0,-756012,179524,-2,3367458,1174022.375,1361950.0,-0.00030531780794262886,0.0,-0.00011424347758293152,0.0,-2.026790753006935e-05,9.429175406694412e-06,-6.824731826782227e-05,-1.1189840734004974e-06,-0.0010730549693107605,-1.0408461093902588e-05,9.216368198394775e-05,9.500980377197266e-05,0.0,0.0,9.21487808227539e-05,9.50247049331665e-05,-7.450580596923828e-09,1.4901161193847656e-08,-0.00044437870383262634,-1.0326504707336426e-05,-1.1955413818359375,0.4651336669921875,-3.374603271484375,1.672393798828125,89976.89453125,90634.48828125,0.0,1.8775463104248047e-06,1.97607421875,1.97607421875,1.693359375,1.693359375
190,20200111,36.01795131677221,0.6872111923514339,1578700800000,289.5056947072347,298.91308784484863,299.60747782389325,300.13174629211426,299.39744504292804,298.44002596537274,297.93252182006836,297.38307698567706,-1.2013755115785144e-18,273.14996337890625,1.9460856119791596,297.7067464192708,0.6502357721328735,297.6880798339844,0.8800005316734314,0,99.99998474121094,-7.3453647229951e-24,-7.345364920210326e-25,0,0,273.1600863138835,7.65671332677202e-06,0.10985247294108073,0.1766974131266276,0.22774505615234375,0.3177680969238281,0.1151502663269639,-8757976,20296272,-7334910,-3747264,22936608,31896820,-0.002060370985418558,-0.000659269280731678,-1.909583806991577e-05,-0.0007633315399289131,-0.008283533155918121,0.002176433801651001,0.0,0.0021759048104286194,5.364418029785156e-07,-0.003502069041132927,-0.9436117808024088,0.3206602732340495,90362.162109375,0.0001264810562133789,1.97607421875,1.693359375,287.14080810546875,291.55772399902344,292.74720764160156,305.2343444824219,291.24522399902344,310.406005859375,293.37022399902344,308.5650329589844,297.8419952392578,300.75328063964844,298.39630126953125,298.52288818359375,297.92747497558594,297.9382629394531,296.786865234375,298.067138671875,-4.8789106033653825e-18,-2.744387266091816e-19,273.14910888671875,273.1504821777344,1.701171874999993,1.999999999999993,296.786376953125,298.547119140625,0.6496581435203552,0.6515807509422302,296.786376953125,298.499755859375,0.8800005316734314,0.8800005316734314,0,0,99.99998474121094,99.99998474121094,-7.3453647229951e-24,-7.3453647229951e-24,-7.345364920210326e-25,-7.345364920210326e-25,0,0,0,0,273.15924072265625,273.1608581542969,-3.4694475206402853e-20,3.540515899658201e-05,0.1056671142578125,0.1145172119140625,0.175201416015625,0.1785430908203125,0.2264251708984375,0.229217529296875,0.3173828125,0.31817626953125,0.11512544006109238,0.11515134572982788,-972908,-11832.0,0,2863554,-529599,-155367.0,-742052,131428,0,3235960,1259860.125,1390423.0,-0.0002930751070380211,-9.546056389808655e-09,-8.887378498911858e-05,-6.852205842733383e-07,-9.200535714626312e-06,1.600012183189392e-06,-5.577271804213524e-05,-1.0919757187366486e-06,-0.0009666457772254944,-8.42660665512085e-06,8.928775787353516e-05,9.205937385559082e-05,-2.3283064365386963e-10,2.3283064365386963e-10,8.928775787353516e-05,9.206682443618774e-05,0.0,3.8743019104003906e-07,-0.0003890385851264,-4.731118679046631e-06,-1.66778564453125,0.0275726318359375,-2.7835540771484375,2.0332794189453125,89967.21484375,90616.1171875,0.0,9.560585021972656e-05,1.97607421875,1.97607421875,1.693359375,1.693359375
191,20200112,36.01795131677221,0.6872111923514339,1578787200000,289.7862377166748,298.1368293762207,298.939702351888,299.7931480407715,299.5295600891113,298.55810165405273,297.94567489624023,297.53106689453125,-2.722011720329527e-18,273.1501159667969,1.999999999999993,297.5309244791667,0.6500014662742615,297.5310363769531,0.8800005316734314,0,99.99998474121094,-7.3453647229951e-24,-7.345364920210326e-25,0,0,273.16001955668133,7.491682966550188e-05,0.110137939453125,0.17362149556477866,0.2250232696533203,0.3169517517089844,0.1151761719956994,-8123124,17963124,-6439046,-3700508,20299832,32504950,-0.001770090777426958,-0.0004860428161919117,-0.0001557040959596634,-0.0008363733068108559,-0.007787562906742096,0.0021194815635681152,6.984919309616089e-10,0.0021090880036354065,1.0386109352111816e-05,-0.00324820913374424,-0.19302221139272055,0.08990347385406494,90453.50504557292,0.0020170211791992188,1.97607421875,1.693359375,287.0553436279297,292.33006286621094,293.983642578125,303.3516082763672,292.5191192626953,308.41754150390625,294.4287872314453,307.23243713378906,298.3776550292969,300.6032409667969,298.52220153808594,298.62632751464844,297.93890380859375,297.9529266357422,296.849853515625,298.274169921875,-5.204171255111034e-18,-1.6432444346612255e-19,273.1494140625,273.1509094238281,1.999999999999993,1.999999999999993,296.849853515625,298.274658203125,0.6500014662742615,0.6500014662742615,296.849853515625,298.274169921875,0.8800005316734314,0.8800005316734314,0,0,99.99998474121094,99.99998474121094,-7.3453647229951e-24,-7.3453647229951e-24,-7.345364920210326e-25,-7.345364920210326e-25,0,0,0,0,273.1592559814453,273.16065979003906,2.9802322387654112e-08,0.00027242302894592285,0.102142333984375,0.124908447265625,0.1723785400390625,0.175201416015625,0.22381591796875,0.2263641357421875,0.3165740966796875,0.317352294921875,0.11515134572982788,0.11517725139856339,-815474,-44180.0,0,2352250,-466576,-164837.75,-651452,157500,0,2658044,1279133.5,1450161.0,-0.0002323291264474392,-5.4016709327697754e-08,-5.9860292822122574e-05,-1.8905848264694214e-07,-6.988458335399628e-05,-1.7695128917694092e-08,-7.800385355949402e-05,-7.513444870710373e-07,-0.0008742846548557281,-1.809746026992798e-05,8.682906627655029e-05,9.402632713317871e-05,-2.3283064365386963e-10,4.656612873077393e-10,8.65831971168518e-05,8.919835090637207e-05,0.0,7.0035457611083984e-06,-0.0003260849043726921,-1.7667189240455627e-05,-0.898651123046875,1.671173095703125,-3.8176727294921875,1.9118804931640625,89985.71484375,90733.171875,-7.450580596923828e-09,0.0011856704950332642,1.97607421875,1.97607421875,1.693359375,1.693359375
192,20200113,36.01795131677221,0.6872111923514339,1578873600000,290.1972548166911,296.9230836232503,297.2907123565674,298.21630096435547,298.8423678080241,298.6141611735026,297.960844039917,296.99658203125,-1.436144879057549e-18,273.14996337890625,1.8972574869791596,297.276123046875,0.6501041650772095,297.2423400878906,0.8800005316734314,0,99.99998474121094,-7.3453647229951e-24,-7.345364920210326e-25,0,0,273.1599540710449,0.00014626731475194296,0.13944371541341147,0.1715113321940104,0.22265625,0.3161735534667969,0.1152167006706198,-7624272,14598726,-5391148,-2281652,16500100,32747380,-0.001360356342047453,-0.0006535295397043228,-0.0004344647750258446,-0.0006003845483064651,-0.005821064114570618,0.00206071138381958,2.3283064365386963e-10,0.0020473673939704895,1.3381242752075195e-05,-0.003048732876777649,-0.34242884318033856,0.19035983085632324,90482.79606119792,0.0024046808480306936,1.97607421875,1.693359375,288.33502197265625,291.6737060546875,292.29466247558594,301.5299072265625,291.4966125488281,305.81715393066406,294.0408935546875,304.1504211425781,297.99884033203125,299.64988708496094,298.5958709716797,298.62876892089844,297.95350646972656,297.9678497314453,296.622802734375,297.249267578125,-4.065758974001254e-18,-7.623301695167532e-20,273.1493835449219,273.1504211425781,1.652343749999993,1.999999999999993,296.622314453125,297.994384765625,0.6495513319969177,0.6513518691062927,296.622314453125,297.877685546875,0.8800005316734314,0.8800005316734314,0,0,99.99998474121094,99.99998474121094,-7.3453647229951e-24,-7.3453647229951e-24,-7.345364920210326e-25,-7.345364920210326e-25,0,0,0,0,273.1593017578125,273.1607208251953,2.9802322387684797e-08,0.00031882524490356445,0.125762939453125,0.1454315185546875,0.17071533203125,0.1724700927734375,0.2216339111328125,0.2237548828125,0.3158111572265625,0.3165435791015625,0.11517725139856339,0.11521841585636139,-835880,-51306.0,0,2141834,-365826,-104657.5,-492036,127800,-2,2420448,1277341.3125,1430825.0,-0.000223653856664896,1.1641532182693481e-10,-0.00010143592953681946,1.2122327461838722e-06,-0.0001691095530986786,4.997709766030312e-07,-4.0630344301462173e-05,-1.3336539268493652e-06,-0.0007315762341022491,-2.0839273929595947e-05,8.419156074523926e-05,8.928030729293823e-05,0.0,2.3283064365386963e-10,8.413195610046387e-05,8.649379014968872e-05,0.0,3.129243850708008e-06,-0.0003342442214488983,-2.0517036318778992e-05,-1.4116058349609375,0.3128509521484375,-1.8933658599853516,1.8975830078125,90138.3515625,90739.6015625,0.0,0.0005530416965484619,1.97607421875,1.97607421875,1.693359375,1.693359375
193,20200114,36.01795131677221,0.6872111923514339,1578960000000,290.7273979187012,297.3152262369792,298.2581672668457,298.8648993174235,298.6298542022705,298.57433764139813,297.9748115539551,297.32212320963544,-1.0074753804069232e-18,273.14996337890625,1.999999999999993,297.3220621744792,0.6500014662742615,297.3221130371094,0.8800005316734314,0,99.99998474121094,-7.3453647229951e-24,-7.345364920210326e-25,0,0,273.15992228190106,0.00012139727671941121,0.1401799519856771,0.16960716247558594,0.22035916646321616,0.315395991007487,0.11524324212223291,-9424548,19893002,-6519972,-3681340,22483176,32102201,-0.0018404368311166763,-0.0009098486043512821,-0.00033563096076250076,-0.0006827041506767273,-0.0075950175523757935,0.001991748809814453,0.0,0.0019876956939697266,4.023313522338867e-06,-0.0037686126306653023,-0.33367029825846356,0.17079480489095053,90390.45686848958,0.0008936822414398193,1.97607421875,1.693359375,288.7380828857422,291.67620849609375,291.5757598876953,303.5876159667969,290.7931213378906,308.841064453125,293.2915496826172,306.5343322753906,297.23675537109375,299.9451446533203,298.5428466796875,298.6148376464844,297.9683532714844,297.9823913574219,296.468017578125,298.179931640625,-4.824700494741107e-18,-8.300928052970972e-20,273.14935302734375,273.150634765625,1.999999999999993,1.999999999999993,296.468017578125,298.179931640625,0.6500014662742615,0.6500014662742615,296.468017578125,298.179931640625,0.8800005316734314,0.8800005316734314,0,0,99.99998474121094,99.99998474121094,-7.3453647229951e-24,-7.3453647229951e-24,-7.345364920210326e-25,-7.345364920210326e-25,0,0,0,0,273.15919494628906,273.1605987548828,-2.363561325384586e-20,0.0003014802932739257,0.1325531005859375,0.1470947265625,0.16851806640625,0.1709136962890625,0.2192535400390625,0.2215728759765625,0.3150177001953125,0.3157806396484375,0.11521841585636139,0.1152443215250969,-1094610,-57696.0,0,2902582,-430998,-149701.3125,-719792,150556,0,3280410,1240524.3125,1421687.0,-0.0002954299561679363,5.820766091346741e-11,-0.0001369682140648365,2.5476329028606415e-06,-0.00015936419367790222,2.5704503059387207e-06,-6.197672337293625e-05,-7.138587534427643e-07,-0.0009244903922080994,-2.3655593395233154e-05,8.162856101989746e-05,8.480064570903778e-05,-2.3283064365386963e-10,2.3283064365386963e-10,8.161365985870361e-05,8.404254913330078e-05,0.0,1.1026859283447266e-06,-0.0004377048462629318,-2.3070722818374634e-05,-1.3663177490234375,0.5416717529296875,-3.523284912109375,2.0231170654296875,90051.30859375,90660.30078125,0.0,0.000253140926361084,1.97607421875,1.97607421875,1.693359375,1.693359375
194,20200115,36.01795131677221,0.6872111923514339,1579046400000,289.52313168843585,297.9632110595703,298.24954922993976,298.8779691060384,298.80441919962567,298.5641854604085,297.98848152160645,297.39735921223956,-2.280213314394036e-18,273.14996337890625,1.999999999999993,297.3973388671875,0.6500014662742615,297.3973083496094,0.8800005316734314,0,99.99998474121094,-7.3453647229951e-24,-7.345364920210326e-25,0,0,273.16004435221356,4.697466890017191e-05,0.13060569763183594,0.16735521952311197,0.21802647908528647,0.31459490458170575,0.11526914779096842,-8828580,19318542,-7169018,-3136952,21835632,31407540,-0.0017944672144949436,-0.0008889217860996723,-0.0002444786950945854,-0.0006024343892931938,-0.007480725646018982,0.001929163932800293,0.0,0.001928076148033142,1.0728836059570312e-06,-0.0035303039476275444,-0.48778406778971356,0.24873181184132895,90363.24088541667,0.00025119185437461056,1.97607421875,1.693359375,286.0150604248047,291.6680603027344,292.48033142089844,303.94346618652344,291.3851776123047,308.5577697753906,293.58111572265625,306.6026153564453,297.4644012451172,300.1022033691406,298.5327453613281,298.59056091308594,297.9827880859375,297.9949035644531,296.518798828125,298.252197265625,-5.529431906856685e-18,-3.7947081206871484e-19,273.14935302734375,273.1508483886719,1.999999999999993,1.999999999999993,296.518798828125,298.252197265625,0.6500014662742615,0.6500014662742615,296.518798828125,298.252197265625,0.8800005316734314,0.8800005316734314,0,0,99.99998474121094,99.99998474121094,-7.3453647229951e-24,-7.3453647229951e-24,-7.345364920210326e-25,-7.345364920210326e-25,0,0,0,0,273.1592102050781,273.1608428955078,-4.7271220045343187e-20,0.00017160177230834956,0.124664306640625,0.1371307373046875,0.166290283203125,0.1686553955078125,0.2169647216796875,0.219207763671875,0.314208984375,0.3149871826171875,0.1152443215250969,0.1152702271938324,-975609,-27644.0,0,2636242,-468285,-160275.0,-607480,197224,0,2979526,1245129.0,1390359.0,-0.00026441318914294243,0.0,-0.0001195073127746582,-2.0954757928848267e-08,-0.00010936707258224487,3.6477576941251755e-06,-4.767999053001404e-05,-1.210719347000122e-06,-0.0008694939315319061,-1.849234104156494e-05,7.915496826171875e-05,8.159875869750977e-05,0.0,0.0,7.916241884231567e-05,8.152425289154053e-05,-1.4901161193847656e-08,4.172325134277344e-07,-0.00039011798799037933,-1.105479896068573e-05,-1.447174072265625,1.6198272705078125,-2.022184371948242,2.265289306640625,90016.3125,90651.73828125,-1.4901161193847656e-08,9.610801924964107e-05,1.97607421875,1.97607421875,1.693359375,1.693359375
195,20200116,36.01795131677221,0.6872111923514339,1579132800000,289.8359800974528,298.72356541951496,299.07242584228516,299.4512367248535,298.95559883117676,298.569096883138,298.0017789204915,297.2671305338542,-2.797468376577533e-18,273.1498718261719,1.8222249348958262,297.8463134765625,0.6503721475601196,297.7749328613281,0.8800005316734314,0,99.99998474121094,-7.3453647229951e-24,-7.345364920210326e-25,0,0,273.15995025634766,4.332512617111181e-06,0.11861356099446614,0.16499646504720053,0.21576754252115884,0.3137957255045573,0.11526353688289721,-7548140,18350038,-6590488,-3292236,20740992,32396682,-0.0018108580261468887,-0.0007680370472371578,-1.8831342458724976e-06,-0.0004375111311674118,-0.006962887942790985,0.0018701255321502686,2.3283064365386963e-10,0.0018701031804084778,2.9802322387695312e-08,-0.003018289804458618,-0.6035414139429728,0.2123399575551351,90372.49918619792,4.515817010997125e-06,1.97467041015625,1.692657470703125,286.5312194824219,292.50535583496094,292.8693542480469,304.1915740966797,291.32225036621094,309.0813446044922,293.3288269042969,306.9759521484375,297.4541015625,300.28839111328125,298.5345458984375,298.60906982421875,297.9952392578125,298.00775146484375,296.849853515625,297.585205078125,-5.963112775850887e-18,-9.215726737932913e-19,273.149169921875,273.1510009765625,1.576171874999993,1.999999999999993,296.849853515625,298.777587890625,0.6490935683250427,0.652152955532074,296.849853515625,298.586181640625,0.8800005316734314,0.8800005316734314,0,0,99.99998474121094,99.99998474121094,-7.3453647229951e-24,-7.3453647229951e-24,-7.345364920210326e-25,-7.345364920210326e-25,0,0,0,0,273.1593933105469,273.1607971191406,-2.4069295001719464e-20,2.0503997802734355e-05,0.11309814453125,0.125244140625,0.1638946533203125,0.1663665771484375,0.2147369384765625,0.2169189453125,0.31341552734375,0.3141937255859375,0.11526324599981308,0.1152702271938324,-939542,-11560.0,0,2642030,-427332,-133518.375,-605390,141768,0,2986138,1241758.0,1449467.0,-0.0002673477865755558,0.0,-0.00010724226012825966,0.0,-1.0782154276967049e-05,4.634726792573929e-06,-3.5993289202451706e-05,-1.1068768799304962e-06,-0.0008613206446170807,-7.994472980499268e-06,7.677078247070312e-05,7.909536361694336e-05,-1.4551915228366852e-11,2.3283064365386963e-10,7.677823305130005e-05,7.908791303634644e-05,0.0,1.4901161193847656e-08,-0.00037569738924503326,-4.62215393781662e-06,-1.487762451171875,0.9008941650390625,-1.805084228515625,1.8205900192260742,90016.5546875,90655.87890625,-7.623214060004102e-09,2.3245811462402344e-06,1.974609375,1.97607421875,1.692626953125,1.693359375
196,20200117,36.01795131677221,0.6872111923514339,1579219200000,288.8478609720866,299.5177625020345,299.900541305542,300.21267890930176,299.4169813791911,298.61780103047687,298.0148671468099,298.1990152994792,-3.577867996382777e-18,273.15008544921875,1.999999999999993,298.198974609375,0.6500014662742615,298.1989440917969,0.8800005316734314,0,99.99998474121094,-7.3453647229951e-24,-7.345364920210326e-25,0,0,273.16010665893555,4.908690849939945e-06,0.10799280802408855,0.16249465942382812,0.21354166666666666,0.312985102335612,0.11525655925894777,-7746528,18327832,-6422686,-3345752,20715540,33010037,-0.001820904202759266,-0.0007096785120666027,-2.5639310479164124e-06,-0.0005644746124744415,-0.007728546857833862,0.0018134117126464844,-2.3283064365386963e-10,0.0018133893609046936,0.0,-0.003097621724009514,-0.9262996117273966,0.03289715449015299,90307.98551432292,1.0193443245043454e-06,1.9730885823567708,1.691925048828125,284.2290496826172,292.6121520996094,292.5890350341797,305.2406311035156,291.4145202636719,310.6547088623047,293.45628356933594,308.1726989746094,297.85337829589844,300.711669921875,298.57916259765625,298.68601989746094,298.00799560546875,298.0208435058594,297.296142578125,298.996337890625,-5.963112775850887e-18,-3.252607034444396e-19,273.149169921875,273.15093994140625,1.999999999999993,1.999999999999993,297.296142578125,298.996337890625,0.6500014662742615,0.6500014662742615,297.296142578125,298.996337890625,0.8800005316734314,0.8800005316734314,0,0,99.99998474121094,99.99998474121094,-7.3453647229951e-24,-7.3453647229951e-24,-7.345364920210326e-25,-7.345364920210326e-25,0,0,0,0,273.15911865234375,273.16082763671875,-8.933834958908264e-20,2.5004148483276347e-05,0.103179931640625,0.11376953125,0.161376953125,0.1639251708984375,0.2125396728515625,0.214691162109375,0.3126068115234375,0.313385009765625,0.11525626853108406,0.11526324599981308,-1015806,-6956.0,0,3012864,-461439,-141804.75,-734524,115928,0,3405338,1275361.5,1523048.0,-0.0002988413907587528,0.0,-0.00010647112503647804,0.0,-1.711864024400711e-05,5.416804924607277e-06,-4.387367516756058e-05,-8.791685104370117e-07,-0.00098467618227005,-3.5688281059265137e-06,7.444620132446289e-05,7.671117782592773e-05,-2.3283064365386963e-10,2.3283064365386963e-10,7.443875074386597e-05,7.669627666473389e-05,0.0,0.0,-0.0004061916843056679,-2.780929207801819e-06,-1.6545944213867188,0.03588390350341797,-1.6062774658203125,1.4026832580566406,89963.5,90619.05078125,-1.4901161193847656e-08,4.3511391822903533e-07,1.9730224609375,1.974609375,1.69189453125,1.692626953125
197,20200118,36.01795131677221,0.6872111923514339,1579305600000,287.8276602427165,300.3218142191569,300.49860763549805,300.97372754414874,300.0279115041097,298.72730827331543,298.0295829772949,298.2119954427083,-4.127874861330005e-18,273.15008544921875,1.999999999999993,298.2121175130208,0.6500014662742615,298.21209716796875,0.8800005316734314,0,99.99998474121094,-7.3453647229951e-24,-7.345364920210326e-25,0,0,273.16000175476074,2.5009115537007384e-06,0.09900919596354167,0.15984026590983072,0.21134630839029947,0.3121713002522786,0.11524957822014888,-8549204,19828390,-7729262,-3471444,22411332,32020024,-0.0019167084246873856,-0.0006174775771796703,-1.0728836059570312e-06,-0.0008833287283778191,-0.00932273268699646,0.0017577558755874634,4.656612873077393e-10,0.0017577707767486572,0.0,-0.003418589010834694,-0.928401509920756,-0.7425901889801025,90254.22542317708,2.1829777097082115e-06,1.97161865234375,1.691192626953125,283.29212951660156,292.10935974121094,293.4404602050781,306.8913116455078,291.7674560546875,311.94129943847656,293.85809326171875,309.8017883300781,298.4148864746094,301.3950500488281,298.6788787841797,298.8252868652344,298.0210266113281,298.0384979248047,297.452392578125,299.024658203125,-5.746272341353786e-18,-2.6291910954579608e-18,273.14886474609375,273.1513671875,1.999999999999993,1.999999999999993,297.452392578125,299.024658203125,0.6500014662742615,0.6500014662742615,297.452392578125,299.024658203125,0.8800005316734314,0.8800005316734314,0,0,99.99998474121094,99.99998474121094,-7.3453647229951e-24,-7.3453647229951e-24,-7.345364920210326e-25,-7.345364920210326e-25,0,0,0,0,273.1592712402344,273.16090393066406,-4.7271220045343187e-20,1.519918441772458e-05,0.0951080322265625,0.1037445068359375,0.1586151123046875,0.161376953125,0.2103424072265625,0.212493896484375,0.3117828369140625,0.312591552734375,0.11524928733706474,0.11525626853108406,-956418,-60156.0,0,2927044,-520853,-187728.0,-777608,170012,0,3308492,1231402.0,1479834.0,-0.0002766307443380356,5.820766091346741e-11,-8.331192657351494e-05,-8.335337042808533e-08,-1.1074589565396309e-05,4.925066605210304e-06,-8.689844980835915e-05,-1.0253861546516418e-06,-0.0011011883616447449,-3.099720925092697e-05,7.212162017822266e-05,7.43567943572998e-05,-2.3283064365386963e-10,4.656612873077393e-10,7.212907075881958e-05,7.437169551849365e-05,0.0,0.0,-0.0003824448212981224,-2.4055130779743195e-05,-1.9839324951171875,0.3791656494140625,-3.3365478515625,1.539215087890625,89907.703125,90520.796875,-3.0240698833949864e-09,8.863347034093749e-07,1.9715576171875,1.9730224609375,1.691162109375,1.69189453125
198,20200119,36.01795131677221,0.6872111923514339,1579392000000,286.8534749348958,300.0902620951335,300.5732561747233,301.2425880432129,300.29448318481445,298.8691889444987,298.0468559265137,297.85821533203125,-1.424533538003989e-18,273.14996337890625,1.999999999999993,297.8581949869792,0.6500014662742615,297.8581848144531,0.8800005316734314,0,99.99998474121094,-7.3453647229951e-24,-7.345364920210326e-25,0,0,273.16003036499023,2.551823854446374e-06,0.09206390380859375,0.1569830576578776,0.20913124084472656,0.3113352457682292,0.11525722360238433,-8805540,21990428,-8534776,-4503808,24854636,31205794,-0.002054397016763687,-0.0004890556447207928,-3.213062882423401e-07,-0.000977315939962864,-0.010051324963569641,0.0017027705907821655,-2.3283064365386963e-10,0.0017027556896209717,0.0,-0.0035210903733968735,-1.1779098510742188,-0.6755128304163615,90297.11604817708,8.52346317969932e-07,1.97015380859375,1.690460205078125,282.3750762939453,290.52001953125,292.0453186035156,307.3793029785156,290.5488739013672,312.386962890625,292.9595031738281,310.7537384033203,298.5857238769531,301.74371337890625,298.81903076171875,298.971435546875,298.0386505126953,298.0556945800781,297.010498046875,298.651123046875,-2.8460315299550617e-18,-5.675125916482641e-20,273.149169921875,273.1508483886719,1.999999999999993,1.999999999999993,297.010986328125,298.650634765625,0.6500014662742615,0.6500014662742615,297.010986328125,298.651123046875,0.8800005316734314,0.8800005316734314,0,0,99.99998474121094,99.99998474121094,-7.3453647229951e-24,-7.3453647229951e-24,-7.345364920210326e-25,-7.345364920210326e-25,0,0,0,0,273.15936279296875,273.16078186035156,-9.540985528522186e-20,1.7225742340087847e-05,0.0891265869140625,0.0956573486328125,0.155670166015625,0.1586151123046875,0.2081146240234375,0.210296630859375,0.310943603515625,0.3117523193359375,0.11524928733706474,0.11525756865739822,-943180,-90232.0,0,3119348,-554577,-223888.0,-911670,167856,0,3525672,1205694.0,1402824.0,-0.0002871961332857609,0.0,-6.5595842897892e-05,-1.4528632164001465e-07,-1.0253628715872765e-05,6.538466550409794e-06,-7.883459329605103e-05,-1.4705583453178406e-06,-0.0011361725628376007,-3.6366283893585205e-05,6.985664367675781e-05,7.207691669464111e-05,-2.3283064365386963e-10,2.3283064365386963e-10,6.985664367675781e-05,7.206946611404419e-05,0.0,0.0,-0.00037715211510658264,-3.608129918575287e-05,-1.871978759765625,-0.025390625,-3.194149971008301,1.63311767578125,89936.31640625,90585.3359375,-7.450580596923828e-09,8.597968985668558e-07,1.9700927734375,1.9715576171875,1.6904296875,1.691162109375
199,20200120,36.01795131677221,0.6872111923514339,1579478400000,286.799654006958,299.81690724690753,300.5099703470866,301.3995819091797,300.5917390187581,299.02454884847003,298.0666275024414,297.7095540364583,-9.478654367439019e-19,273.1499328613281,1.999999999999993,297.7095540364583,0.6500014662742615,297.70953369140625,0.8800005316734314,0,99.99998474121094,-7.3453647229951e-24,-7.345364920210326e-25,0,0,273.1598587036133,2.8125941753387095e-06,0.08716901143391927,0.15404129028320312,0.20692062377929688,0.3104852040608724,0.11525088191653292,-8100112,22802436,-9176279,-5236400,25771152,30527061,-0.0020576519891619682,-0.0003514382988214493,-3.5390257835388184e-08,-0.0008298801258206367,-0.009578168392181396,0.0016486942768096924,4.656612873077393e-10,0.0016487091779708862,0.0,-0.0032390058040618896,-0.7741981347401937,-0.4335613250732422,90316.1396484375,4.261732051702438e-07,1.9685719807942708,1.689727783203125,281.94129943847656,290.9585876464844,291.8795166015625,306.6531524658203,290.2059020996094,312.991943359375,292.8642578125,311.3300018310547,298.93792724609375,302.02540588378906,298.97459411621094,299.12901306152344,298.05584716796875,298.0766906738281,296.732177734375,298.542724609375,-2.9815568015157497e-18,-3.472835406860058e-20,273.1495056152344,273.150634765625,1.999999999999993,1.999999999999993,296.731689453125,298.542236328125,0.6500014662742615,0.6500014662742615,296.731689453125,298.542724609375,0.8800005316734314,0.8800005316734314,0,0,99.99998474121094,99.99998474121094,-7.3453647229951e-24,-7.3453647229951e-24,-7.345364920210326e-25,-7.345364920210326e-25,0,0,0,0,273.1591491699219,273.16038513183594,-7.632793592696578e-20,1.966953277587886e-05,0.085174560546875,0.0896453857421875,0.152740478515625,0.155670166015625,0.2059326171875,0.20806884765625,0.310089111328125,0.3109130859375,0.1152505911886692,0.11525756865739822,-901070,-12324.0,0,3123626,-600897,-237323.0,-993154,151600,-2,3530288,1176604.625,1372122.0,-0.0002848883159458637,1.1641532182693481e-10,-4.638032987713814e-05,0.0,-1.236889511346817e-05,7.79307447373867e-06,-5.255499854683876e-05,-1.2367963790893555e-06,-0.0011613667011260986,-1.0810792446136475e-05,6.762146949768066e-05,6.976723670959473e-05,-2.3283064365386963e-10,4.656612873077393e-10,6.762892007827759e-05,6.978213787078857e-05,0.0,0.0,-0.0003603128716349602,-4.928559064865112e-06,-1.431732177734375,0.11162757873535156,-2.7643585205078125,1.6353912353515625,90012.57421875,90601.3828125,0.0,4.261732051702438e-07,1.968505859375,1.9700927734375,1.689697265625,1.6904296875
200,20200121,36.01795131677221,0.6872111923514339,1579564800000,287.1556288401286,300.1023375193278,300.60121726989746,301.47653261820477,300.6669152577718,299.1716601053874,298.0897967020671,297.5834554036458,-1.2496563895720096e-18,273.1499328613281,1.999999999999993,297.5834554036458,0.6500014662742615,297.5834655761719,0.8800005316734314,0,99.99998474121094,-7.3453647229951e-24,-7.345364920210326e-25,0,0,273.1600093841553,3.4123659133910828e-06,0.08399518330891927,0.15120251973470053,0.2047856648763021,0.3096396128336589,0.11524390087773402,-7900868,22185006,-8863143,-5173820,25072776,30864790,-0.0019805356860160828,-0.0002685380168259144,-1.564621925354004e-07,-0.0009101061150431633,-0.009783096611499786,0.0015965551137924194,2.3283064365386963e-10,0.0015965402126312256,0.0,-0.0031593358144164085,-0.848146915435791,-0.27923524379730225,90230.724609375,8.52346317969932e-07,1.96710205078125,1.688995361328125,283.5662841796875,290.6912841796875,292.3039245605469,306.7975311279297,290.5068664550781,312.61964416503906,293.0149230957031,311.24671936035156,299.04466247558594,302.0331115722656,299.12644958496094,299.2657775878906,298.07879638671875,298.10252380371094,296.682861328125,298.331787109375,-5.5836420154809604e-18,-1.4399565273201934e-19,273.1491394042969,273.150634765625,1.999999999999993,1.999999999999993,296.682861328125,298.332275390625,0.6500014662742615,0.6500014662742615,296.682861328125,298.331787109375,0.8800005316734314,0.8800005316734314,0,0,99.99998474121094,99.99998474121094,-7.3453647229951e-24,-7.3453647229951e-24,-7.345364920210326e-25,-7.345364920210326e-25,0,0,0,0,273.15916442871094,273.1607208251953,-7.285848194397695e-20,2.1636486053466753e-05,0.082611083984375,0.08575439453125,0.149993896484375,0.1527557373046875,0.2038421630859375,0.2058868408203125,0.3092498779296875,0.31005859375,0.11524360999464989,0.1152505911886692,-858402,-10672.0,0,3131542,-575536,-208481.0,-1020130,146872,-2,3538968,1179243.9375,1397402.0,-0.0002753748558461666,0.0,-3.415858373045921e-05,-1.4953548088669777e-07,-1.1137686669826508e-05,7.095513865351677e-06,-5.89652918279171e-05,-1.346692442893982e-06,-0.0011369697749614716,-9.24617052078247e-06,6.552040576934814e-05,6.757676601409912e-05,-2.3283064365386963e-10,2.3283064365386963e-10,6.55055046081543e-05,6.75693154335022e-05,0.0,0.0,-0.0003432510420680046,-4.2673200368881226e-06,-1.93719482421875,0.447357177734375,-3.2215890884399414,1.958282470703125,89930.80859375,90490.9921875,0.0,8.52346317969932e-07,1.967041015625,1.968505859375,1.68896484375,1.689697265625
201,20200122,36.01795131677221,0.6872111923514339,1579651200000,286.91902987162274,300.75917689005536,301.27306429545087,301.9643103281657,300.84949684143066,299.30882263183594,298.11563364664715,297.4177652994792,-7.211076753889613e-19,273.15008544921875,1.999999999999993,297.4178059895833,0.6500014662742615,297.4177551269531,0.8800005316734314,0,99.99998474121094,-7.3453647229951e-24,-7.345364920210326e-25,0,0,273.16010030110675,2.110997835794767e-07,0.08186594645182292,0.14861933390299478,0.20279248555501303,0.3088124593098958,0.11523692325378458,-7003992,19168526,-7168300,-4217852,21663120,32920927,-0.001784108579158783,-0.00021754298359155655,-5.438923835754395e-07,-0.0007985047996044159,-0.009376853704452515,0.0015469491481781006,-2.3283064365386963e-10,0.0015469193458557129,1.4901161193847656e-08,-0.0028007011860609055,-0.6591716607411703,-0.6373204787572225,90216.14680989583,3.0817814149486367e-06,1.9655202229817708,1.688262939453125,283.70640563964844,289.40113830566406,292.72642517089844,306.6991729736328,290.99815368652344,313.2020721435547,293.46519470214844,311.66529846191406,299.2964782714844,302.0078125,299.2659149169922,299.40223693847656,298.1026916503906,298.12823486328125,296.522216796875,298.122314453125,-2.8731365842671993e-18,-1.6940664114964835e-19,273.1491394042969,273.1507568359375,1.999999999999993,1.999999999999993,296.521728515625,298.122314453125,0.6500014662742615,0.6500014662742615,296.521728515625,298.122314453125,0.8800005316734314,0.8800005316734314,0,0,99.99998474121094,99.99998474121094,-7.3453647229951e-24,-7.3453647229951e-24,-7.345364920210326e-25,-7.345364920210326e-25,0,0,0,0,273.1592559814453,273.16082763671875,-9.454250471417173e-20,9.238719940185547e-07,0.080902099609375,0.0831146240234375,0.1475677490234375,0.149993896484375,0.201934814453125,0.2038116455078125,0.308441162109375,0.3092193603515625,0.11523663252592087,0.11524360999464989,-809326,-7200.0,0,2941338,-542329,-145654.0,-985632,120452,-2,3324260,1202711.0,1510732.0,-0.00026166485622525215,-2.4563632905483246e-07,-2.7582980692386627e-05,-5.504116415977478e-07,-1.5599653124809265e-07,1.1757947504520416e-08,-5.354639142751694e-05,-7.981434464454651e-07,-0.0011311247944831848,-5.21540641784668e-06,6.350874900817871e-05,6.54458999633789e-05,-2.3283064365386963e-10,2.3283064365386963e-10,6.350874900817871e-05,6.543844938278198e-05,0.0,1.4901161193847656e-08,-0.00032362714409828186,-2.8796494007110596e-06,-1.4086933135986328,0.7109260559082031,-2.7940216064453125,1.8603363037109375,89867.09375,90495.26953125,0.0,1.3116271411206526e-06,1.9654541015625,1.967041015625,1.688232421875,1.68896484375
202,20200123,36.01795131677221,0.6872111923514339,1579737600000,288.6087252298991,298.96386909484863,299.35687192281085,300.3484643300374,300.70614496866864,299.4470621744792,298.1434078216553,297.28322347005206,-3.3658987251154245e-19,273.1499938964844,1.999999999999993,297.283203125,0.6500014662742615,297.2831726074219,0.8800005316734314,0,99.99998474121094,-7.3453647229951e-24,-7.345364920210326e-25,0,0,273.1600621541341,2.620120843251243e-07,0.08082199096679688,0.1468029022216797,0.20117823282877603,0.3080526987711589,0.11522994221498568,-4855640,11079766,-5120498,-2127512,12521756,34040003,-0.0010989555157721043,-0.00012908689677715302,-1.5320256352424622e-06,-0.0007120603695511818,-0.006152153015136719,0.0015024691820144653,2.3283064365386963e-10,0.0015024691820144653,0.0,-0.0019416343420743942,-0.016622543334960938,0.5344003041585287,90362.85986328125,2.795457703541615e-06,1.96405029296875,1.687530517578125,286.9841613769531,289.63914489746094,296.40435791015625,302.27870178222656,295.2373809814453,306.53346252441406,296.87078857421875,306.0732421875,300.1547546386719,301.2288360595703,299.40745544433594,299.49156188964844,298.13035583496094,298.15728759765625,296.900634765625,297.717041015625,-2.141300117839484e-18,-8.809147821323552e-20,273.14898681640625,273.15069580078125,1.999999999999993,1.999999999999993,296.900634765625,297.717041015625,0.6500014662742615,0.6500014662742615,296.900634765625,297.717041015625,0.8800005316734314,0.8800005316734314,0,0,99.99998474121094,99.99998474121094,-7.3453647229951e-24,-7.3453647229951e-24,-7.345364920210326e-25,-7.345364920210326e-25,0,0,0,0,273.1594543457031,273.1608428955078,-7.806263706906604e-20,8.046627044677348e-07,0.080413818359375,0.0812530517578125,0.146148681640625,0.1475677490234375,0.2005157470703125,0.201904296875,0.307708740234375,0.30841064453125,0.11522965133190155,0.11523663252592087,-490532,-41108.0,0,1682518,-373906,-122708.0,-498428,70448,0,1901232,1385786.0,1454496.0,-0.00015878118574619293,-2.419576048851013e-06,-1.3653188943862915e-05,-1.3224780559539795e-06,-2.2095628082752228e-07,0.0,-4.1574472561478615e-05,-1.1216849088668823e-05,-0.0006779320538043976,-4.286319017410278e-05,6.178021430969238e-05,6.341934204101562e-05,-2.3283064365386963e-10,2.3283064365386963e-10,6.177276372909546e-05,6.343424320220947e-05,-7.450580596923828e-09,7.450580596923828e-09,-0.0001961495727300644,-1.6437843441963196e-05,-0.9632110595703125,1.3670501708984375,-1.9208526611328125,2.02734375,90099.7890625,90578.875,0.0,8.523464316567697e-07,1.9639892578125,1.9654541015625,1.6875,1.688232421875
203,20200124,36.01795131677221,0.6872111923514339,1579824000000,288.56325658162433,299.2321020762126,299.85332043965656,300.7455418904622,300.3493283589681,299.49178759257,298.17309379577637,296.71026611328125,-1.2177515163579564e-18,273.14996337890625,1.9065348307291596,297.0570475260417,0.6500475406646729,297.02301025390625,0.8800005316734314,0,99.99998474121094,-7.3453647229951e-24,-7.345364920210326e-25,0,0,273.1600519816081,2.8063853581742855e-07,0.08015886942545573,0.14513079325358072,0.19965298970540366,0.3073069254557292,0.11522296459103624,-5360858,15205056,-6442924,-3343248,17185460,32988893,-0.0014418107457458973,-0.00014656037092208862,-2.96812504529953e-06,-0.0005523161962628365,-0.007065631449222565,0.001460447907447815,0.0,0.0014604032039642334,4.470348358154297e-08,-0.002143655903637409,-0.20918782552083334,0.6563447316487631,90456.63167317708,6.213784217834473e-06,1.96258544921875,1.686798095703125,286.1244812011719,290.7580261230469,295.18785095214844,304.5272979736328,293.1749572753906,310.77386474609375,295.5533142089844,309.47828674316406,299.3067321777344,301.4159698486328,299.46693420410156,299.52796936035156,298.1593780517578,298.1879119873047,296.247314453125,297.081787109375,-4.662070168868282e-18,-3.8963518804872083e-20,273.14923095703125,273.1508483886719,1.716796874999993,1.999999999999993,296.247314453125,297.823486328125,0.6490935683250427,0.6513518691062927,296.247314453125,297.732666015625,0.8800005316734314,0.8800005316734314,0,0,99.99998474121094,99.99998474121094,-7.3453647229951e-24,-7.3453647229951e-24,-7.345364920210326e-25,-7.345364920210326e-25,0,0,0,0,273.1594543457031,273.1606750488281,-9.454250471417173e-20,9.536743164061754e-07,0.079559326171875,0.0807952880859375,0.1442718505859375,0.146148681640625,0.19891357421875,0.2004852294921875,0.30694580078125,0.3076934814453125,0.11522267386317253,0.11522965133190155,-584648,-12460.0,0,2326992,-472196,-121510.25,-704570,113128,-2,2629832,1294410.0,1431954.0,-0.0002132868394255638,-6.752088665962219e-07,-1.8995720893144608e-05,-5.336478352546692e-07,-9.005889296531677e-07,4.656612873077393e-10,-4.14170790463686e-05,-1.0621733963489532e-06,-0.0008189193904399872,-1.7136335372924805e-05,5.9992074966430664e-05,6.172060966491699e-05,-2.3283064365386963e-10,2.3283064365386963e-10,5.9992074966430664e-05,6.170570850372314e-05,-3.725290298461914e-09,1.4901161193847656e-08,-0.0002337847836315632,-4.98257577419281e-06,-1.2429656982421875,0.858489990234375,-2.2724609375,2.260711669921875,90143.3125,90703.75390625,0.0,2.115964889526367e-06,1.9625244140625,1.9639892578125,1.686767578125,1.6875
204,20200125,36.01795131677221,0.6872111923514339,1579910400000,290.6836020151774,298.4615675608317,299.7457625071208,300.80261993408203,300.37766138712567,299.52635256449383,298.20226923624676,297.0850830078125,-2.2278385127538627e-18,273.1500244140625,1.927856445312493,297.31201171875,0.6499820947647095,297.2932434082031,0.8800005316734314,0,99.99998474121094,-7.3453647229951e-24,-7.345364920210326e-25,0,0,273.15994453430176,0.00010356555382410682,0.0867169698079427,0.14327112833658853,0.19805526733398438,0.3065408070882161,0.11521598712230723,-5665998,16542168,-5942627,-4399924,18696488,33457735,-0.0014171870425343513,-0.0001214384101331234,-0.00021086633205413818,-0.0005161808803677559,-0.006689712405204773,0.0014271140098571777,0.0,0.001418381929397583,8.746981620788574e-06,-0.0022656740620732307,-0.20769882202148438,0.5612258116404215,90520.16015625,0.0020350664854049683,1.9610036214192708,1.686065673828125,287.7478790283203,294.03736877441406,294.4043731689453,304.7979278564453,293.3248291015625,311.2626647949219,295.0561828613281,310.0254364013672,299.22984313964844,301.5109405517578,299.4989013671875,299.5630187988281,298.18804931640625,298.21624755859375,296.435302734375,297.868408203125,-5.6378521241052356e-18,-2.574980676640956e-19,273.14910888671875,273.1509704589844,1.442382812499993,1.999999999999993,296.434814453125,298.113525390625,0.6495513319969177,0.6504516005516052,296.434814453125,298.086181640625,0.8800005316734314,0.8800005316734314,0,0,99.99998474121094,99.99998474121094,-7.3453647229951e-24,-7.3453647229951e-24,-7.345364920210326e-25,-7.345364920210326e-25,0,0,0,0,273.1591796875,273.1605682373047,-7.719528649801591e-20,0.00029465556144714355,0.079193115234375,0.1012115478515625,0.1424713134765625,0.144287109375,0.1973724365234375,0.198883056640625,0.306182861328125,0.306915283203125,0.11521569639444351,0.11522267386317253,-607998,-41022.0,0,2436684,-467739,-125345.25,-764746,64790,-2,2753964,1322461.0,1462624.0,-0.0002224682830274105,0.0,-1.8829479813575745e-05,-9.313225746154785e-09,-4.5672524720430374e-05,1.5296973288059235e-06,-4.669511690735817e-05,-1.1106021702289581e-06,-0.0008366480469703674,-1.6391277313232422e-05,5.8278441429138184e-05,6.189942359924316e-05,-2.3283064365386963e-10,2.3283064365386963e-10,5.828589200973511e-05,5.994737148284912e-05,0.0,3.2335519790649414e-06,-0.00024312222376465797,-1.6402453184127808e-05,-2.5666961669921875,1.034027099609375,-2.584442138671875,1.9307861328125,90154.58203125,90718.4921875,0.0,0.0007229596376419067,1.9609375,1.9625244140625,1.68603515625,1.686767578125
205,20200126,36.01795131677221,0.6872111923514339,1579996800000,292.4599240620931,297.4700616200765,298.63298352559406,299.6741695404053,299.89644686381024,299.53343709309894,298.23139572143555,297.3766276041667,-2.1676991734988074e-18,273.1499328613281,1.910522460937493,297.6238606770833,0.6503254175186157,297.6000061035156,0.8800005316734314,0,99.99998474121094,-7.3453647229951e-24,-7.345364920210326e-25,0,0,273.16004943847656,0.000192915399869283,0.11881065368652344,0.14185015360514322,0.19663874308268228,0.3058083852132161,0.11520900608350833,-6171832,15521146,-5574318,-3589584,17543168,33256862,-0.0011993348598480225,-0.0004088939167559147,-0.0004354836419224739,-0.00042422860860824585,-0.005583152174949646,0.0014022141695022583,4.656612873077393e-10,0.0013791173696517944,2.3096799850463867e-05,-0.002467941492795944,-0.24938456217447916,0.7032279968261719,90494.21695963542,0.0044696258258341,1.95953369140625,1.685333251953125,290.0936279296875,295.0986328125,293.0138397216797,303.8120574951172,292.1916809082031,309.3009490966797,294.51280212402344,307.63287353515625,298.9205627441406,300.83775329589844,299.51287841796875,299.5617980957031,298.21832275390625,298.24412536621094,296.808349609375,297.954345703125,-5.258381363735309e-18,-3.7608268027969764e-19,273.14874267578125,273.1512451171875,1.502929687499993,1.999999999999993,296.807861328125,298.365478515625,0.6496581435203552,0.6518096327781677,296.807861328125,298.316650390625,0.8800005316734314,0.8800005316734314,0,0,99.99998474121094,99.99998474121094,-7.3453647229951e-24,-7.3453647229951e-24,-7.345364920210326e-25,-7.345364920210326e-25,0,0,0,0,273.1591033935547,273.16090393066406,5.960464477535506e-08,0.00030401349067687983,0.096435546875,0.151947021484375,0.1411895751953125,0.1425933837890625,0.1960296630859375,0.1973419189453125,0.3054656982421875,0.3061676025390625,0.1152087152004242,0.11521569639444351,-755382,-33590.0,0,2583768,-382803,-149221.0,-715746,58360,0,2920336,1293816.9375,1489775.0,-0.00022499682381749153,0.0,-7.375143468379974e-05,-3.725290298461914e-09,-0.00013013347052037716,4.8745423555374146e-06,-3.158184699714184e-05,-7.539056241512299e-07,-0.0008154474198818207,-1.3463199138641357e-05,5.672872066497803e-05,6.626546382904053e-05,-2.3283064365386963e-10,4.656612873077393e-10,5.6706368923187256e-05,5.823373794555664e-05,0.0,9.149312973022461e-06,-0.00030205678194761276,-1.3432465493679047e-05,-2.0026397705078125,0.73968505859375,-1.17413330078125,1.7378997802734375,90131.26171875,90717.390625,0.0,0.0017469584942091387,1.95947265625,1.9609375,1.685302734375,1.68603515625
206,20200127,36.01795131677221,0.6872111923514339,1580083200000,292.62378883361816,296.65035311381024,297.17132059733075,298.22497431437176,299.08006350199383,299.4649467468262,298.2594394683838,297.61387125651044,-1.4892960931001798e-18,273.1499938964844,1.999999999999993,297.6137288411458,0.6500014662742615,297.6137390136719,0.8800005316734314,0,99.99998474121094,-7.3453647229951e-24,-7.345364920210326e-25,0,0,273.16006660461426,0.0002015481392542521,0.16170692443847656,0.1412181854248047,0.19550132751464844,0.3051293690999349,0.11520202845955889,-6203588,12286738,-4577907,-2447520,13884928,33537532,-0.0008395486511290073,-0.0004976312629878521,-0.0006008623167872429,-0.0005426378920674324,-0.004632391035556793,0.0013608932495117188,4.656612873077393e-10,0.0013436675071716309,1.7240643501281738e-05,-0.00248064287006855,-0.03185717264811198,-0.023031234741210938,90490.39306640625,0.0034034878014495007,1.9579518636067708,1.684600830078125,291.8319091796875,293.6868896484375,293.2710876464844,300.41505432128906,292.7076721191406,304.3429718017578,294.9420166015625,303.2433776855469,298.4641571044922,299.6952209472656,299.4126892089844,299.5304412841797,298.2461853027344,298.2728576660156,297.198974609375,298.024658203125,-5.5836420154809604e-18,-1.0503213715832153e-19,273.1488952636719,273.1510314941406,1.999999999999993,1.999999999999993,297.198486328125,298.024658203125,0.6500014662742615,0.6500014662742615,297.198486328125,298.024658203125,0.8800005316734314,0.8800005316734314,0,0,99.99998474121094,99.99998474121094,-7.3453647229951e-24,-7.3453647229951e-24,-7.345364920210326e-25,-7.345364920210326e-25,0,0,0,0,273.1593780517578,273.1607360839844,2.8043985366821265e-05,0.00031641125679016113,0.1519012451171875,0.1815338134765625,0.1408843994140625,0.14154052734375,0.195037841796875,0.1959991455078125,0.3048248291015625,0.305450439453125,0.11520173773169518,0.1152087152004242,-787696,-39092.0,0,2009102,-279260,-114189.5,-520464,28260,0,2270304,1305062.75,1463414.0,-0.000155590008944273,0.0,-9.589968249201775e-05,2.9543880373239517e-06,-0.00013782689347863197,4.888512194156647e-06,-3.673415631055832e-05,-1.4786608517169952e-05,-0.0006771273910999298,-1.563131809234619e-05,5.544722080230713e-05,6.166845560073853e-05,0.0,4.656612873077393e-10,5.5320560932159424e-05,5.666166543960571e-05,0.0,6.0051679611206055e-06,-0.0003149770200252533,-1.5633180737495422e-05,-1.1914825439453125,1.0169677734375,-2.876312255859375,1.4514617919921875,90198.73828125,90710.3828125,0.0,0.0011390000581741333,1.9578857421875,1.95947265625,1.6845703125,1.685302734375
207,20200128,36.01795131677221,0.6872111923514339,1580169600000,292.44476826985675,295.82451756795246,296.6953474680583,297.6068115234375,298.2932211558024,299.30183029174805,298.28401374816895,297.36655680338544,-5.65994663525441e-19,273.15008544921875,1.999999999999993,297.366455078125,0.6500014662742615,297.3664245605469,0.8800005316734314,0,99.99998474121094,-7.3453647229951e-24,-7.345364920210326e-25,0,0,273.1599547068278,0.0002017940084139506,0.2014166514078776,0.14173062642415366,0.19453112284342447,0.30448659261067706,0.11519504742075999,-6418208,12884560,-4619973,-2529984,14563256,33236441,-0.0008662845939397812,-0.000517258420586586,-0.0006899600848555565,-0.0004929583519697189,-0.004412628710269928,0.001350685954093933,0.0,0.0013109073042869568,3.975629806518555e-05,-0.002566460520029068,0.3704535166422526,0.3796747128168742,90507.53043619792,0.006738919019767309,1.95648193359375,1.683868408203125,291.3047180175781,293.5826416015625,292.49237060546875,300.3002471923828,291.9951171875,304.55340576171875,294.15821838378906,303.07493591308594,297.56883239746094,299.06910705566406,299.22308349609375,299.4061279296875,298.2729949951172,298.2943420410156,296.888916015625,297.904541015625,-2.5749809868336856e-18,-8.385631347696402e-20,273.1492919921875,273.15087890625,1.999999999999993,1.999999999999993,296.888916015625,297.904541015625,0.6500014662742615,0.6500014662742615,296.888916015625,297.904541015625,0.8800005316734314,0.8800005316734314,0,0,99.99998474121094,99.99998474121094,-7.3453647229951e-24,-7.3453647229951e-24,-7.345364920210326e-25,-7.345364920210326e-25,0,0,0,0,273.15928649902344,273.16094970703125,7.867813110351542e-06,0.00031641125679016113,0.1803436279296875,0.2482452392578125,0.14117431640625,0.14373779296875,0.194091796875,0.19500732421875,0.3041839599609375,0.3047943115234375,0.11519475653767586,0.11520173773169518,-872998,-46428.0,0,2238808,-318128,-124956.0,-541184,78160,0,2530418,1319802.5,1448406.0,-0.0001995856873691082,0.0,-0.00011382065713405609,3.1940871849656105e-06,-0.00014475174248218536,2.0675361156463623e-07,-2.5396235287189484e-05,-5.832407623529434e-06,-0.0007243677973747253,-1.8611550331115723e-05,5.429983139038086e-05,6.854534149169922e-05,-4.656612873077393e-10,2.3283064365386963e-10,5.3979456424713135e-05,5.526840686798096e-05,5.960464477539063e-08,1.4118850231170654e-05,-0.0003490881063044071,-1.8565915524959564e-05,-1.7799224853515625,1.5340576171875,-1.1233148574829102,1.3093757629394531,90221.77734375,90699.90234375,1.3250112601781439e-05,0.0024461448192596436,1.9564208984375,1.9578857421875,1.683837890625,1.6845703125
208,20200129,36.01795131677221,0.6872111923514339,1580256000000,292.23330052693683,295.84717178344727,297.2655785878499,297.94811693827313,298.12915802001953,299.1079858144124,298.3040256500244,297.30810546875,-1.1303657783035935e-18,273.1500244140625,1.999999999999993,297.3081461588542,0.6500014662742615,297.3081359863281,0.8800005316734314,0,99.99998474121094,-7.3453647229951e-24,-7.345364920210326e-25,0,0,273.1600964864095,0.00017671659588813782,0.2751750946044922,0.15664291381835938,0.1935253143310547,0.303829828898112,0.11518806979681055,-8636172,17472456,-5049894,-3758768,19746596,33094619,-0.0014402689412236214,-0.0008980939164757729,-0.0005224142223596573,-0.0005925865843892097,-0.005919791758060455,0.0014188140630722046,2.3283064365386963e-10,0.001278504729270935,0.00014032423496246338,-0.0034533655270934105,0.49814414978027344,0.027864615122477215,90564.42529296875,0.019103651373370667,1.9549001057942708,1.683135986328125,291.0314483642578,293.60972595214844,292.4521789550781,300.8074645996094,292.25970458984375,305.5200958251953,294.3917999267578,303.469970703125,297.02223205566406,299.19969177246094,299.04478454589844,299.21197509765625,298.2945251464844,298.3124084472656,296.607666015625,297.991943359375,-5.963112775850887e-18,-1.7110070704415695e-19,273.1492919921875,273.1510009765625,1.999999999999993,1.999999999999993,296.607666015625,297.992431640625,0.6500014662742615,0.6500014662742615,296.607666015625,297.992431640625,0.8800005316734314,0.8800005316734314,0,0,99.99998474121094,99.99998474121094,-7.3453647229951e-24,-7.3453647229951e-24,-7.345364920210326e-25,-7.345364920210326e-25,0,0,0,0,273.1597595214844,273.16075134277344,4.857778549194333e-06,0.0003161728382110595,0.2410125732421875,0.3536224365234375,0.1443328857421875,0.1887359619140625,0.19305419921875,0.194061279296875,0.3035125732421875,0.3041534423828125,0.11518777906894684,0.11519475653767586,-1116376,-47856.0,0,2748320,-377610,-95149.125,-663338,49056,0,3105520,1329675.0,1424077.0,-0.00025779567658901215,0.0,-0.00015248311683535576,1.642853021621704e-06,-0.00015239953063428402,-4.470348358154297e-08,-4.3872278183698654e-05,-1.4720484614372253e-05,-0.0008128136396408081,-2.187490463256836e-05,5.3048133850097656e-05,7.794797420501709e-05,0.0,2.3283064365386963e-10,5.2623450756073e-05,5.392730236053467e-05,2.2351741790771484e-08,2.5197863578796387e-05,-0.00044640665873885155,-1.9135884940624237e-05,-0.7884674072265625,1.4980316162109375,-2.939117431640625,1.4427032470703125,90207.26171875,90744.4296875,4.447996616363525e-06,0.003416422009422604,1.954833984375,1.9564208984375,1.68310546875,1.683837890625
209,20200130,36.01795131677221,0.6872111923514339,1580342400000,292.24167505900067,296.8621991475423,297.8169809977214,298.4390246073405,298.41585604349774,298.9547119140625,298.31934356689453,297.2788899739583,-1.3285010742114562e-18,273.1499938964844,1.9280192057291596,297.5464680989583,0.6499633193016052,297.5213623046875,0.8800005316734314,0,99.99998474121094,-7.3453647229951e-24,-7.345364920210326e-25,0,0,273.1599858601888,0.0001589618623256683,0.30370457967122394,0.2345892588297526,0.19270197550455728,0.303164800008138,0.11519571176419656,-9817160,19518924,-6042988,-3209808,22058592,32402272,-0.002005048096179962,-0.001046856865286827,-0.0003681005910038948,-0.0005056047812104225,-0.00647735595703125,0.0013706386089324951,0.0,0.0012463107705116272,0.00012433528900146484,-0.003925608471035957,-0.12468679745992024,0.5602511962254842,90538.86865234375,0.013976669310693524,1.95343017578125,1.682403564453125,291.23143005371094,293.6753845214844,292.74583435058594,301.93402099609375,292.2771759033203,307.26849365234375,294.5121307373047,304.5414581298828,297.08819580078125,299.7440490722656,298.92286682128906,299.03826904296875,298.31260681152344,298.32627868652344,296.614990234375,297.731201171875,-4.6078600602440064e-18,-9.656180768577852e-20,273.1494140625,273.15069580078125,1.764648437499993,1.999999999999993,296.615478515625,298.448486328125,0.6493224501609802,0.650901734828949,296.615478515625,298.352783203125,0.8800005316734314,0.8800005316734314,0,0,99.99998474121094,99.99998474121094,-7.3453647229951e-24,-7.3453647229951e-24,-7.345364920210326e-25,-7.345364920210326e-25,0,0,0,0,273.15911865234375,273.16075134277344,-4.770490179321679e-20,0.00031596422195434565,0.266265869140625,0.353302001953125,0.2010650634765625,0.2481231689453125,0.1924285888671875,0.1930389404296875,0.3028564453125,0.303497314453125,0.11518777906894684,0.11519605666399002,-1274888,-48164.0,0,2928620,-420946,-130696.0,-588100,88452,0,3309500,1256623.0,1394667.0,-0.00034031085669994354,0.0,-0.00016816845163702965,6.122165359556675e-06,-0.0001798868179321289,2.905726432800293e-07,-3.123423084616661e-05,-7.543712854385376e-07,-0.000864565372467041,-1.9244849681854248e-05,5.1744282245635986e-05,7.495284080505371e-05,0.0,0.0,5.128979682922363e-05,5.257129669189453e-05,0.0,2.238154411315918e-05,-0.0005097920075058937,-1.9259750843048096e-05,-1.5132169723510742,0.827789306640625,-1.8273906707763672,2.1099700927734375,90133.66796875,90799.66796875,0.0,0.0025943398468371015,1.953369140625,1.954833984375,1.682373046875,1.68310546875
210,20200101,36.098799692342965,0.6872111923514339,1577836800000,289.3978614807129,296.64075406392413,297.7285849253337,298.2043743133545,298.25419934590656,298.29687817891437,298.37074089050293,297.49072265625,-3.070777536361485e-18,273.14984130859375,1.8379313151041596,297.8183186848958,0.6498186588287354,297.7319641113281,0.8800005316734314,0,99.99998474121094,-7.3453647229951e-24,-7.345364920210326e-25,0,0,273.1599547068278,1.8337120612462333e-05,0.17743555704752603,0.21111488342285156,0.23014259338378906,0.2851206461588542,0.09958601215233405,-9800552,20761396,-8829592,-2190384,23057172,29520396,-0.0015891832299530506,-0.0007363348267972469,-7.594376802444458e-05,-0.0015175063163042068,-0.005963563919067383,0.0022928714752197266,2.3283064365386963e-10,0.0022920891642570496,7.897615432739258e-07,-0.003918967209756374,-0.8208683729171753,0.7849419911702474,89808.04345703125,0.000249087810459514,1.4259440104166667,1.0321400960286458,287.4855499267578,290.8531799316406,291.0955810546875,302.1649169921875,292.37510681152344,304.8444519042969,294.22259521484375,303.3874816894531,296.7806396484375,299.7117919921875,297.94110107421875,298.6955871582031,298.0241241455078,298.77870178222656,296.760009765625,298.084228515625,-5.800482449978061e-18,-7.86046626750779e-19,273.14825439453125,273.15069580078125,1.675781249999993,1.999999999999993,296.760009765625,298.813720703125,0.649101197719574,0.6506423354148865,296.760009765625,298.568603515625,0.8800005316734314,0.8800005316734314,0,0,99.99998474121094,99.99998474121094,-7.3453647229951e-24,-7.3453647229951e-24,-7.345364920210326e-25,-7.345364920210326e-25,0,0,0,0,273.1592102050781,273.1605987548828,2.0861625671383378e-07,7.089972496032711e-05,0.1724853515625,0.1832275390625,0.20941162109375,0.213104248046875,0.2288360595703125,0.2315673828125,0.28485107421875,0.285400390625,0.09954656288027763,0.09958772733807564,-942420,-101832.0,0,2779314,-443729,-316234.0,-382694,75316,0,3087512,1130956.1875,1328277.0,-0.0002148509956896305,0.0,-9.905919432640076e-05,0.0,-3.656046465039253e-05,1.0741408914327621e-05,-8.142122533172369e-05,-3.945641219615936e-05,-0.0006573200225830078,-4.1171908378601074e-05,9.417533874511719e-05,9.685754776000977e-05,-2.3283064365386963e-10,2.3283064365386963e-10,9.416788816452026e-05,9.685754776000977e-05,0.0,2.5331974029541016e-07,-0.00037684710696339607,-4.071928560733795e-05,-1.7369747161865234,1.1383819580078125,-1.077056884765625,1.986083984375,89531.9921875,90050.78125,0.0,8.109211921691895e-05,1.4259033203125,1.4268798828125,1.0321044921875,1.032958984375
211,20200102,36.098799692342965,0.6872111923514339,1577923200000,290.17559878031415,296.56446011861163,297.6929238637288,298.10069274902344,298.1305751800537,298.2403386433919,298.3204981486003,297.4205729166667,-2.0849017029046996e-18,273.1500549316406,1.850219726562493,297.699462890625,0.649791955947876,297.6286926269531,0.8800005316734314,0,99.99998474121094,-7.3453647229951e-24,-7.345364920210326e-25,0,0,273.1600456237793,2.076104283332821e-05,0.17094039916992188,0.20759709676106772,0.2274449666341146,0.2845560709635417,0.09962717661013205,-8759172,18358704,-7937288,-1896416,20388688,30397713,-0.001333314459770918,-0.0006142021156847477,-0.00013818591833114624,-0.0014168471097946167,-0.005389943718910217,0.0022279173135757446,0.0,0.002226419746875763,1.519918441772461e-06,-0.003502548672258854,-1.0549699465433757,0.711584726969401,89877.09635416667,0.0005492240189255426,1.4250844319661458,1.0312856038411458,289.4374237060547,291.2991943359375,291.0429992675781,301.76194763183594,292.5597686767578,304.5941619873047,294.23789978027344,302.96192932128906,296.72930908203125,299.4475402832031,297.9314880371094,298.58201599121094,298.0170593261719,298.67417907714844,296.740478515625,297.954345703125,-5.0957510378624834e-18,-1.3044312557595054e-19,273.1490783691406,273.151123046875,1.686523437499993,1.999999999999993,296.740478515625,298.598876953125,0.649101197719574,0.6505126357078552,296.740478515625,298.386962890625,0.8800005316734314,0.8800005316734314,0,0,99.99998474121094,99.99998474121094,-7.3453647229951e-24,-7.3453647229951e-24,-7.345364920210326e-25,-7.345364920210326e-25,0,0,0,0,273.15911865234375,273.1606750488281,1.1920928955077843e-06,6.204843521118159e-05,0.167938232421875,0.1744537353515625,0.2061309814453125,0.2093505859375,0.2262420654296875,0.2287445068359375,0.2842864990234375,0.2848358154296875,0.09958772733807564,0.09962889179587364,-801126,-138312.0,0,2525460,-397051,-279344.0,-341674,80652,0,2805170,1156308.375,1378407.0,-0.00019778497517108917,0.0,-8.32132063806057e-05,0.0,-3.823358565568924e-05,1.0783551260828972e-05,-8.16624378785491e-05,-2.836901694536209e-05,-0.000564970076084137,-5.526840686798096e-05,9.146332740783691e-05,9.407103061676025e-05,0.0,0.0,9.148567914962769e-05,9.407848119735718e-05,0.0,4.917383193969727e-07,-0.00032034702599048615,-5.530845373868942e-05,-1.6835508346557617,-0.10086441040039062,-1.60662841796875,1.6970672607421875,89622.7578125,90060.109375,0.0,0.00018295645713806152,1.425048828125,1.4259033203125,1.03125,1.0321044921875
212,20200103,36.098799692342965,0.6872111923514339,1578009600000,290.51103528340656,297.21401913960773,298.0349413553874,298.3700033823649,298.2635021209717,298.2698860168457,298.3547242482503,297.2702229817708,-2.0599140241655446e-18,273.15008544921875,1.7705485026041596,297.8728434244792,0.6498692035675049,297.7644348144531,0.8800005316734314,0,99.99998474121094,-7.3453647229951e-24,-7.345364920210326e-25,0,0,273.1599038441976,1.5943000713984142e-05,0.16512107849121094,0.2042840321858724,0.2248713175455729,0.2839819590250651,0.0996537144916753,-8582988,18853510,-7364504,-2127728,20941148,31147789,-0.001432384829968214,-0.0006408919580280781,-8.860044181346893e-05,-0.0012702196836471558,-0.005363181233406067,0.0021626055240631104,4.656612873077393e-10,0.002161666750907898,9.238719940185547e-07,-0.003432095982134342,-0.7923333644866943,0.6931845347086588,89955.0830078125,0.0002929329871221853,1.4241129557291667,1.030548095703125,288.9134216308594,291.5439453125,292.1725311279297,302.63267517089844,292.8162841796875,305.41346740722656,294.4725799560547,303.764892578125,296.787841796875,299.65956115722656,297.9224395751953,298.65696716308594,298.01800537109375,298.7507781982422,296.833251953125,297.658447265625,-5.746272341353786e-18,-1.8465323420022576e-19,273.1492614746094,273.1513977050781,1.411132812499993,1.999999999999993,296.833251953125,298.857666015625,0.6488952040672302,0.6511229872703552,296.833251953125,298.552978515625,0.8800005316734314,0.8800005316734314,0,0,99.99998474121094,99.99998474121094,-7.3453647229951e-24,-7.3453647229951e-24,-7.345364920210326e-25,-7.345364920210326e-25,0,0,0,0,273.1585235595703,273.16123962402344,1.5795230865478082e-06,4.300475120544429e-05,0.161407470703125,0.1697845458984375,0.202789306640625,0.206085205078125,0.22369384765625,0.226165771484375,0.2837066650390625,0.284271240234375,0.09962889179587364,0.09965479373931885,-855232,-86006.0,0,2674140,-414309,-221648.75,-358874,86680,0,2970450,1207636.0,1386252.0,-0.00022327015176415443,0.0,-9.453855454921722e-05,0.0,-2.3020431399345398e-05,5.833804607391357e-06,-8.773105219006538e-05,-2.1887943148612976e-05,-0.0006006769835948944,-3.489851951599121e-05,8.881092071533203e-05,9.140372276306152e-05,-1.4551915228366852e-11,4.656612873077393e-10,8.878111839294434e-05,9.138137102127075e-05,0.0,3.948807716369629e-07,-0.00034198304638266563,-3.4390948712825775e-05,-1.7957029342651367,0.32647705078125,-1.87896728515625,1.8369293212890625,89644.94921875,90234.9921875,0.0,0.00011523067951202393,1.424072265625,1.425048828125,1.030517578125,1.03125
213,20200104,36.098799692342965,0.6872111923514339,1578096000000,289.4543565114339,297.6075916290283,298.54773966471356,298.84134165445965,298.60421562194824,298.4006576538086,298.4643789927165,297.7790934244792,-1.0895671625409468e-18,273.14996337890625,1.8126627604166596,298.1549479166667,0.6499741077423096,298.0442810058594,0.8800005316734314,0,99.99998474121094,-7.3453647229951e-24,-7.345364920210326e-25,0,0,273.15985679626465,8.691102266311617e-06,0.1565831502278646,0.20072237650553384,0.22229385375976562,0.28337987263997394,0.09969424301137526,-10336796,21685726,-8390480,-2259984,24087992,30373234,-0.001692513469606638,-0.0007989802397787571,-2.108793705701828e-05,-0.001620815135538578,-0.006893225014209747,0.0020961612462997437,6.984919309616089e-10,0.0020959973335266113,1.9371509552001953e-07,-0.004133395850658417,-1.410268505414327,0.43215668201446533,89831.26220703125,7.18539640729432e-05,1.4232533772786458,1.0296986897786458,286.8300476074219,291.466796875,292.02088928222656,303.6441650390625,292.73675537109375,306.2355194091797,294.38409423828125,304.4419250488281,296.9705505371094,300.1082000732422,297.99859619140625,298.8619842529297,298.08253479003906,298.9325866699219,297.119384765625,298.398193359375,-2.9273466928914745e-18,-1.4230158683751074e-19,273.14947509765625,273.150634765625,1.632812499999993,1.999999999999993,297.119384765625,299.237548828125,0.6492308974266052,0.6508178114891052,297.119384765625,298.916748046875,0.8800005316734314,0.8800005316734314,0,0,99.99998474121094,99.99998474121094,-7.3453647229951e-24,-7.3453647229951e-24,-7.345364920210326e-25,-7.345364920210326e-25,0,0,0,0,273.158203125,273.1613464355469,-6.8521677389938e-20,3.650784492492671e-05,0.1512298583984375,0.1632232666015625,0.1990203857421875,0.2027435302734375,0.221099853515625,0.2236175537109375,0.2830963134765625,0.28369140625,0.09965479373931885,0.09969595819711685,-1031654,-127008.0,0,3084720,-441640,-258585.125,-453392,105776,0,3426602,1195915.0,1358326.0,-0.00024263188242912292,0.0,-0.00010917242616415024,0.0,-1.9188039004802704e-05,5.768612027168274e-06,-9.214412420988083e-05,-4.2831990867853165e-05,-0.0007734298706054688,-5.078315734863281e-05,8.600950241088867e-05,8.866190910339355e-05,0.0,4.656612873077393e-10,8.600950241088867e-05,8.868426084518433e-05,0.0,1.043081283569336e-07,-0.0004125293344259262,-5.0786882638931274e-05,-2.47509765625,-0.2620849609375,-1.4462852478027344,1.8889923095703125,89551.453125,90072.00390625,0.0,4.058331251144409e-05,1.4232177734375,1.424072265625,1.0296630859375,1.030517578125
214,20200105,36.098799692342965,0.6872111923514339,1578182400000,288.8361587524414,297.9417947133382,298.62061436971027,298.95764605204266,298.78828048706055,298.4716854095459,298.48744265238446,297.3367919921875,-1.0718500911934032e-18,273.1499938964844,1.7037760416666596,298.2799886067708,0.6505529880523682,298.122314453125,0.8800005316734314,0,99.99998474121094,-7.3453647229951e-24,-7.345364920210326e-25,0,0,273.1601206461589,9.12820299466448e-06,0.14702924092610678,0.19703547159830728,0.21976534525553384,0.2827637990315755,0.09973540746917327,-9747484,20540806,-8108370,-2209088,22816708,30679531,-0.0016092774458229542,-0.00070576136931777,-1.758430153131485e-05,-0.0015651211142539978,-0.006405480206012726,0.0020303726196289062,-2.3283064365386963e-10,0.0020302683115005493,1.043081283569336e-07,-0.0038977451622486115,-0.8415125211079916,0.4724356333414714,89726.24186197917,4.979308454267084e-05,1.4222819010416667,1.0288441975911458,285.98382568359375,291.14671325683594,291.86851501464844,303.8195495605469,292.8747253417969,306.63621520996094,294.5933074951172,304.8002471923828,297.26173400878906,300.25633239746094,298.0976104736328,298.88917541503906,298.13233947753906,298.91017150878906,297.172607421875,297.813720703125,-3.0086618558278874e-18,-8.470334642421832e-20,273.149169921875,273.15087890625,1.336914062499993,1.999999999999993,297.172119140625,299.414306640625,0.6493605971336365,0.6531066298484802,297.172119140625,298.949951171875,0.8800005316734314,0.8800005316734314,0,0,99.99998474121094,99.99998474121094,-7.3453647229951e-24,-7.3453647229951e-24,-7.345364920210326e-25,-7.345364920210326e-25,0,0,0,0,273.1594696044922,273.1608123779297,-4.770490179321679e-20,4.407763481140135e-05,0.1422576904296875,0.15277099609375,0.195404052734375,0.198974609375,0.2186279296875,0.2210235595703125,0.282470703125,0.2830657958984375,0.09969595819711685,0.09973712265491486,-961294,-106332.0,0,3043826,-444141,-234649.0,-415428,96448,0,3380122,1189248.6875,1352968.0,-0.00024698348715901375,0.0,-0.00010204222053289413,0.0,-2.3882603272795677e-05,8.953793440014124e-06,-9.586475789546967e-05,-2.8557144105434418e-05,-0.0007363557815551758,-4.30569052696228e-05,8.32974910736084e-05,8.592009544372559e-05,-2.3283064365386963e-10,2.3283064365386963e-10,8.32974910736084e-05,8.592009544372559e-05,0.0,4.470348358154297e-08,-0.0003843945451080799,-4.2518600821495056e-05,-1.6386842727661133,0.5181083679199219,-1.568450927734375,1.9532470703125,89382.2890625,90022.54296875,0.0,2.065300941467285e-05,1.4222412109375,1.4232177734375,1.02880859375,1.0296630859375
215,20200106,36.098799692342965,0.6872111923514339,1578268800000,289.5253206888835,298.16901842753094,299.18302790323895,299.4304307301839,299.01828447977704,298.55891609191895,298.5172748565674,297.70261637369794,-1.6366094121727845e-18,273.14996337890625,1.7826741536458262,298.2599283854167,0.6500138640403748,298.14031982421875,0.8800005316734314,0,99.99998474121094,-7.3453647229951e-24,-7.345364920210326e-25,0,0,273.1601098378499,2.1353363990783654e-05,0.14078521728515625,0.19356282552083334,0.21735827128092447,0.28214136759440106,0.09977657192697127,-9885636,20413360,-7920002,-2144208,22672128,31158969,-0.0015009483322501183,-0.0006297905929386616,-0.00010647252202033997,-0.0017157793045043945,-0.006766080856323242,0.0019680261611938477,4.656612873077393e-10,0.001966036856174469,1.996755599975586e-06,-0.003952990286052227,-0.9138780832290649,-0.018836339314778645,89742.8251953125,0.0010807543991973034,1.4213053385416667,1.028106689453125,287.51866149902344,291.40342712402344,292.0001525878906,303.69256591796875,293.01806640625,306.4064025878906,294.6434783935547,304.8468933105469,297.41168212890625,300.4227752685547,298.1640930175781,298.9928436279297,298.1496124267578,298.9550323486328,297.211669921875,298.037841796875,-2.9273466928914745e-18,-1.5754817988808815e-19,273.1492919921875,273.1507568359375,1.557617187499993,1.999999999999993,297.211181640625,299.305908203125,0.649131715297699,0.6509703993797302,297.211181640625,298.953369140625,0.8800005316734314,0.8800005316734314,0,0,99.99998474121094,99.99998474121094,-7.3453647229951e-24,-7.3453647229951e-24,-7.345364920210326e-25,-7.345364920210326e-25,0,0,0,0,273.1591339111328,273.1609344482422,5.066394805907926e-07,7.34925270080566e-05,0.13787841796875,0.1439361572265625,0.192108154296875,0.1953582763671875,0.216278076171875,0.21856689453125,0.2818450927734375,0.2824554443359375,0.09973712265491486,0.09977828711271286,-868815,-161974.5,0,2991708,-451477,-235472.0,-420128,117232,0,3322664,1198441.75,1398019.0,-0.00022606505081057549,0.0,-8.796295151114464e-05,1.1641532182693481e-10,-3.5424716770648956e-05,8.129863999783993e-06,-9.245146065950394e-05,-2.642860636115074e-05,-0.0006910748779773712,-6.476975977420807e-05,8.064508438110352e-05,8.320808410644531e-05,-2.3283064365386963e-10,4.656612873077393e-10,8.065998554229736e-05,8.320808410644531e-05,-3.725290298461914e-09,4.76837158203125e-07,-0.0003474149852991104,-6.476906128227711e-05,-1.6471099853515625,0.3906402587890625,-2.5749664306640625,1.9738616943359375,89429.60546875,89994.640625,0.0,0.00027551501989364624,1.4212646484375,1.4222412109375,1.028076171875,1.02880859375
216,20200107,36.098799692342965,0.6872111923514339,1578355200000,290.5111567179362,297.9235413869222,298.8245143890381,299.28939119974774,299.1311257680257,298.6125316619873,298.49350865681964,297.888916015625,-6.371101208224039e-19,273.14996337890625,1.8305257161458262,298.1936442057292,0.6498402953147888,298.1098937988281,0.8800005316734314,0,99.99998474121094,-7.3453647229951e-24,-7.345364920210326e-25,0,0,273.160005569458,7.000813881556191e-05,0.1446819305419922,0.19059880574544272,0.21512730916341147,0.2815252939860026,0.09980311337858438,-8943788,18561580,-7085330,-2199152,20621316,31848577,-0.0012757922522723675,-0.0005333265289664268,-0.0003112591803073883,-0.001455993391573429,-0.00587347149848938,0.0019121766090393066,0.0,0.0019043013453483582,7.867813110351562e-06,-0.0035763708874583244,-1.0808358192443848,0.2985858917236328,89775.57340494792,0.0025377869606018066,1.4204457600911458,1.0272572835286458,289.4892120361328,292.2489471435547,292.5001983642578,303.30889892578125,293.5671844482422,306.0281982421875,295.1954650878906,304.6034240722656,297.8253173828125,300.3693542480469,298.2648468017578,298.9916076660156,298.16981506347656,298.8730773925781,297.196044921875,298.440185546875,-2.818926475642924e-18,-1.0842026894733873e-19,273.1492919921875,273.1507568359375,1.657226562499993,1.999999999999993,297.196533203125,299.128173828125,0.649101197719574,0.650901734828949,297.196044921875,298.881103515625,0.8800005316734314,0.8800005316734314,0,0,99.99998474121094,99.99998474121094,-7.3453647229951e-24,-7.3453647229951e-24,-7.345364920210326e-25,-7.345364920210326e-25,0,0,0,0,273.15916442871094,273.16078186035156,2.443790435790968e-06,0.00020575523376464838,0.1357879638671875,0.1534271240234375,0.1895294189453125,0.19207763671875,0.2141571044921875,0.2162322998046875,0.2812347412109375,0.281829833984375,0.09977828711271286,0.09980419278144836,-824018,-101088.0,0,2616202,-385227,-208108.0,-427276,141568,0,2906230,1232760.5,1439057.0,-0.00018944358453154564,0.0,-7.588276639580727e-05,-1.7695128917694092e-08,-7.19921663403511e-05,3.855675458908081e-07,-8.814869215711951e-05,-3.033597022294998e-05,-0.000660039484500885,-4.0374696254730225e-05,7.815659046173096e-05,8.299946784973145e-05,-2.3283064365386963e-10,2.3283064365386963e-10,7.815659046173096e-05,8.057057857513428e-05,-9.313225746154785e-10,4.149973392486572e-06,-0.0003295019268989563,-4.042312502861023e-05,-2.3287200927734375,-0.30683135986328125,-1.340087890625,1.80108642578125,89461.3828125,90016.9140625,0.0,0.0013829022645950317,1.42041015625,1.4212646484375,1.0272216796875,1.028076171875
217,20200108,36.098799692342965,0.6872111923514339,1578441600000,290.94075775146484,298.04030164082843,298.6870009104411,299.0642827351888,299.0435848236084,298.6764170328776,298.5006224314372,298.1678873697917,-1.7849107984870838e-18,273.1500549316406,1.844116210937493,298.4115804036458,0.6500059366226196,298.352783203125,0.8800005316734314,0,99.99998474121094,-7.3453647229951e-24,-7.345364920210326e-25,0,0,273.15999539693195,4.1827559471130364e-05,0.15046183268229166,0.18840662638346353,0.21310933430989584,0.2809257507324219,0.09984364205350478,-8420896,16675468,-6542958,-1830044,18528276,32335352,-0.001169612631201744,-0.0005869381129741669,-0.00020393170416355133,-0.0014067962765693665,-0.005637302994728088,0.001847103238105774,0.0,0.0018458589911460876,1.2516975402832031e-06,-0.0033672796562314034,-1.3181381225585938,0.13146082560221353,89805.08447265625,0.0005297213792800903,1.4194742838541667,1.0264027913411458,288.8455047607422,292.3307800292969,293.5493469238281,302.6568908691406,293.80035400390625,304.8558349609375,295.7010192871094,303.6456604003906,298.0031433105469,300.1087341308594,298.42205810546875,298.9811096191406,298.2624816894531,298.8089599609375,297.727783203125,298.643798828125,-2.9273466928914745e-18,-1.8126510241120856e-19,273.1492919921875,273.15069580078125,1.675781249999993,1.999999999999993,297.727783203125,299.182861328125,0.6492308974266052,0.650901734828949,297.727783203125,299.002685546875,0.8800005316734314,0.8800005316734314,0,0,99.99998474121094,99.99998474121094,-7.3453647229951e-24,-7.3453647229951e-24,-7.345364920210326e-25,-7.345364920210326e-25,0,0,0,0,273.1592712402344,273.1609191894531,2.4437904357909707e-06,0.0001141130924224853,0.146881103515625,0.15411376953125,0.1874542236328125,0.18951416015625,0.212188720703125,0.2140960693359375,0.2806396484375,0.281219482421875,0.09980419278144836,0.09984535723924637,-786590,-111386.0,0,2264858,-375079,-150898.125,-350610,98476,0,2516862,1227248.0,1401414.0,-0.00017172051593661308,1.1641532182693481e-10,-7.71968625485897e-05,0.0,-6.748922169208527e-05,3.4980475902557373e-06,-8.878204971551895e-05,-4.399288445711136e-05,-0.0006124339997768402,-4.472583532333374e-05,7.575750350952148e-05,7.809698581695557e-05,-2.3283064365386963e-10,2.3283064365386963e-10,7.576495409011841e-05,7.806718349456787e-05,0.0,2.384185791015625e-07,-0.00031453557312488556,-4.4539570808410645e-05,-2.18719482421875,-0.2749176025390625,-1.281494140625,1.439208984375,89507.30859375,90010.7734375,0.0,0.00010329484939575195,1.41943359375,1.42041015625,1.0263671875,1.0272216796875
218,20200109,36.098799692342965,0.6872111923514339,1578528000000,289.87554931640625,297.43128458658856,298.4220282236735,298.8421738942464,298.8382962544759,298.6909809112549,298.4989064534505,298.0443115234375,-1.6363975505383944e-18,273.1500244140625,1.848388671874993,298.32373046875,0.649888277053833,298.2483215332031,0.8800005316734314,0,99.99998474121094,-7.3453647229951e-24,-7.345364920210326e-25,0,0,273.1600259145101,1.8157064914703342e-05,0.14372126261393228,0.18614896138509116,0.21112950642903647,0.28031349182128906,0.09988480651130278,-9285356,19008380,-7737600,-2307384,21116440,30963914,-0.001343411859124899,-0.0006294813938438892,-0.00011055916547775269,-0.0016295034438371658,-0.00616028904914856,0.0017891079187393188,0.0,0.001788310706615448,8.046627044677734e-07,-0.0037129567936062813,-1.1358795166015625,0.49457359313964844,89742.97314453125,0.00034742951392985333,1.4186147054036458,1.025665283203125,287.4977569580078,291.4111328125,291.5321502685547,302.8446044921875,292.6063232421875,305.72218322753906,294.52452087402344,304.19993591308594,297.4692077636719,300.14015197753906,298.37733459472656,299.0655212402344,298.19190979003906,298.88226318359375,297.408447265625,298.573486328125,-3.0086618558278874e-18,-1.1180840073635593e-19,273.14923095703125,273.1507568359375,1.671874999999993,1.999999999999993,297.408447265625,299.255126953125,0.6492308974266052,0.6506423354148865,297.408447265625,299.020751953125,0.8800005316734314,0.8800005316734314,0,0,99.99998474121094,99.99998474121094,-7.3453647229951e-24,-7.3453647229951e-24,-7.345364920210326e-25,-7.345364920210326e-25,0,0,0,0,273.15936279296875,273.160888671875,3.576278686523299e-07,6.562471389770505e-05,0.1398773193359375,0.1480255126953125,0.1850738525390625,0.18743896484375,0.210205078125,0.2121429443359375,0.2800140380859375,0.2806243896484375,0.09984535723924637,0.09988652169704437,-787106,-124168.0,0,2546214,-390664,-230896.5,-382454,119548,0,2828824,1179041.25,1397110.0,-0.00017667142674326897,0.0,-8.005183190107346e-05,0.0,-3.349641337990761e-05,9.67993400990963e-06,-9.466195479035378e-05,-3.241421654820442e-05,-0.0005963854491710663,-5.182623863220215e-05,7.335841655731201e-05,7.568299770355225e-05,-2.3283064365386963e-10,2.3283064365386963e-10,7.336586713790894e-05,7.568299770355225e-05,0.0,2.0116567611694336e-07,-0.0003147418610751629,-4.9651600420475006e-05,-1.606353759765625,-0.1895904541015625,-1.978485107421875,2.0765838623046875,89414.4375,90064.5390625,0.0,8.383393287658691e-05,1.4185791015625,1.41943359375,1.025634765625,1.0263671875
219,20200110,36.098799692342965,0.6872111923514339,1578614400000,288.8179295857747,298.2585754394531,299.19979667663574,299.4775969187419,299.0719846089681,298.7321770985921,298.52670351664227,297.801025390625,-2.7265998843922053e-18,273.150146484375,1.8160807291666596,298.2438557942708,0.649843156337738,298.1398620605469,0.8800005316734314,0,99.99998474121094,-7.3453647229951e-24,-7.345364920210326e-25,0,0,273.1601142883301,1.022219657897945e-05,0.13538487752278647,0.18356831868489584,0.20912679036458334,0.27968088785807294,0.0999113479629159,-10134092,21812714,-8764844,-2457392,24231904,30312473,-0.0015371646732091904,-0.0006830580532550812,-3.897957503795624e-05,-0.0017931349575519562,-0.007256112992763519,0.001730993390083313,0.0,0.0017305761575698853,4.023313522338867e-07,-0.004052339121699333,-0.8165969848632812,-0.4461860656738281,89738.50211588542,0.00019507110118865967,1.4176432291666667,1.0248158772786458,286.80848693847656,291.32334899902344,290.8777770996094,304.1341552734375,292.43980407714844,307.1695861816406,294.265869140625,305.4366760253906,297.4075469970703,300.53578186035156,298.3441619873047,299.18470764160156,298.15472412109375,298.9871063232422,297.210693359375,298.424560546875,-5.8546925586023365e-18,-5.556536650976093e-19,273.1492614746094,273.1512451171875,1.570312499999993,1.999999999999993,297.210205078125,299.302978515625,0.6489333510398865,0.6507720351219177,297.210205078125,299.000732421875,0.8800005316734314,0.8800005316734314,0,0,99.99998474121094,99.99998474121094,-7.3453647229951e-24,-7.3453647229951e-24,-7.345364920210326e-25,-7.345364920210326e-25,0,0,0,0,273.1591491699219,273.16065979003906,1.192092895507574e-07,4.5061111450195265e-05,0.1308135986328125,0.140655517578125,0.1823272705078125,0.18505859375,0.20819091796875,0.2101593017578125,0.2793731689453125,0.279998779296875,0.09988652169704437,0.09991242736577988,-953850,-117396.0,0,3035180,-474083,-285326.0,-514456,126412,0,3372032,1156590.375,1349266.0,-0.0002194778062403202,0.0,-9.123748168349266e-05,0.0,-3.063678741455078e-05,1.1095311492681503e-05,-0.0001302417367696762,-2.9262155294418335e-05,-0.0007881559431552887,-4.808604717254639e-05,7.098913192749023e-05,7.329881191253662e-05,0.0,0.0,7.095187902450562e-05,7.328391075134277e-05,-7.450580596923828e-09,1.043081283569336e-07,-0.00038141757249832153,-4.694238305091858e-05,-1.5744476318359375,0.2809295654296875,-3.354095458984375,1.595245361328125,89385.89453125,90020.48828125,0.0,4.550814628601074e-05,1.4176025390625,1.4185791015625,1.0247802734375,1.025634765625
220,20200111,36.098799692342965,0.6872111923514339,1578700800000,289.9388001759847,298.1232115427653,299.37879943847656,299.7163003285726,299.34495480855304,298.81006177266437,298.5544293721517,297.9425862630208,-1.2013755115785144e-18,273.14996337890625,1.8304036458333262,298.2765706380208,0.6499578952789307,298.1838684082031,0.8800005316734314,0,99.99998474121094,-7.3453647229951e-24,-7.345364920210326e-25,0,0,273.1600863138835,2.775465448697405e-05,0.12955729166666666,0.18097432454427084,0.2071857452392578,0.27904510498046875,0.0999664996440212,-9468908,20213274,-7573538,-2517400,22453640,31597692,-0.0013818205334246159,-0.0005829748697578907,-0.00015811622142791748,-0.0016634399071335793,-0.006671153008937836,0.001676112413406372,0.0,0.0016740486025810242,2.0712614059448242e-06,-0.003786349669098854,-0.9908123016357422,0.2914854685465495,89764.87044270833,0.0009658336639404297,1.4167836507161458,1.0239613850911458,287.89276123046875,291.3523254394531,292.59877014160156,303.8691101074219,293.53428649902344,306.870849609375,295.08116149902344,305.5083923339844,297.9103546142578,300.66827392578125,298.4425048828125,299.232666015625,298.2062072753906,298.98167419433594,297.270263671875,298.520263671875,-4.8789106033653825e-18,-2.744387266091816e-19,273.14910888671875,273.1504821777344,1.651367187499993,1.999999999999993,297.270751953125,299.285400390625,0.6492308974266052,0.650901734828949,297.270263671875,299.009521484375,0.8800005316734314,0.8800005316734314,0,0,99.99998474121094,99.99998474121094,-7.3453647229951e-24,-7.3453647229951e-24,-7.345364920210326e-25,-7.345364920210326e-25,0,0,0,0,273.15924072265625,273.1608581542969,6.556510925292501e-07,7.253885269165036e-05,0.1261138916015625,0.1322479248046875,0.17987060546875,0.1823272705078125,0.2063140869140625,0.2081451416015625,0.27874755859375,0.27935791015625,0.09991242736577988,0.09996885061264038,-818314,-114392.0,0,2814988,-473473,-193701.0,-469972,100672,0,3126606,1246761.3125,1372054.0,-0.0002031777985394001,0.0,-7.746275514364243e-05,-3.939494490623474e-07,-4.71724197268486e-05,1.891283318400383e-06,-0.00010656425729393959,-3.0330847948789597e-05,-0.000681806355714798,-4.7184526920318604e-05,6.86943531036377e-05,7.089972496032715e-05,-2.3283064365386963e-10,2.3283064365386963e-10,6.864964962005615e-05,7.086992263793945e-05,0.0,4.172325134277344e-07,-0.0003272220492362976,-4.574097692966461e-05,-1.549285888671875,0.2961273193359375,-2.6966400146484375,2.0508575439453125,89380.21484375,90004.1171875,1.862645149230957e-06,0.00017702579498291016,1.416748046875,1.4176025390625,1.02392578125,1.0247802734375
221,20200112,36.098799692342965,0.6872111923514339,1578787200000,290.2248770395915,297.3614387512207,298.9263559977214,299.46518580118817,299.35312779744464,298.83406194051105,298.5171267191569,297.97393798828125,-2.722011720329527e-18,273.1501159667969,1.8556722005208262,298.224853515625,0.650000810623169,298.1650085449219,0.8800005316734314,0,99.99998474121094,-7.3453647229951e-24,-7.345364920210326e-25,0,0,273.16001955668133,8.534515897432961e-05,0.13591384887695312,0.17873001098632812,0.20540555318196616,0.2784201304117839,0.0999936768785119,-8849088,17862856,-6834678,-2572584,19842480,32151584,-0.0011858451180160046,-0.00046405382454395294,-0.00019496306777000427,-0.0016936417669057846,-0.006221100687980652,0.0016366839408874512,6.984919309616089e-10,0.0016203969717025757,1.6242265701293945e-05,-0.0035385042428970337,-0.3615809679031372,0.1581204334894816,89847.33837890625,0.004983276128768921,1.4158121744791667,1.023223876953125,288.2955780029297,292.39451599121094,293.382080078125,302.2891082763672,294.2085723876953,305.63824462890625,295.7022247314453,304.57618713378906,298.2781677246094,300.42515563964844,298.5599365234375,299.1744842529297,298.26043701171875,298.8596649169922,297.465087890625,298.490478515625,-5.204171255111034e-18,-1.6432444346612255e-19,273.1494140625,273.1509094238281,1.678710937499993,1.999999999999993,297.465087890625,299.082275390625,0.6492308974266052,0.6510314345359802,297.465087890625,298.885009765625,0.8800005316734314,0.8800005316734314,0,0,99.99998474121094,99.99998474121094,-7.3453647229951e-24,-7.3453647229951e-24,-7.345364920210326e-25,-7.345364920210326e-25,0,0,0,0,273.1592559814453,273.16065979003906,3.0100345611571855e-06,0.00021889805793762207,0.1242218017578125,0.167755126953125,0.1778411865234375,0.1798553466796875,0.204620361328125,0.206268310546875,0.27813720703125,0.278717041015625,0.09996885061264038,0.09999475628137589,-733716,-124068.0,0,2315758,-425356,-202818.0,-391652,69548,0,2572964,1275374.5,1425157.0,-0.000164856668561697,0.0,-6.044656038284302e-05,8.414499461650848e-07,-4.177400842308998e-05,0.0,-0.00013101007789373398,-3.428594209253788e-05,-0.0006256178021430969,-4.961341619491577e-05,6.70701265335083e-05,7.048249244689941e-05,-2.3283064365386963e-10,4.656612873077393e-10,6.64740800857544e-05,6.857514381408691e-05,3.725290298461914e-09,3.635883331298828e-06,-0.00029339268803596497,-4.961341619491577e-05,-1.121307373046875,0.813751220703125,-3.5969696044921875,1.9773101806640625,89384.71484375,90113.171875,3.0212104320526123e-06,0.0011582821607589722,1.415771484375,1.416748046875,1.023193359375,1.02392578125
222,20200113,36.098799692342965,0.6872111923514339,1578873600000,290.4365940093994,296.395170211792,297.5818093617757,298.30101776123047,298.74072392781574,298.7445322672526,298.4121786753337,297.77451578776044,-1.436144879057549e-18,273.14996337890625,1.9069417317708262,297.935791015625,0.6497865915298462,297.9063720703125,0.8800005316734314,0,99.99998474121094,-7.3453647229951e-24,-7.345364920210326e-25,0,0,273.1599540710449,0.00013568500677744547,0.18010584513346353,0.1777655283610026,0.20388476053873697,0.2778339385986328,0.1000342055534323,-8052904,14274958,-5852812,-1631540,15856804,32489544,-0.000834600068628788,-0.00041379453614354134,-0.0005920156836509705,-0.0013797199353575706,-0.004760175943374634,0.0015822649002075195,2.3283064365386963e-10,0.0015710890293121338,1.1205673217773438e-05,-0.0032201316207647324,-0.33363978068033856,0.30364108085632324,89875.21272786458,0.004238060116676934,1.4149525960286458,1.0223744710286458,288.81671142578125,291.5701904296875,292.52708435058594,300.7076416015625,293.7036437988281,303.44606018066406,295.5311279296875,302.2868347167969,297.96173095703125,299.57371520996094,298.5661163330078,298.96910095214844,298.2278594970703,298.64292907714844,297.334228515625,298.175048828125,-4.065758974001254e-18,-7.623301695167532e-20,273.1493835449219,273.1504211425781,1.753906249999993,1.999999999999993,297.334228515625,298.584228515625,0.649101197719574,0.6507720351219177,297.334228515625,298.481201171875,0.8800005316734314,0.8800005316734314,0,0,99.99998474121094,99.99998474121094,-7.3453647229951e-24,-7.3453647229951e-24,-7.345364920210326e-25,-7.345364920210326e-25,0,0,0,0,273.1593017578125,273.1607208251953,5.215406417846586e-06,0.00021889805793762207,0.1692962646484375,0.1865234375,0.1772918701171875,0.1780853271484375,0.2032470703125,0.2045745849609375,0.2775726318359375,0.278106689453125,0.09999475628137589,0.10003592073917389,-695804,-115148.0,0,2065428,-337454,-146396.0,-299468,72976,0,2293420,1270503.5625,1420620.0,-0.00014581158757209778,0.0,-7.286714389920235e-05,1.401873305439949e-06,-0.0001342599280178547,1.3969838619232178e-07,-7.410254329442978e-05,-3.450782969594002e-05,-0.0005107931792736053,-4.608184099197388e-05,6.455183029174805e-05,6.757676601409912e-05,0.0,2.3283064365386963e-10,6.45369291305542e-05,6.640702486038208e-05,1.4901161193847656e-08,2.384185791015625e-06,-0.0002782316878437996,-4.604551941156387e-05,-1.4047698974609375,0.5336761474609375,-1.5779361724853516,1.9161376953125,89542.3515625,90120.6015625,3.3974647521972656e-06,0.0007848292589187622,1.4149169921875,1.415771484375,1.0223388671875,1.023193359375
223,20200114,36.098799692342965,0.6872111923514339,1578960000000,290.6996472676595,296.7908121744792,298.3567186991374,298.77082379659015,298.6646035512288,298.77241706848145,298.4901924133301,297.7631429036458,-1.0074753804069232e-18,273.14996337890625,1.837768554687493,298.0728352864583,0.649888277053833,297.9827880859375,0.8800005316734314,0,99.99998474121094,-7.3453647229951e-24,-7.345364920210326e-25,0,0,273.15992228190106,9.131555755933125e-05,0.18007342020670572,0.1779193878173828,0.20243708292643228,0.27724583943684894,0.1000753700112303,-9664204,19732026,-6945654,-2608700,21920792,31768909,-0.0012758220545947552,-0.0007112561725080013,-0.0003072395920753479,-0.001570126973092556,-0.006130024790763855,0.0015263408422470093,0.0,0.0015238076448440552,2.5480985641479492e-06,-0.0038644447922706604,-0.49510828653971356,0.1837749481201172,89785.45686848958,0.0010732561349868774,1.4139811197916667,1.0215199788411458,289.4099578857422,291.5068817138672,291.7046661376953,302.5075378417969,292.8321838378906,305.702392578125,294.7173309326172,304.1241760253906,297.28965759277344,300.021484375,298.44305419921875,299.1944274902344,298.1543426513672,298.9259490966797,297.150634765625,298.328857421875,-4.824700494741107e-18,-8.300928052970972e-20,273.14935302734375,273.150634765625,1.642578124999993,1.999999999999993,297.150634765625,299.088134765625,0.6492308974266052,0.6506423354148865,297.150634765625,298.808349609375,0.8800005316734314,0.8800005316734314,0,0,99.99998474121094,99.99998474121094,-7.3453647229951e-24,-7.3453647229951e-24,-7.345364920210326e-25,-7.345364920210326e-25,0,0,0,0,273.15919494628906,273.1605987548828,1.1026859283447028e-06,0.000213325023651123,0.174102783203125,0.1869049072265625,0.1773681640625,0.1786346435546875,0.2017364501953125,0.203216552734375,0.2769622802734375,0.2775421142578125,0.10003592073917389,0.1000770851969719,-894222,-138648.0,0,2892044,-385772,-203060.875,-473116,102484,0,3212960,1225640.0625,1421148.0,-0.00020475825294852257,0.0,-0.00010212371125817299,9.550713002681732e-07,-0.00010480359196662903,1.8069986253976822e-06,-0.0001229965128004551,-2.8307083994150162e-05,-0.0006682835519313812,-5.566328763961792e-05,6.252527236938477e-05,6.472505629062653e-05,-2.3283064365386963e-10,2.3283064365386963e-10,6.253272294998169e-05,6.446242332458496e-05,0.0,4.172325134277344e-07,-0.00035757478326559067,-5.5439770221710205e-05,-1.5284271240234375,0.52593994140625,-3.301605224609375,1.8844451904296875,89464.30859375,90040.30078125,0.0,0.00020360946655273438,1.4139404296875,1.4149169921875,1.021484375,1.0223388671875
224,20200115,36.098799692342965,0.6872111923514339,1579046400000,289.46909523010254,297.654535929362,298.51859219868976,298.91931025187176,298.859676361084,298.7693449656169,298.50850105285645,297.85121663411456,-2.280213314394036e-18,273.14996337890625,1.845581054687493,298.1485188802083,0.6498402953147888,298.0718078613281,0.8800005316734314,0,99.99998474121094,-7.3453647229951e-24,-7.345364920210326e-25,0,0,273.16004435221356,3.3466766277949e-05,0.16822052001953125,0.17677942911783853,0.20092074076334634,0.2766412099202474,0.10010191146284342,-9709948,19757512,-7564676,-2205236,21955692,31211528,-0.0013832328841090202,-0.0007745735347270966,-0.00016320589929819107,-0.0015617245808243752,-0.006348319351673126,0.0014764666557312012,0.0,0.0014760196208953857,4.470348358154297e-07,-0.0038827359676361084,-0.8309644063313802,0.2725558678309123,89757.40755208333,0.00021498203267356075,1.4130045572916667,1.020782470703125,286.4076385498047,291.49334716796875,293.06040954589844,303.4236145019531,293.8343963623047,305.9347229003906,295.33111572265625,304.4014434814453,297.5624694824219,300.21607971191406,298.4571075439453,299.15948486328125,298.1995544433594,298.9078826904297,297.237548828125,298.438720703125,-5.529431906856685e-18,-3.7947081206871484e-19,273.14935302734375,273.1508483886719,1.674804687499993,1.999999999999993,297.237548828125,299.138916015625,0.649101197719574,0.650901734828949,297.237548828125,298.900634765625,0.8800005316734314,0.8800005316734314,0,0,99.99998474121094,99.99998474121094,-7.3453647229951e-24,-7.3453647229951e-24,-7.345364920210326e-25,-7.345364920210326e-25,0,0,0,0,273.1592102050781,273.1608428955078,-6.245011999501049e-20,0.00012391805648803706,0.1617889404296875,0.1758575439453125,0.1760101318359375,0.177703857421875,0.200225830078125,0.201690673828125,0.2763519287109375,0.276947021484375,0.1000770851969719,0.1001029908657074,-905366,-146309.5,0,2747736,-429207,-203450.875,-407178,133954,0,3053630,1228763.0,1368480.0,-0.00020865770056843758,0.0,-0.00010498799383640289,0.0,-7.547298446297646e-05,2.667773514986038e-06,-9.590573608875275e-05,-3.8102734833955765e-05,-0.0006862543523311615,-5.852244794368744e-05,6.052851676940918e-05,6.249547004699707e-05,0.0,0.0,6.055086851119995e-05,6.246566772460938e-05,0.0,1.6763806343078613e-07,-0.0003620306961238384,-5.850521847605705e-05,-1.76556396484375,1.0446319580078125,-2.063199996948242,1.991851806640625,89408.3125,90035.73828125,-7.450580596923828e-09,7.81372188498608e-05,1.4129638671875,1.4139404296875,1.020751953125,1.021484375
225,20200116,36.098799692342965,0.6872111923514339,1579132800000,289.7527281443278,298.16904067993164,298.93220774332684,299.1906572977702,298.96902656555176,298.799809773763,298.5445035298665,297.8177083333333,-2.797468376577533e-18,273.1498718261719,1.7870279947916596,298.3829345703125,0.6500005125999451,298.2879333496094,0.8800005316734314,0,99.99998474121094,-7.3453647229951e-24,-7.345364920210326e-25,0,0,273.15995025634766,3.5464763641357164e-06,0.1549250284830729,0.1750939687093099,0.1994304656982422,0.2760276794433594,0.10008167754858732,-8379888,18235396,-6894296,-2090112,20258564,32084934,-0.0013465122319757938,-0.0006801439449191093,-9.099021553993225e-07,-0.001323317177593708,-0.005760945379734039,0.0014292597770690918,2.3283064365386963e-10,0.0014292150735855103,0.0,-0.0033508818596601486,-0.8088229894638062,0.28812527656555176,89771.49918619792,9.015967691539117e-06,1.4121449788411458,1.020050048828125,286.9928436279297,291.92913818359375,292.9884948730469,303.3302459716797,293.52146911621094,305.7590789794922,295.0495300292969,304.2415771484375,297.6005859375,300.2476806640625,298.4900207519531,299.14707946777344,298.24095153808594,298.9018096923828,297.442626953125,298.180908203125,-5.963112775850887e-18,-9.215726737932913e-19,273.149169921875,273.1510009765625,1.516601562499993,1.999999999999993,297.442626953125,299.329345703125,0.6488494277000427,0.6514586806297302,297.442626953125,299.051025390625,0.8800005316734314,0.8800005316734314,0,0,99.99998474121094,99.99998474121094,-7.3453647229951e-24,-7.3453647229951e-24,-7.345364920210326e-25,-7.345364920210326e-25,0,0,0,0,273.1593933105469,273.1607971191406,-4.6837538297469584e-20,1.6868114471435527e-05,0.1492767333984375,0.16180419921875,0.174285888671875,0.1761016845703125,0.198760986328125,0.2001953125,0.2757415771484375,0.2763214111328125,0.10008075088262558,0.1001029908657074,-811784,-96846.0,0,2611274,-371969,-188631.25,-371124,108000,0,2901020,1236379.5,1444936.0,-0.00019844481721520424,0.0,-9.250268340110779e-05,0.0,-9.48202796280384e-06,3.7436839193105698e-06,-7.529277354478836e-05,-3.172829747200012e-05,-0.0006211772561073303,-3.959238529205322e-05,5.862116813659668e-05,6.052851676940918e-05,-1.4551915228366852e-11,2.3283064365386963e-10,5.863606929779053e-05,6.048381328582764e-05,-1.4901161193847656e-08,1.4901161193847656e-08,-0.0003246106207370758,-3.872625529766083e-05,-1.889617919921875,0.4624176025390625,-1.850006103515625,1.7873868942260742,89416.5546875,90041.87890625,-2.2524375253851758e-08,1.862645149230957e-06,1.412109375,1.4129638671875,1.02001953125,1.020751953125
226,20200117,36.098799692342965,0.6872111923514339,1579219200000,289.2805595397949,298.7945365905762,299.468168258667,299.67947578430176,299.3125705718994,298.89978345235187,298.6254628499349,298.1892496744792,-3.577867996382777e-18,273.15008544921875,1.7721354166666596,298.68017578125,0.6500173807144165,298.56768798828125,0.8800005316734314,0,99.99998474121094,-7.3453647229951e-24,-7.345364920210326e-25,0,0,273.16010665893555,7.58469104766842e-06,0.14319356282552084,0.17324002583821616,0.19797897338867188,0.2754141489664714,0.10004481812939048,-8604160,18392638,-6741276,-2176956,20435672,32523173,-0.001338144764304161,-0.0006727147847414017,-1.700315624475479e-05,-0.0014127027243375778,-0.006020955741405487,0.0013839304447174072,-2.3283064365386963e-10,0.001383766531944275,1.4901161193847656e-07,-0.0034405644983053207,-0.9318538109461466,0.16349204381306967,89713.65218098958,8.237968444291255e-05,1.4111735026041667,1.019317626953125,286.2361297607422,292.3133239746094,292.7472381591797,304.1488342285156,293.7289733886719,307.1722869873047,295.23753356933594,305.2644958496094,297.85728454589844,300.58721923828125,298.5511474609375,299.2711944580078,298.2924346923828,299.00343322753906,297.642822265625,298.570556640625,-5.963112775850887e-18,-3.252607034444396e-19,273.149169921875,273.15093994140625,1.486328124999993,1.999999999999993,297.642822265625,299.656494140625,0.6492308974266052,0.651328980922699,297.642822265625,299.344970703125,0.8800005316734314,0.8800005316734314,0,0,99.99998474121094,99.99998474121094,-7.3453647229951e-24,-7.3453647229951e-24,-7.345364920210326e-25,-7.345364920210326e-25,0,0,0,0,273.15911865234375,273.16082763671875,1.1920928955073485e-07,3.5196542739868144e-05,0.1381683349609375,0.1493988037109375,0.1724090576171875,0.17431640625,0.19732666015625,0.19873046875,0.2751312255859375,0.2757110595703125,0.10004325583577156,0.10008075088262558,-899258,-119664.0,0,3090670,-422917,-204535.0,-470532,65500,0,3434492,1252383.75,1508472.0,-0.0002284119836986065,0.0,-0.00010282453149557114,0.0,-2.093147486448288e-05,7.81775452196598e-06,-9.095296263694763e-05,-2.6918016374111176e-05,-0.0007131472229957581,-5.029141902923584e-05,5.677342414855957e-05,5.8591365814208984e-05,-2.3283064365386963e-10,2.3283064365386963e-10,5.677342414855957e-05,5.856901407241821e-05,0.0,5.21540641784668e-08,-0.00035958830267190933,-4.7849491238594055e-05,-1.7810039520263672,0.20481204986572266,-1.3435821533203125,1.3133277893066406,89375.5,90008.05078125,-1.7776415006665047e-08,2.199411392211914e-05,1.4111328125,1.412109375,1.019287109375,1.02001953125
227,20200118,36.098799692342965,0.6872111923514339,1579305600000,288.1822338104248,299.3723513285319,299.83609135945636,300.09286816914874,299.67162895202637,299.00416374206543,298.67761357625324,298.3406982421875,-4.127874861330005e-18,273.15008544921875,1.8265787760416596,298.6685791015625,0.650000810623169,298.5745849609375,0.8800005316734314,0,99.99998474121094,-7.3453647229951e-24,-7.345364920210326e-25,0,0,273.16000175476074,2.169360717137628e-06,0.13204574584960938,0.17121378580729166,0.19653956095377603,0.2747942606608073,0.1000073195124666,-10116464,19810334,-7870494,-1971400,22009344,31579608,-0.0014271195977926254,-0.0007004947401583195,-2.1867454051971436e-06,-0.0019154902547597885,-0.007634639739990234,0.001339256763458252,4.656612873077393e-10,0.0013392344117164612,0.0,-0.004045290872454643,-0.9879921674728394,-0.6320555210113525,89662.76708984375,3.7774019574499107e-06,1.4101969401041667,1.0187021891276042,284.71205139160156,291.46873474121094,293.1650695800781,305.3639678955078,293.8065185546875,307.79872131347656,295.34832763671875,306.1670227050781,298.1648864746094,300.98919677734375,298.64019775390625,299.4363555908203,298.3383331298828,299.1189727783203,297.786376953125,298.893798828125,-5.746272341353786e-18,-2.6291910954579608e-18,273.14886474609375,273.1513671875,1.627929687499993,1.999999999999993,297.786376953125,299.662353515625,0.6492308974266052,0.6510314345359802,297.786376953125,299.362548828125,0.8800005316734314,0.8800005316734314,0,0,99.99998474121094,99.99998474121094,-7.3453647229951e-24,-7.3453647229951e-24,-7.345364920210326e-25,-7.345364920210326e-25,0,0,0,0,273.1592712402344,273.16090393066406,-4.770490179321679e-20,1.2308359146118135e-05,0.1268310546875,0.1382904052734375,0.170257568359375,0.1724090576171875,0.1958770751953125,0.1973114013671875,0.274505615234375,0.2751007080078125,0.10000575706362724,0.10004325583577156,-889590,-169301.0,0,3021434,-454118,-242682.0,-469172,137776,0,3357616,1207364.0,1453234.0,-0.00021347077563405037,0.0,-9.471038356423378e-05,-2.353917807340622e-07,-8.339062333106995e-06,3.4976983442902565e-06,-0.00014656269922852516,-3.536464646458626e-05,-0.0008037127554416656,-6.7864079028368e-05,5.492568016052246e-05,5.671381950378418e-05,-2.3283064365386963e-10,4.656612873077393e-10,5.491822957992554e-05,5.6706368923187256e-05,0.0,0.0,-0.0003557233139872551,-6.769888568669558e-05,-1.8189849853515625,0.5881500244140625,-3.3980712890625,1.515777587890625,89325.703125,89912.796875,-3.0240698833949864e-09,1.169741153717041e-06,1.41015625,1.4111328125,1.0186767578125,1.019287109375
228,20200119,36.098799692342965,0.6872111923514339,1579392000000,287.2943115234375,299.2181917826335,299.93637466430664,300.2962989807129,299.81336339314777,299.0898920694987,298.69887415568036,297.97194417317706,-1.424533538003989e-18,273.14996337890625,1.8180338541666596,298.3397216796875,0.6499204039573669,298.2243347167969,0.8800005316734314,0,99.99998474121094,-7.3453647229951e-24,-7.345364920210326e-25,0,0,273.16003036499023,1.8291175365447623e-06,0.12163480122884114,0.16894912719726562,0.1950702667236328,0.27415911356608075,0.09996982431039214,-10585644,22210766,-8772210,-2696088,24677064,30683518,-0.0015374263748526573,-0.0006390055641531944,-2.2817403078079224e-07,-0.002056242898106575,-0.008344881236553192,0.001295045018196106,-2.3283064365386963e-10,0.0012950673699378967,0.0,-0.004232903942465782,-1.2272669474283855,-0.5989137093226115,89707.40771484375,8.52346317969932e-07,1.4093373616536458,1.017974853515625,283.7598419189453,290.0358123779297,291.7562561035156,305.8812561035156,292.9394989013672,308.1734313964844,294.7016906738281,306.8787384033203,298.17303466796875,301.2734680175781,298.6725311279297,299.5914611816406,298.3030700683594,299.20672607421875,297.325439453125,298.527099609375,-2.8460315299550617e-18,-5.675125916482641e-20,273.149169921875,273.1508483886719,1.617187499999993,1.999999999999993,297.325439453125,299.418212890625,0.6492308974266052,0.6507720351219177,297.325439453125,299.065673828125,0.8800005316734314,0.8800005316734314,0,0,99.99998474121094,99.99998474121094,-7.3453647229951e-24,-7.3453647229951e-24,-7.345364920210326e-25,-7.345364920210326e-25,0,0,0,0,273.15936279296875,273.16078186035156,-9.540985528522186e-20,1.135468482971187e-05,0.11712646484375,0.1270294189453125,0.1678924560546875,0.170257568359375,0.19439697265625,0.19586181640625,0.2738494873046875,0.27447509765625,0.09996826201677322,0.10000575706362724,-879858,-197992.0,0,3146156,-470162,-280542.0,-562616,136940,0,3495540,1183879.0,1393908.0,-0.00021691946312785149,0.0,-8.60653817653656e-05,-3.0687078833580017e-07,-5.888519808650017e-06,3.4748809412121773e-06,-0.00014551542699337006,-3.0844006687402725e-05,-0.000825587660074234,-7.846951484680176e-05,5.307793617248535e-05,5.485117435455322e-05,-2.3283064365386963e-10,2.3283064365386963e-10,5.307793617248535e-05,5.486607551574707e-05,0.0,0.0,-0.000351831316947937,-7.917173206806183e-05,-2.050689697265625,0.1396484375,-3.385067939758301,1.60577392578125,89350.31640625,89979.3359375,-7.450580596923828e-09,8.597968985668558e-07,1.4093017578125,1.41015625,1.0179443359375,1.0186767578125
229,20200120,36.098799692342965,0.6872111923514339,1579478400000,287.320405960083,299.03394826253253,300.08972295125324,300.5501352945964,300.0557689666748,299.18812306722003,298.7201105753581,297.84625244140625,-9.478654367439019e-19,273.1499328613281,1.818359374999993,298.2246907552083,0.6499578952789307,298.1112060546875,0.8800005316734314,0,99.99998474121094,-7.3453647229951e-24,-7.345364920210326e-25,0,0,273.1598587036133,1.709908246993984e-06,0.11347643534342448,0.1665808359781901,0.19359906514485678,0.2735157012939453,0.09994695226972301,-9805868,22809586,-9361317,-3271904,25337340,30164205,-0.0014987736940383911,-0.00047199707478284836,-3.4458935260772705e-08,-0.0019502853974699974,-0.008034318685531616,0.0012516379356384277,4.656612873077393e-10,0.001251615583896637,0.0,-0.003921089693903923,-0.8386512597401937,-0.4433676401774089,89721.93131510417,4.261732051702438e-07,1.4083658854166667,1.0173594156901042,283.43544006347656,290.5914001464844,291.7662353515625,305.3777618408203,292.8348083496094,308.827880859375,294.6845703125,307.4257049560547,298.45184326171875,301.5041961669922,298.76239013671875,299.6802520751953,298.32012939453125,299.2159729003906,297.117919921875,298.433349609375,-2.9815568015157497e-18,-3.472835406860058e-20,273.1495056152344,273.150634765625,1.632812499999993,1.999999999999993,297.118408203125,299.313720703125,0.6492308974266052,0.650901734828949,297.118408203125,298.975830078125,0.8800005316734314,0.8800005316734314,0,0,99.99998474121094,99.99998474121094,-7.3453647229951e-24,-7.3453647229951e-24,-7.345364920210326e-25,-7.345364920210326e-25,0,0,0,0,273.1591491699219,273.16038513183594,-7.632793592696578e-20,1.2814998626708939e-05,0.1103973388671875,0.1172943115234375,0.1655426025390625,0.167877197265625,0.19293212890625,0.194366455078125,0.2732086181640625,0.273834228515625,0.0999460257589817,0.09996826201677322,-841774,-155152.0,0,3100578,-509624,-301017.0,-623674,119052,0,3443958,1156354.125,1371953.0,-0.00020698131993412971,0.0,-6.369221955537796e-05,-2.468004822731018e-08,-7.521826773881912e-06,5.644746124744415e-06,-0.00011567864567041397,-3.622937947511673e-05,-0.0008564218878746033,-6.609410047531128e-05,5.128979682922363e-05,5.3048133850097656e-05,-2.3283064365386963e-10,4.656612873077393e-10,5.129724740982056e-05,5.3025782108306885e-05,0.0,0.0,-0.0003366013988852501,-6.20400533080101e-05,-1.837982177734375,0.18291664123535156,-2.8192138671875,1.5914459228515625,89414.57421875,89991.3828125,0.0,4.261732051702438e-07,1.4083251953125,1.4093017578125,1.017333984375,1.0179443359375
230,20200121,36.098799692342965,0.6872111923514339,1579564800000,288.0954074859619,299.2383238474528,300.23541323343915,300.6976426442464,300.1671593983968,299.2676887512207,298.7191098531087,297.8150227864583,-1.2496563895720096e-18,273.1499328613281,1.8180745442708262,298.1707763671875,0.6499578952789307,298.0647888183594,0.8800005316734314,0,99.99998474121094,-7.3453647229951e-24,-7.345364920210326e-25,0,0,273.1600093841553,3.858158985773692e-06,0.10832659403483073,0.16432698567708334,0.19219080607096353,0.27287737528483075,0.09992471244186163,-9253964,21785966,-9000253,-3374548,24196484,30591746,-0.0013901768252253532,-0.0003067883662879467,-2.0815059542655945e-06,-0.002001354470849037,-0.008025608956813812,0.0012098848819732666,2.3283064365386963e-10,0.0012098625302314758,1.4901161193847656e-08,-0.00370040163397789,-0.9991072018941244,-0.32877544562021893,89637.599609375,1.529157151480831e-05,1.4075063069661458,1.0165150960286458,285.2615966796875,290.5057373046875,292.1125183105469,305.2760467529297,293.1553039550781,308.61378479003906,294.8703918457031,307.40492248535156,298.654541015625,301.483154296875,298.8658142089844,299.71990966796875,298.34129333496094,299.17283630371094,297.153076171875,298.328369140625,-5.5836420154809604e-18,-1.4399565273201934e-19,273.1491394042969,273.150634765625,1.633789062499993,1.999999999999993,297.153564453125,299.144775390625,0.6492308974266052,0.650901734828949,297.153564453125,298.835205078125,0.8800005316734314,0.8800005316734314,0,0,99.99998474121094,99.99998474121094,-7.3453647229951e-24,-7.3453647229951e-24,-7.345364920210326e-25,-7.345364920210326e-25,0,0,0,0,273.15916442871094,273.1607208251953,-4.770490179321679e-20,2.342462539672847e-05,0.1065521240234375,0.110626220703125,0.1633758544921875,0.16552734375,0.1915740966796875,0.1929168701171875,0.2725830078125,0.273193359375,0.09992378577589989,0.0999460257589817,-770262,-135514.0,0,3059164,-486559,-270957.0,-659632,103844,-4,3397926,1164188.9375,1377330.0,-0.00019758939743041992,0.0,-4.304666072130203e-05,-6.51925802230835e-09,-1.2288335710763931e-05,6.862916052341461e-06,-0.00012305937707424164,-3.917329013347626e-05,-0.0008308291435241699,-5.7406723499298096e-05,4.9591064453125e-05,5.125999450683594e-05,-2.3283064365386963e-10,2.3283064365386963e-10,4.9598515033721924e-05,5.1252543926239014e-05,0.0,7.450580596923828e-09,-0.00030800560489296913,-5.418900400400162e-05,-1.93719482421875,0.617279052734375,-3.2958078384399414,1.839141845703125,89344.80859375,89881.9921875,0.0,8.38935375213623e-06,1.407470703125,1.4083251953125,1.0164794921875,1.017333984375
231,20200122,36.098799692342965,0.6872111923514339,1579651200000,287.60132153828937,299.97182337443036,300.7456391652425,301.07531293233234,300.29253069559735,299.32200622558594,298.69554901123047,297.7604166666667,-7.211076753889613e-19,273.15008544921875,1.8162434895833262,298.0897216796875,0.6499578952789307,297.9908447265625,0.8800005316734314,0,99.99998474121094,-7.3453647229951e-24,-7.345364920210326e-25,0,0,273.16010030110675,3.290673096974373e-07,0.10538991292317708,0.16230074564615884,0.1908849080403646,0.2722524007161458,0.0998732300164799,-8105212,18805640,-7347416,-2755468,20885672,32523679,-0.0012510200031101704,-0.00020831869915127754,-5.37186861038208e-06,-0.0017763348296284676,-0.007485084235668182,0.0011703670024871826,-2.3283064365386963e-10,0.0011703073978424072,4.470348358154297e-08,-0.0032410472631454468,-0.7415691216786703,-0.5978307326634725,89622.64680989583,3.467224314590567e-05,1.4065348307291667,1.0158945719401042,284.95249938964844,289.65504455566406,292.46665954589844,305.07676696777344,293.21299743652344,309.1298065185547,294.94956970214844,307.91529846191406,298.848388671875,301.424560546875,298.94696044921875,299.72239685058594,298.34381103515625,299.10499572753906,297.072509765625,298.235595703125,-2.8731365842671993e-18,-1.6940664114964835e-19,273.1491394042969,273.1507568359375,1.626953124999993,1.999999999999993,297.072509765625,298.980712890625,0.6492308974266052,0.650901734828949,297.072509765625,298.690673828125,0.8800005316734314,0.8800005316734314,0,0,99.99998474121094,99.99998474121094,-7.3453647229951e-24,-7.3453647229951e-24,-7.345364920210326e-25,-7.345364920210326e-25,0,0,0,0,273.1592559814453,273.16082763671875,-9.454250471417173e-20,2.9206275939941347e-06,0.1043243408203125,0.1067047119140625,0.161468505859375,0.1633758544921875,0.1903228759765625,0.1915435791015625,0.27197265625,0.2725677490234375,0.09987103193998337,0.09992378577589989,-656992,-110484.0,0,2783442,-442697,-176823.0,-610028,86500,-2,3091000,1184926.9375,1487368.0,-0.00018259277567267418,-1.8638093024492264e-07,-2.7923379093408585e-05,-5.597248673439026e-07,-2.9373914003372192e-06,1.317821443080902e-07,-0.00010930094867944717,-3.183213993906975e-05,-0.0007776878774166107,-4.7013163566589355e-05,4.801154136657715e-05,4.9561262130737305e-05,-2.3283064365386963e-10,2.3283064365386963e-10,4.8004090785980225e-05,4.955381155014038e-05,0.0,2.60770320892334e-08,-0.00026271305978298187,-4.418008029460907e-05,-1.6627225875854492,0.4536294937133789,-2.7783966064453125,1.7660980224609375,89275.09375,89886.26953125,-1.4901161193847656e-08,1.713782548407039e-05,1.406494140625,1.407470703125,1.015869140625,1.0164794921875
232,20200123,36.098799692342965,0.6872111923514339,1579737600000,289.1084810892741,298.27547391255695,299.24554379781085,299.8168074289958,300.04045486450195,299.2280680338542,298.5197099049886,297.79587809244794,-3.3658987251154245e-19,273.1499938964844,1.9252115885416596,297.8955078125,0.6499204039573669,297.8804626464844,0.8800005316734314,0,99.99998474121094,-7.3453647229951e-24,-7.345364920210326e-25,0,0,273.1600621541341,1.923491557439138e-06,0.10432179768880208,0.1608409881591797,0.18982632954915366,0.2716789245605469,0.09984971862286329,-6132596,11464448,-5577916,-1762100,12735604,33562275,-0.0007646288722753525,-0.00010674959048628807,-2.664700150489807e-05,-0.0015542283654212952,-0.005215510725975037,0.0011349618434906006,2.3283064365386963e-10,0.001134715974330902,2.384185791015625e-07,-0.002452252432703972,-0.1702276865641276,0.5015633900960287,89761.73486328125,0.00017293691621489415,1.4055582682291667,1.015167236328125,287.5740051269531,289.9027862548828,295.48834228515625,301.30018615722656,295.8311309814453,304.27369689941406,296.98992919921875,303.9189453125,299.4917297363281,300.5861358642578,299.10443115234375,299.38816833496094,298.40338134765625,298.6794891357422,297.457275390625,298.096435546875,-2.141300117839484e-18,-8.809147821323552e-20,273.14898681640625,273.15069580078125,1.789062499999993,1.999999999999993,297.457275390625,298.355712890625,0.6492308974266052,0.6510314345359802,297.457275390625,298.298095703125,0.8800005316734314,0.8800005316734314,0,0,99.99998474121094,99.99998474121094,-7.3453647229951e-24,-7.3453647229951e-24,-7.345364920210326e-25,-7.345364920210326e-25,0,0,0,0,273.1594543457031,273.1608428955078,2.3841857910154037e-07,7.718801498413062e-06,0.104156494140625,0.104461669921875,0.1603240966796875,0.161468505859375,0.18939208984375,0.1903076171875,0.27142333984375,0.271942138671875,0.09984879195690155,0.09987103193998337,-464560,-105776.0,0,1597452,-327909,-169854.75,-344406,44624,0,1773480,1358780.0,1444590.0,-0.00010148342698812485,-1.3140961527824402e-06,-1.124432310461998e-05,-8.312053978443146e-07,-7.651280611753464e-06,-6.51925802230835e-09,-8.08818731456995e-05,-3.996025770902634e-05,-0.0005084909498691559,-4.5046210289001465e-05,4.6625733375549316e-05,4.795193672180176e-05,-2.3283064365386963e-10,2.3283064365386963e-10,4.661828279495239e-05,4.7944486141204834e-05,0.0,6.705522537231445e-08,-0.0001857643947005272,-4.229694604873657e-05,-1.3880157470703125,1.34765625,-1.8446807861328125,2.0126953125,89501.75,89960.875,0.0,5.2735209465026855e-05,1.405517578125,1.406494140625,1.01513671875,1.015869140625
233,20200124,36.098799692342965,0.6872111923514339,1579824000000,288.978702545166,298.6200415293376,299.57858085632324,300.0595881144206,299.77380752563477,299.19190152486163,298.4612611134847,297.55657958984375,-1.2177515163579564e-18,273.14996337890625,1.8715006510416596,297.7591552734375,0.6497544646263123,297.7086181640625,0.8800005316734314,0,99.99998474121094,-7.3453647229951e-24,-7.345364920210326e-25,0,0,273.1600519816081,3.180156151453618e-06,0.1041399637858073,0.1595331827799479,0.18883895874023438,0.271114985148112,0.09981285920366645,-6404988,15255366,-6744708,-2344804,16945600,32572695,-0.0010021901689469814,-0.00014491006731987,-3.824196755886078e-05,-0.0013758325949311256,-0.005794912576675415,0.001101478934288025,0.0,0.0011012181639671326,2.5331974029541016e-07,-0.002561175264418125,-0.6006673177083334,0.6088593800862631,89853.25667317708,0.0001300722360610962,1.4046986897786458,1.0145517985026042,286.6928405761719,290.7248229980469,294.57847595214844,303.6171417236328,294.5831604003906,307.58245849609375,296.2037048339844,306.45094299316406,298.79383850097656,300.80174255371094,298.94886779785156,299.50169372558594,298.22857666015625,298.77850341796875,297.004150390625,298.040283203125,-4.662070168868282e-18,-3.8963518804872083e-20,273.14923095703125,273.1508483886719,1.687499999999993,1.999999999999993,297.004150390625,298.572509765625,0.649101197719574,0.650260865688324,297.004150390625,298.400634765625,0.8800005316734314,0.8800005316734314,0,0,99.99998474121094,99.99998474121094,-7.3453647229951e-24,-7.3453647229951e-24,-7.345364920210326e-25,-7.345364920210326e-25,0,0,0,0,273.1594543457031,273.1606750488281,-4.813858354109039e-20,1.2844800949096632e-05,0.103607177734375,0.1049957275390625,0.1588592529296875,0.160308837890625,0.1883544921875,0.1893768310546875,0.270843505859375,0.271392822265625,0.09981129691004753,0.09984879195690155,-506320,-121464.0,0,2327014,-418104,-163760.75,-480494,78552,0,2584510,1276528.0,1423366.0,-0.0001536649651825428,-2.523884177207947e-07,-1.9913073629140854e-05,-4.7497451305389404e-07,-1.285085454583168e-05,4.656612873077393e-10,-7.366901263594627e-05,-2.746935933828354e-05,-0.0006079412996768951,-5.05298376083374e-05,4.521012306213379e-05,4.6581029891967773e-05,-2.3283064365386963e-10,2.3283064365386963e-10,4.5202672481536865e-05,4.657357931137085e-05,0.0,8.940696716308594e-08,-0.00020246347412467003,-4.856940358877182e-05,-1.6355438232421875,0.542083740234375,-2.2255859375,2.172821044921875,89540.3125,90084.75390625,0.0,4.614144563674927e-05,1.4046630859375,1.405517578125,1.0145263671875,1.01513671875
234,20200125,36.098799692342965,0.6872111923514339,1579910400000,291.11044120788574,297.85080909729004,299.4967390696208,300.14514923095703,299.84982935587567,299.26691246032715,298.51940790812176,297.6857096354167,-2.2278385127538627e-18,273.1500244140625,1.8414713541666596,297.9642740885417,0.6497868895530701,297.8879089355469,0.8800005316734314,0,99.99998474121094,-7.3453647229951e-24,-7.345364920210326e-25,0,0,273.15994453430176,8.766725659370418e-05,0.11150296529134114,0.15812047322591147,0.18782170613606772,0.27054468790690106,0.09977536415681243,-6135592,16377674,-6218151,-3194512,18190676,33081813,-0.0009271460585296154,-0.00010210461914539337,-0.00022444548085331917,-0.0011997539550065994,-0.005305007100105286,0.0010738670825958252,0.0,0.0010679438710212708,5.9157609939575195e-06,-0.0024534519761800766,-0.564062754313151,0.6412022113800049,89916.28515625,0.002888023853302002,1.4037272135416667,1.013824462890625,288.9353790283203,294.09791564941406,294.3223419189453,303.13232421875,294.7681884765625,307.8896179199219,295.9526672363281,306.7637176513672,298.7656707763672,300.97515869140625,298.9601287841797,299.6360321044922,298.2199401855469,298.8929443359375,297.068603515625,298.201904296875,-5.6378521241052356e-18,-2.574980676640956e-19,273.14910888671875,273.1509704589844,1.658203124999993,1.999999999999993,297.068603515625,298.865478515625,0.649101197719574,0.6503905653953552,297.068603515625,298.628173828125,0.8800005316734314,0.8800005316734314,0,0,99.99998474121094,99.99998474121094,-7.3453647229951e-24,-7.3453647229951e-24,-7.345364920210326e-25,-7.345364920210326e-25,0,0,0,0,273.1591796875,273.1605682373047,-7.719528649801591e-20,0.00021690130233764646,0.1034698486328125,0.124114990234375,0.1575775146484375,0.1588592529296875,0.1873931884765625,0.1883392333984375,0.2702789306640625,0.2708282470703125,0.09977380186319351,0.09981129691004753,-478170,-104726.0,0,2409624,-404535,-171274.5,-522298,15106,-2,2676396,1302231.0,1442342.0,-0.00015311455354094505,0.0,-1.5872996300458908e-05,0.0,-6.185704842209816e-05,1.802109181880951e-06,-9.663915261626244e-05,-9.579118341207504e-06,-0.0005845986306667328,-4.186481237411499e-05,4.38690185546875e-05,4.610419273376465e-05,-2.3283064365386963e-10,2.3283064365386963e-10,4.3861567974090576e-05,4.515796899795532e-05,0.0,1.7657876014709473e-06,-0.00019120704382658005,-4.187785089015961e-05,-2.7512664794921875,0.529144287109375,-2.089813232421875,1.7940673828125,89570.58203125,90103.4921875,0.0,0.0008130669593811035,1.4036865234375,1.4046630859375,1.0137939453125,1.0145263671875
235,20200126,36.098799692342965,0.6872111923514339,1579996800000,292.14538955688477,297.0884698232015,298.7414633433024,299.4056148529053,299.54024569193524,299.3002014160156,298.55724207560223,297.9359537760417,-2.1676991734988074e-18,273.1499328613281,1.854980468749993,298.1837565104167,0.6499416828155518,298.1263122558594,0.8800005316734314,0,99.99998474121094,-7.3453647229951e-24,-7.345364920210326e-25,0,0,273.16004943847656,0.00014450897773106894,0.13202985127766928,0.1570307413736979,0.18693224589029947,0.26999855041503906,0.09975248854607344,-6576686,15651634,-6054600,-2680476,17386248,32863288,-0.0008421000093221664,-0.00031310273334383965,-0.0003711027093231678,-0.0011035474017262459,-0.004673190414905548,0.0010450184345245361,4.656612873077393e-10,0.0010370910167694092,7.9423189163208e-06,-0.002629833295941353,-0.6515858968098959,0.7363700866699219,89888.09195963542,0.0036468880128381898,1.4028676350911458,1.013092041015625,290.4061279296875,293.8642578125,292.9611053466797,302.6558074951172,293.9573059082031,306.5079803466797,295.59873962402344,305.32037353515625,298.5673828125,300.53111267089844,299.0414276123047,299.6068115234375,298.29112243652344,298.8740692138672,297.371337890625,298.446533203125,-5.258381363735309e-18,-3.7608268027969764e-19,273.14874267578125,273.1512451171875,1.695312499999993,1.999999999999993,297.371337890625,299.001220703125,0.6492308974266052,0.6507720351219177,297.371337890625,298.824462890625,0.8800005316734314,0.8800005316734314,0,0,99.99998474121094,99.99998474121094,-7.3453647229951e-24,-7.3453647229951e-24,-7.345364920210326e-25,-7.345364920210326e-25,0,0,0,0,273.1591033935547,273.16090393066406,5.960464477535506e-08,0.00021710991859436032,0.1205596923828125,0.1472625732421875,0.15655517578125,0.1576080322265625,0.1865386962890625,0.1873779296875,0.269744873046875,0.270263671875,0.0997515618801117,0.09977380186319351,-620414,-86222.0,0,2541938,-348164,-189721.0,-462770,42784,-2,2823184,1282391.4375,1463883.0,-0.00016125570982694626,0.0,-6.004283204674721e-05,4.3245963752269745e-06,-0.00010293652303516865,2.651941031217575e-06,-6.45606778562069e-05,-1.7550773918628693e-05,-0.0005748383700847626,-3.4481287002563477e-05,4.2632222175598145e-05,4.564225673675537e-05,-2.3283064365386963e-10,4.656612873077393e-10,4.26173210144043e-05,4.382431507110596e-05,0.0,2.6971101760864258e-06,-0.0002480861730873585,-3.44766303896904e-05,-2.364990234375,0.29827880859375,-1.04327392578125,1.6964111328125,89539.26171875,90102.390625,0.0,0.0011915773153532427,1.40283203125,1.4036865234375,1.0130615234375,1.0137939453125
236,20200127,36.098799692342965,0.6872111923514339,1580083200000,292.25000953674316,296.28845532735187,297.55071512858075,298.32678095499676,298.91917483011883,299.1949272155762,298.5078932444255,297.9465738932292,-1.4892960931001798e-18,273.1499938964844,1.8886311848958262,298.072265625,0.6499792337417603,298.04541015625,0.8800005316734314,0,99.99998474121094,-7.3453647229951e-24,-7.345364920210326e-25,0,0,273.16006660461426,0.00015711660186449686,0.16236305236816406,0.15648333231608072,0.18624369303385416,0.2695000966389974,0.09971562912687659,-6398230,12014676,-5150809,-1846948,13340484,33191094,-0.00043942732736468315,-0.00024166610091924667,-0.0006969021633267403,-0.0011804793030023575,-0.0038750246167182922,0.0010214149951934814,4.656612873077393e-10,0.0010093599557876587,1.2055039405822754e-05,-0.002558472566306591,-0.3599618275960286,0.13771502176920572,89881.80973307292,0.0052926570176055066,1.4018961588541667,1.012359619140625,291.5799560546875,293.13560485839844,293.2007751464844,299.4380187988281,294.2135314941406,302.7062530517578,295.8072509765625,301.9757995605469,298.34364318847656,299.5545959472656,299.06932067871094,299.37158203125,298.3580627441406,298.69703674316406,297.639892578125,298.231689453125,-5.5836420154809604e-18,-1.0503213715832153e-19,273.1488952636719,273.1510314941406,1.718749999999993,1.999999999999993,297.639892578125,298.549072265625,0.6493605971336365,0.6507720351219177,297.639892578125,298.458251953125,0.8800005316734314,0.8800005316734314,0,0,99.99998474121094,99.99998474121094,-7.3453647229951e-24,-7.3453647229951e-24,-7.345364920210326e-25,-7.345364920210326e-25,0,0,0,0,273.1593780517578,273.1607360839844,2.4378299713134752e-05,0.0002171099185943603,0.1472930908203125,0.1819915771484375,0.1562652587890625,0.156646728515625,0.1859893798828125,0.1865234375,0.2692718505859375,0.2697296142578125,0.09971406683325768,0.0997515618801117,-634710,-99084.0,0,1943798,-259226,-142801.5,-356584,27052,-2,2157730,1290415.5,1458392.0,-9.030476212501526e-05,0.0,-5.831429734826088e-05,3.2348325476050377e-06,-0.00012316321954131126,3.4924596548080444e-07,-7.287971675395966e-05,-3.376603126525879e-05,-0.0004739910364151001,-3.9614737033843994e-05,4.157423973083496e-05,4.588812589645386e-05,0.0,4.656612873077393e-10,4.1544437408447266e-05,4.2572617530822754e-05,0.0,3.8780272006988525e-06,-0.0002538030967116356,-3.96212562918663e-05,-1.7080841064453125,0.6566162109375,-2.5204620361328125,1.3752899169921875,89595.73828125,90092.3828125,0.0,0.001522071659564972,1.40185546875,1.40283203125,1.0123291015625,1.0130615234375
237,20200128,36.098799692342965,0.6872111923514339,1580169600000,292.17474873860675,295.57573827107746,297.2375837961833,297.9171956380208,298.3425375620524,299.02074305216473,298.45320320129395,297.7290852864583,-5.65994663525441e-19,273.15008544921875,1.8859456380208262,297.8660888671875,0.649849534034729,297.834228515625,0.8800005316734314,0,99.99998474121094,-7.3453647229951e-24,-7.345364920210326e-25,0,0,273.1599547068278,0.00015368560949961343,0.1988073984781901,0.15765825907389322,0.18567848205566406,0.2690283457438151,0.0996927535161376,-6417096,12936292,-5264457,-2064924,14368796,32901155,-0.0005355598405003548,-0.0003016511909663677,-0.0006548929959535599,-0.0010739127174019814,-0.003736257553100586,0.0010040104389190674,0.0,0.000984005630016327,1.9997358322143555e-05,-0.0025660181418061256,0.03496360778808594,0.46357770760854083,89894.32210286458,0.007329198718139196,1.4010365804036458,1.0117441813151042,291.3926086425781,292.9904479980469,292.59002685546875,299.7982940673828,293.8310546875,303.25653076171875,295.34181213378906,301.9328918457031,297.61183166503906,299.17066955566406,298.87928771972656,299.2350311279297,298.28546142578125,298.6873016357422,297.338134765625,298.087158203125,-2.5749809868336856e-18,-8.385631347696402e-20,273.1492919921875,273.15087890625,1.707031249999993,1.999999999999993,297.338134765625,298.469970703125,0.6492461562156677,0.650413453578949,297.338134765625,298.352783203125,0.8800005316734314,0.8800005316734314,0,0,99.99998474121094,99.99998474121094,-7.3453647229951e-24,-7.3453647229951e-24,-7.345364920210326e-25,-7.345364920210326e-25,0,0,0,0,273.15928649902344,273.16094970703125,1.4454126358032203e-05,0.00021699070930480957,0.180511474609375,0.2246856689453125,0.156646728515625,0.1608123779296875,0.1854248046875,0.18597412109375,0.2688140869140625,0.269256591796875,0.09969182685017586,0.09971406683325768,-704052,-96270.0,0,2251038,-293299,-174516.5,-375928,46732,0,2500336,1315180.25,1453707.0,-0.0001386641524732113,0.0,-8.07461328804493e-05,2.554035745561123e-06,-0.00011898577213287354,4.759058356285095e-07,-5.7518016546964645e-05,-2.8582755476236343e-05,-0.0005253776907920837,-3.8392841815948486e-05,4.0665268898010254e-05,4.694610834121704e-05,-4.656612873077393e-10,2.3283064365386963e-10,4.050135612487793e-05,4.1507184505462646e-05,1.4901161193847656e-08,5.990266799926758e-06,-0.0002815299667418003,-3.8496218621730804e-05,-2.0221099853515625,1.2576904296875,-0.9709711074829102,1.3699226379394531,89626.77734375,90071.90234375,5.695223876500677e-06,0.0019019544124603271,1.4010009765625,1.40185546875,1.01171875,1.0123291015625
238,20200129,36.098799692342965,0.6872111923514339,1580256000000,292.02040990193683,295.4121945699056,297.7554060618083,298.31587409973145,298.34302520751953,298.9601179758708,298.5264377593994,297.6623128255208,-1.1303657783035935e-18,273.1500244140625,1.8368733723958262,297.9303792317708,0.649888277053833,297.8532409667969,0.8800005316734314,0,99.99998474121094,-7.3453647229951e-24,-7.345364920210326e-25,0,0,273.1600964864095,0.00017226114869117737,0.25108909606933594,0.17754427591959634,0.1851202646891276,0.2685546875,0.09965589409694076,-8098234,17422130,-5670120,-3150168,19346640,32750137,-0.0007164878770709038,-0.00040302565321326256,-0.0008130855858325958,-0.0013056593015789986,-0.004914790391921997,0.0010539591312408447,2.3283064365386963e-10,0.0009591877460479736,9.475648403167725e-05,-0.003238258883357048,0.3504187266031901,0.11697594324747722,89950.71695963542,0.025000502793773194,1.4000651041666667,1.011016845703125,291.1173858642578,293.21910095214844,292.5166320800781,299.9305114746094,293.95306396484375,303.7329864501953,295.4483642578125,302.4662322998047,297.20654296875,299.50242614746094,298.6929626464844,299.29612731933594,298.2368469238281,298.8810272216797,297.171142578125,298.106689453125,-5.963112775850887e-18,-1.7110070704415695e-19,273.1492919921875,273.1510009765625,1.653320312499993,1.999999999999993,297.171142578125,298.743408203125,0.6492308974266052,0.6506423354148865,297.171142578125,298.515869140625,0.8800005316734314,0.8800005316734314,0,0,99.99998474121094,99.99998474121094,-7.3453647229951e-24,-7.3453647229951e-24,-7.345364920210326e-25,-7.345364920210326e-25,0,0,0,0,273.1597595214844,273.16075134277344,1.1920928955078078e-05,0.00021687150001525873,0.2209014892578125,0.286163330078125,0.161376953125,0.215118408203125,0.1849212646484375,0.1854095458984375,0.2683258056640625,0.2687835693359375,0.09965433180332184,0.09969182685017586,-822582,-115014.0,0,2645514,-359775,-145150.375,-459190,47024,-2,2936396,1318221.0,1419611.0,-0.00016921618953347206,0.0,-9.822892025113106e-05,2.3925676941871643e-06,-0.00016290927305817604,0.0,-9.114574640989304e-05,-3.8977013900876045e-05,-0.000576462596654892,-4.5999884605407715e-05,4.024803638458252e-05,5.415081977844238e-05,0.0,2.3283064365386963e-10,3.9480626583099365e-05,4.046410322189331e-05,7.450580596923828e-09,1.4297664165496826e-05,-0.00032892776653170586,-4.599057137966156e-05,-0.9317474365234375,1.6318206787109375,-2.850250244140625,1.6253204345703125,89618.26171875,90119.4296875,3.2410025596618652e-06,0.0035011842846870422,1.4000244140625,1.4010009765625,1.010986328125,1.01171875
239,20200130,36.098799692342965,0.6872111923514339,1580342400000,291.8973553975423,296.393611907959,298.196782430013,298.6817817687988,298.66072909037274,298.9595947265625,298.62606557210285,297.84136962890625,-1.3285010742114562e-18,273.1499938964844,1.8324381510416596,298.1545003255208,0.6499741077423096,298.0688781738281,0.8800005316734314,0,99.99998474121094,-7.3453647229951e-24,-7.345364920210326e-25,0,0,273.1599858601888,0.00013384471337000528,0.2587483723958333,0.23586273193359375,0.1851959228515625,0.26807721455891925,0.09961839548001687,-9086462,19197670,-6598014,-2432176,21314676,32060214,-0.001380458939820528,-0.0006620390340685844,-0.00034233927726745605,-0.0012485850602388382,-0.00525471568107605,0.0009880363941192627,0.0,0.0009346306324005127,5.340576171875e-05,-0.003633420914411545,-0.2634400526682536,0.6373996337254842,89929.41031901042,0.012283018230561993,1.3990885416666667,1.010284423828125,291.1399688720703,293.2769470214844,292.62709045410156,301.33290100097656,293.9685821533203,304.97943115234375,295.6136932373047,303.1156768798828,297.33624267578125,300.0370178222656,298.6317443847656,299.3520050048828,298.2861785888672,299.03382873535156,297.198486328125,298.410400390625,-4.6078600602440064e-18,-9.656180768577852e-20,273.1494140625,273.15069580078125,1.658203124999993,1.999999999999993,297.198486328125,299.121337890625,0.6492308974266052,0.6510314345359802,297.198486328125,298.866455078125,0.8800005316734314,0.8800005316734314,0,0,99.99998474121094,99.99998474121094,-7.3453647229951e-24,-7.3453647229951e-24,-7.345364920210326e-25,-7.345364920210326e-25,0,0,0,0,273.15911865234375,273.16075134277344,3.5762786865229605e-07,0.00021675229072570795,0.236297607421875,0.2860260009765625,0.22021484375,0.243133544921875,0.1849365234375,0.1855926513671875,0.2678375244140625,0.2683258056640625,0.09961683303117752,0.09965433180332184,-946698,-117504.0,0,2850642,-362849,-179690.125,-384284,68192,0,3164504,1236361.0,1399724.0,-0.0002418127842247486,0.0,-0.00011145789176225662,5.766400136053562e-06,-0.00012553413398563862,1.687556505203247e-06,-6.688898429274559e-05,-2.4495180696249008e-05,-0.0006100013852119446,-4.698336124420166e-05,3.8564205169677734e-05,4.731118679046631e-05,0.0,0.0,3.844499588012695e-05,3.945082426071167e-05,0.0,7.867813110351562e-06,-0.0003785588778555393,-4.6986155211925507e-05,-1.4292325973510742,0.647125244140625,-1.8312969207763672,2.0777435302734375,89537.66796875,90176.66796875,1.519918441772461e-06,0.001817944645154057,1.3990478515625,1.4000244140625,1.01025390625,1.010986328125
